timestamp,bid_open,bid_high,bid_low,bid_close,ask_open,ask_high,ask_low,ask_close,volume
2026-09-24T23:00:00+00:00,13214.6,13215.1,13214.4,13214.8,13216.1,13216.6,13215.9,13216.3,29.0
2026-09-24T23:01:00+00:00,13214.9,13214.9,13214.3,13214.9,13216.4,13216.4,13215.7,13215.8,8.0
2026-09-24T23:02:00+00:00,13215.2,13215.3,13215.2,13215.2,13216.1,13216.2,13216.1,13216.1,3.0
2026-09-24T23:03:00+00:00,13215.3,13215.8,13215.3,13215.6,13216.2,13216.7,13216.2,13216.5,6.0
2026-09-24T23:04:00+00:00,13215.5,13215.7,13215.4,13215.7,13216.4,13216.6,13216.3,13216.6,5.0
2026-09-24T23:05:00+00:00,13215.8,13215.8,13215.6,13215.7,13216.7,13216.7,13216.5,13216.6,6.0
2026-09-24T23:06:00+00:00,13215.6,13215.7,13215.4,13215.4,13216.5,13216.6,13216.3,13216.3,10.0
2026-09-24T23:07:00+00:00,13215.5,13215.5,13215.4,13215.4,13216.4,13216.4,13216.3,13216.3,2.0
2026-09-24T23:08:00+00:00,13215.3,13215.3,13215.3,13215.3,13216.2,13216.2,13216.2,13216.2,1.0
2026-09-24T23:09:00+00:00,13215.2,13215.4,13215.2,13215.4,13216.1,13216.3,13216.1,13216.3,17.0
2026-09-24T23:10:00+00:00,13215.5,13215.5,13215.5,13215.5,13216.4,13216.4,13216.4,13216.4,1.0
2026-09-24T23:11:00+00:00,13215.3,13215.3,13214.8,13214.8,13216.2,13216.2,13215.7,13215.7,16.0
2026-09-24T23:12:00+00:00,13214.7,13214.7,13214.7,13214.7,13215.6,13215.6,13215.6,13215.6,1.0
2026-09-24T23:15:00+00:00,13214.6,13214.7,13214.4,13214.4,13215.5,13215.6,13215.3,13215.3,7.0
2026-09-24T23:16:00+00:00,13214.5,13214.9,13214.5,13214.8,13215.4,13215.8,13215.4,13215.7,5.0
2026-09-24T23:17:00+00:00,13214.7,13214.7,13214.1,13214.1,13215.6,13215.6,13215.0,13215.0,11.0
2026-09-24T23:18:00+00:00,13213.9,13213.9,13213.5,13213.5,13214.8,13214.8,13214.4,13214.4,3.0
2026-09-24T23:19:00+00:00,13213.6,13214.1,13213.6,13214.1,13214.5,13215.0,13214.5,13215.0,4.0
2026-09-24T23:20:00+00:00,13214.2,13215.0,13214.1,13214.9,13215.1,13215.9,13215.0,13215.8,11.0
2026-09-24T23:21:00+00:00,13215.0,13215.5,13215.0,13215.2,13215.9,13216.4,13215.9,13216.1,13.0
2026-09-24T23:22:00+00:00,13215.1,13215.1,13215.0,13215.0,13216.0,13216.0,13215.9,13215.9,2.0
2026-09-24T23:23:00+00:00,13215.1,13215.2,13215.0,13215.2,13216.0,13216.1,13215.9,13216.1,14.0
2026-09-24T23:24:00+00:00,13215.1,13215.1,13215.1,13215.1,13216.0,13216.0,13216.0,13216.0,1.0
2026-09-24T23:25:00+00:00,13215.0,13215.1,13214.5,13214.9,13215.9,13216.0,13215.4,13215.8,11.0
2026-09-24T23:26:00+00:00,13215.0,13215.0,13214.7,13214.9,13215.9,13215.9,13215.6,13215.8,6.0
2026-09-24T23:27:00+00:00,13214.8,13215.0,13214.8,13214.8,13215.7,13215.9,13215.7,13215.7,9.0
2026-09-24T23:28:00+00:00,13214.9,13215.1,13214.8,13215.1,13215.8,13216.0,13215.7,13216.0,5.0
2026-09-24T23:29:00+00:00,13215.0,13215.1,13214.9,13215.1,13215.9,13216.0,13215.8,13216.0,4.0
2026-09-24T23:30:00+00:00,13215.3,13215.3,13215.2,13215.2,13216.2,13216.2,13216.1,13216.1,4.0
2026-09-24T23:31:00+00:00,13215.3,13215.3,13214.3,13214.6,13216.2,13216.2,13215.2,13215.5,12.0
2026-09-24T23:32:00+00:00,13214.5,13214.6,13214.4,13214.6,13215.4,13215.5,13215.3,13215.5,20.0
2026-09-24T23:33:00+00:00,13214.5,13215.4,13214.5,13215.4,13215.4,13216.3,13215.4,13216.3,8.0
2026-09-24T23:34:00+00:00,13215.3,13215.6,13215.3,13215.4,13216.2,13216.5,13216.2,13216.3,12.0
2026-09-24T23:35:00+00:00,13215.5,13215.7,13215.4,13215.6,13216.4,13216.6,13216.3,13216.5,12.0
2026-09-24T23:36:00+00:00,13215.4,13216.4,13215.4,13216.2,13216.3,13217.3,13216.3,13217.1,17.0
2026-09-24T23:37:00+00:00,13216.1,13216.2,13215.9,13216.2,13217.0,13217.1,13216.8,13217.1,10.0
2026-09-24T23:38:00+00:00,13216.1,13216.1,13216.1,13216.1,13217.0,13217.0,13217.0,13217.0,1.0
2026-09-24T23:39:00+00:00,13216.9,13217.1,13216.2,13216.2,13217.8,13218.0,13217.1,13217.1,11.0
2026-09-24T23:40:00+00:00,13216.4,13216.6,13216.1,13216.2,13217.3,13217.5,13217.0,13217.1,10.0
2026-09-24T23:41:00+00:00,13216.1,13216.2,13214.8,13214.9,13217.0,13217.1,13215.7,13215.8,19.0
2026-09-24T23:42:00+00:00,13215.1,13215.1,13214.1,13214.3,13216.0,13216.0,13215.0,13215.2,21.0
2026-09-24T23:43:00+00:00,13214.4,13215.2,13214.4,13215.1,13215.3,13216.1,13215.3,13216.0,10.0
2026-09-24T23:44:00+00:00,13215.0,13215.0,13214.2,13214.3,13215.9,13215.9,13215.1,13215.2,15.0
2026-09-24T23:45:00+00:00,13214.2,13214.2,13214.0,13214.0,13215.1,13215.1,13214.9,13214.9,2.0
2026-09-24T23:46:00+00:00,13213.8,13214.0,13213.7,13213.9,13214.7,13214.9,13214.6,13214.8,19.0
2026-09-24T23:47:00+00:00,13214.0,13214.0,13213.6,13214.0,13214.9,13214.9,13214.5,13214.9,9.0
2026-09-24T23:48:00+00:00,13213.9,13214.0,13213.7,13213.9,13214.8,13214.9,13214.6,13214.8,18.0
2026-09-24T23:49:00+00:00,13213.8,13213.9,13212.9,13213.2,13214.7,13214.8,13214.1,13214.1,25.0
2026-09-24T23:50:00+00:00,13213.1,13213.4,13212.7,13213.0,13214.0,13216.2,13213.8,13216.2,30.0
2026-09-24T23:51:00+00:00,13212.9,13213.6,13212.8,13213.1,13216.1,13216.9,13214.0,13214.0,20.0
2026-09-24T23:52:00+00:00,13212.9,13213.8,13212.9,13213.8,13213.8,13214.7,13213.8,13214.7,11.0
2026-09-24T23:53:00+00:00,13213.7,13213.7,13212.8,13212.8,13214.6,13214.6,13213.7,13213.7,11.0
2026-09-24T23:54:00+00:00,13212.7,13212.8,13212.3,13212.8,13213.6,13214.1,13213.4,13213.7,8.0
2026-09-24T23:55:00+00:00,13212.6,13212.6,13211.6,13211.6,13213.5,13213.5,13212.5,13212.5,17.0
2026-09-24T23:56:00+00:00,13211.7,13211.9,13211.7,13211.9,13212.6,13212.8,13212.6,13212.8,5.0
2026-09-24T23:57:00+00:00,13211.8,13211.8,13210.8,13210.8,13212.7,13212.7,13211.7,13211.7,19.0
2026-09-24T23:58:00+00:00,13210.7,13210.7,13209.8,13209.8,13211.6,13211.6,13210.7,13210.7,19.0
2026-09-24T23:59:00+00:00,13210.0,13210.0,13209.2,13209.3,13210.9,13210.9,13210.1,13210.2,29.0
2026-09-25T00:00:00+00:00,13209.4,13210.2,13209.2,13210.1,13210.3,13211.1,13210.1,13211.0,57.0
2026-09-25T00:01:00+00:00,13210.2,13211.3,13210.2,13210.9,13211.1,13212.2,13211.1,13211.8,44.0
2026-09-25T00:02:00+00:00,13211.0,13211.5,13210.9,13211.3,13211.9,13212.4,13211.8,13212.2,33.0
2026-09-25T00:03:00+00:00,13211.2,13212.8,13211.0,13212.7,13212.1,13213.7,13211.9,13213.6,61.0
2026-09-25T00:04:00+00:00,13212.6,13213.1,13212.4,13212.7,13213.5,13214.0,13213.3,13213.6,52.0
2026-09-25T00:05:00+00:00,13212.4,13212.5,13211.2,13211.6,13213.3,13213.4,13212.1,13212.5,37.0
2026-09-25T00:06:00+00:00,13211.5,13211.9,13211.1,13211.5,13212.4,13212.8,13212.0,13212.4,51.0
2026-09-25T00:07:00+00:00,13211.3,13212.1,13211.0,13211.9,13212.2,13213.0,13211.9,13212.8,44.0
2026-09-25T00:08:00+00:00,13211.8,13213.0,13211.2,13213.0,13212.7,13213.9,13212.1,13213.9,31.0
2026-09-25T00:09:00+00:00,13212.9,13213.2,13212.4,13212.4,13213.8,13214.1,13213.3,13213.3,24.0
2026-09-25T00:10:00+00:00,13212.2,13212.3,13211.0,13211.1,13213.1,13213.2,13211.9,13212.0,21.0
2026-09-25T00:11:00+00:00,13211.2,13211.8,13211.1,13211.1,13212.1,13212.7,13212.0,13212.0,35.0
2026-09-25T00:12:00+00:00,13211.2,13211.2,13210.8,13210.9,13212.1,13212.1,13211.7,13211.8,16.0
2026-09-25T00:13:00+00:00,13210.8,13211.4,13210.7,13211.3,13211.7,13212.3,13211.6,13212.2,16.0
2026-09-25T00:14:00+00:00,13211.2,13211.3,13210.0,13210.3,13212.1,13212.2,13210.9,13211.2,25.0
2026-09-25T00:15:00+00:00,13210.2,13210.6,13209.6,13210.6,13211.1,13211.5,13210.5,13211.5,36.0
2026-09-25T00:16:00+00:00,13210.8,13211.1,13210.4,13211.1,13211.7,13212.0,13211.3,13212.0,26.0
2026-09-25T00:17:00+00:00,13210.9,13211.6,13210.2,13210.6,13211.8,13212.5,13211.1,13211.5,36.0
2026-09-25T00:18:00+00:00,13210.4,13210.6,13209.8,13209.9,13211.3,13211.5,13210.7,13210.8,31.0
2026-09-25T00:19:00+00:00,13210.0,13210.0,13209.5,13209.5,13210.9,13210.9,13210.4,13210.4,16.0
2026-09-25T00:20:00+00:00,13209.7,13209.8,13209.3,13209.7,13210.6,13210.7,13210.2,13210.6,24.0
2026-09-25T00:21:00+00:00,13209.6,13210.5,13209.5,13209.5,13210.5,13211.4,13210.4,13210.4,29.0
2026-09-25T00:22:00+00:00,13209.0,13209.7,13209.0,13209.5,13209.9,13210.6,13209.9,13210.4,14.0
2026-09-25T00:23:00+00:00,13209.6,13211.1,13209.6,13210.6,13210.5,13212.0,13210.5,13211.5,28.0
2026-09-25T00:24:00+00:00,13210.5,13210.7,13209.5,13209.7,13211.4,13211.6,13210.4,13210.6,37.0
2026-09-25T00:25:00+00:00,13209.8,13210.3,13209.3,13210.3,13210.7,13211.2,13210.2,13211.2,26.0
2026-09-25T00:26:00+00:00,13210.4,13211.1,13210.3,13211.1,13211.3,13212.0,13211.2,13212.0,12.0
2026-09-25T00:27:00+00:00,13211.2,13212.3,13211.2,13211.5,13212.1,13213.2,13212.1,13212.4,40.0
2026-09-25T00:28:00+00:00,13211.4,13212.0,13211.4,13211.4,13212.3,13212.9,13212.3,13212.3,32.0
2026-09-25T00:29:00+00:00,13211.5,13212.1,13211.3,13211.4,13212.4,13213.0,13212.2,13212.3,23.0
2026-09-25T00:30:00+00:00,13211.1,13211.1,13210.4,13211.0,13212.0,13212.0,13211.3,13211.9,28.0
2026-09-25T00:31:00+00:00,13211.1,13211.5,13211.1,13211.4,13212.0,13212.4,13212.0,13212.3,11.0
2026-09-25T00:32:00+00:00,13211.5,13211.5,13210.0,13210.4,13212.4,13212.4,13210.9,13211.3,35.0
2026-09-25T00:33:00+00:00,13210.3,13210.9,13210.3,13210.6,13211.2,13211.8,13211.2,13211.5,27.0
2026-09-25T00:34:00+00:00,13210.7,13210.7,13210.4,13210.5,13211.6,13211.6,13211.3,13211.4,29.0
2026-09-25T00:35:00+00:00,13210.7,13211.0,13210.6,13210.8,13211.6,13211.9,13211.5,13211.7,23.0
2026-09-25T00:36:00+00:00,13210.9,13210.9,13210.0,13210.2,13211.8,13211.8,13210.9,13211.1,15.0
2026-09-25T00:37:00+00:00,13210.3,13210.3,13209.7,13209.8,13211.2,13211.2,13210.6,13210.7,26.0
2026-09-25T00:38:00+00:00,13209.9,13210.3,13209.4,13209.5,13210.8,13211.2,13210.3,13210.4,25.0
2026-09-25T00:39:00+00:00,13209.6,13210.3,13209.4,13209.9,13210.5,13211.2,13210.3,13210.8,30.0
2026-09-25T00:40:00+00:00,13210.0,13210.7,13210.0,13210.4,13210.9,13211.6,13210.9,13211.3,16.0
2026-09-25T00:41:00+00:00,13210.3,13210.8,13210.2,13210.6,13211.2,13211.7,13211.1,13211.5,24.0
2026-09-25T00:42:00+00:00,13210.7,13211.4,13210.4,13211.4,13211.6,13212.3,13211.3,13212.3,17.0
2026-09-25T00:43:00+00:00,13211.1,13211.4,13210.4,13210.6,13212.0,13212.3,13211.3,13211.5,11.0
2026-09-25T00:44:00+00:00,13210.7,13210.8,13210.4,13210.8,13211.6,13211.7,13211.3,13211.7,19.0
2026-09-25T00:45:00+00:00,13211.0,13211.2,13210.5,13210.9,13211.9,13212.1,13211.4,13211.8,35.0
2026-09-25T00:46:00+00:00,13211.0,13211.0,13210.4,13210.4,13211.9,13211.9,13211.3,13211.3,8.0
2026-09-25T00:47:00+00:00,13210.7,13210.7,13209.4,13209.4,13211.6,13211.6,13210.3,13210.3,28.0
2026-09-25T00:48:00+00:00,13209.5,13210.3,13209.4,13209.8,13210.4,13211.2,13210.3,13210.7,23.0
2026-09-25T00:49:00+00:00,13209.7,13210.5,13209.7,13210.4,13210.6,13211.4,13210.6,13211.3,31.0
2026-09-25T00:50:00+00:00,13210.5,13211.5,13210.4,13211.4,13211.4,13212.4,13211.3,13212.3,13.0
2026-09-25T00:51:00+00:00,13211.2,13211.8,13211.0,13211.0,13212.1,13212.7,13211.9,13211.9,23.0
2026-09-25T00:52:00+00:00,13211.1,13211.8,13211.0,13211.7,13212.0,13212.7,13211.9,13212.6,26.0
2026-09-25T00:53:00+00:00,13211.8,13212.0,13211.0,13211.8,13212.7,13212.9,13211.9,13212.7,44.0
2026-09-25T00:54:00+00:00,13211.7,13212.8,13211.6,13212.5,13212.6,13213.7,13212.5,13213.4,42.0
2026-09-25T00:55:00+00:00,13212.3,13212.8,13211.7,13212.7,13213.2,13213.7,13212.6,13213.6,31.0
2026-09-25T00:56:00+00:00,13212.8,13213.4,13212.7,13213.4,13213.7,13214.3,13213.6,13214.3,15.0
2026-09-25T00:57:00+00:00,13213.7,13214.8,13213.7,13214.8,13214.6,13215.7,13214.6,13215.7,31.0
2026-09-25T00:58:00+00:00,13214.7,13215.1,13214.2,13214.8,13215.6,13216.0,13215.1,13215.7,36.0
2026-09-25T00:59:00+00:00,13215.0,13215.1,13213.8,13213.8,13215.9,13216.0,13214.7,13214.7,18.0
2026-09-25T01:00:00+00:00,13213.9,13214.5,13213.2,13213.9,13214.8,13215.4,13214.1,13214.8,46.0
2026-09-25T01:01:00+00:00,13213.8,13214.7,13213.5,13214.2,13214.7,13215.6,13214.4,13215.1,14.0
2026-09-25T01:02:00+00:00,13214.3,13214.7,13213.9,13213.9,13215.2,13215.6,13214.8,13214.8,20.0
2026-09-25T01:03:00+00:00,13213.8,13215.5,13213.8,13215.3,13214.7,13216.4,13214.7,13216.2,28.0
2026-09-25T01:04:00+00:00,13215.5,13216.9,13215.4,13216.7,13216.4,13217.8,13216.3,13217.6,29.0
2026-09-25T01:05:00+00:00,13216.2,13217.4,13215.7,13216.9,13217.1,13218.3,13216.6,13217.8,51.0
2026-09-25T01:06:00+00:00,13217.0,13217.8,13216.9,13217.5,13217.9,13218.7,13217.8,13218.4,34.0
2026-09-25T01:07:00+00:00,13217.6,13218.3,13217.1,13218.1,13218.5,13219.2,13218.0,13219.0,38.0
2026-09-25T01:08:00+00:00,13218.2,13218.6,13217.7,13218.1,13219.1,13219.5,13218.6,13219.0,21.0
2026-09-25T01:09:00+00:00,13217.9,13218.8,13217.8,13218.7,13218.8,13219.7,13218.7,13219.6,21.0
2026-09-25T01:10:00+00:00,13218.8,13219.9,13218.3,13219.5,13219.7,13220.8,13219.2,13220.4,44.0
2026-09-25T01:11:00+00:00,13219.6,13221.5,13219.4,13221.5,13220.5,13222.4,13220.3,13222.4,50.0
2026-09-25T01:12:00+00:00,13221.4,13221.4,13220.0,13220.2,13222.3,13222.3,13220.9,13221.1,44.0
2026-09-25T01:13:00+00:00,13220.1,13222.3,13220.1,13222.2,13221.0,13223.2,13221.0,13223.1,22.0
2026-09-25T01:14:00+00:00,13222.3,13223.5,13222.3,13222.9,13223.2,13224.4,13223.2,13223.8,58.0
2026-09-25T01:15:00+00:00,13222.8,13223.0,13222.4,13222.7,13223.7,13223.9,13223.3,13223.6,37.0
2026-09-25T01:16:00+00:00,13222.8,13223.0,13221.3,13221.8,13223.7,13223.9,13222.2,13222.7,26.0
2026-09-25T01:17:00+00:00,13221.9,13222.9,13221.7,13221.9,13222.8,13223.8,13222.6,13222.8,34.0
2026-09-25T01:18:00+00:00,13221.8,13221.9,13220.5,13220.7,13222.7,13222.8,13221.4,13221.6,29.0
2026-09-25T01:19:00+00:00,13219.9,13220.1,13219.2,13219.2,13220.8,13221.0,13220.1,13220.1,50.0
2026-09-25T01:20:00+00:00,13218.9,13220.3,13218.9,13220.1,13219.8,13221.2,13219.8,13221.0,55.0
2026-09-25T01:21:00+00:00,13220.2,13220.5,13219.6,13220.5,13221.1,13221.4,13220.5,13221.4,37.0
2026-09-25T01:22:00+00:00,13220.6,13221.5,13220.6,13221.1,13221.5,13222.4,13221.5,13222.0,27.0
2026-09-25T01:23:00+00:00,13220.9,13220.9,13220.5,13220.6,13221.8,13221.8,13221.4,13221.5,13.0
2026-09-25T01:24:00+00:00,13220.7,13220.7,13219.8,13219.9,13221.6,13221.6,13220.7,13220.8,17.0
2026-09-25T01:25:00+00:00,13219.8,13219.9,13218.9,13218.9,13220.7,13220.8,13219.8,13219.8,24.0
2026-09-25T01:26:00+00:00,13218.7,13219.1,13218.5,13219.0,13219.6,13220.0,13219.4,13219.9,16.0
2026-09-25T01:27:00+00:00,13218.9,13219.5,13218.8,13219.4,13219.8,13220.4,13219.7,13220.3,23.0
2026-09-25T01:28:00+00:00,13219.3,13219.4,13217.6,13217.6,13220.2,13220.3,13218.5,13218.5,44.0
2026-09-25T01:29:00+00:00,13217.8,13217.9,13217.0,13217.4,13218.7,13218.8,13217.9,13218.3,42.0
2026-09-25T01:30:00+00:00,13217.6,13217.6,13215.6,13215.8,13218.5,13218.5,13216.5,13216.7,51.0
2026-09-25T01:31:00+00:00,13215.7,13216.4,13215.0,13216.4,13216.6,13217.3,13215.9,13217.3,43.0
2026-09-25T01:32:00+00:00,13216.3,13216.7,13215.6,13215.8,13217.2,13217.6,13216.5,13216.7,21.0
2026-09-25T01:33:00+00:00,13215.9,13215.9,13215.2,13215.5,13216.8,13216.8,13216.1,13216.4,27.0
2026-09-25T01:34:00+00:00,13215.3,13215.3,13215.0,13215.1,13216.2,13216.2,13215.9,13216.0,16.0
2026-09-25T01:35:00+00:00,13214.8,13216.8,13214.7,13216.8,13215.7,13217.7,13215.6,13217.7,25.0
2026-09-25T01:36:00+00:00,13216.6,13216.9,13216.6,13216.6,13217.5,13217.8,13217.5,13217.5,21.0
2026-09-25T01:37:00+00:00,13216.7,13217.2,13216.7,13217.2,13217.6,13218.1,13217.6,13218.1,20.0
2026-09-25T01:38:00+00:00,13217.3,13218.0,13217.3,13217.9,13218.2,13218.9,13218.2,13218.8,27.0
2026-09-25T01:39:00+00:00,13218.0,13218.2,13217.3,13217.8,13218.9,13219.1,13218.2,13218.7,30.0
2026-09-25T01:40:00+00:00,13217.7,13217.7,13216.6,13216.8,13218.6,13218.6,13217.5,13217.7,23.0
2026-09-25T01:41:00+00:00,13216.7,13216.9,13216.6,13216.9,13217.6,13217.8,13217.5,13217.8,22.0
2026-09-25T01:42:00+00:00,13217.0,13217.0,13216.4,13216.6,13217.9,13217.9,13217.3,13217.5,20.0
2026-09-25T01:43:00+00:00,13216.5,13216.9,13216.5,13216.9,13217.4,13217.8,13217.4,13217.8,19.0
2026-09-25T01:44:00+00:00,13216.8,13216.8,13214.8,13214.8,13217.7,13217.7,13215.7,13215.7,42.0
2026-09-25T01:45:00+00:00,13214.9,13214.9,13214.3,13214.4,13215.8,13215.8,13215.2,13215.3,26.0
2026-09-25T01:46:00+00:00,13214.5,13214.6,13213.2,13213.3,13215.4,13215.5,13214.1,13214.2,25.0
2026-09-25T01:47:00+00:00,13213.4,13214.3,13213.1,13214.3,13214.3,13215.2,13214.0,13215.2,16.0
2026-09-25T01:48:00+00:00,13214.1,13214.3,13213.9,13214.1,13215.0,13215.2,13214.8,13215.0,27.0
2026-09-25T01:49:00+00:00,13214.0,13214.5,13214.0,13214.5,13214.9,13215.4,13214.9,13215.4,24.0
2026-09-25T01:50:00+00:00,13214.4,13214.5,13214.1,13214.3,13215.3,13215.4,13215.0,13215.2,21.0
2026-09-25T01:51:00+00:00,13214.2,13214.2,13213.4,13213.5,13215.1,13215.1,13214.3,13214.4,32.0
2026-09-25T01:52:00+00:00,13213.9,13214.0,13213.6,13213.9,13214.8,13214.9,13214.5,13214.8,34.0
2026-09-25T01:53:00+00:00,13213.8,13214.3,13213.8,13214.2,13214.7,13215.2,13214.7,13215.1,21.0
2026-09-25T01:54:00+00:00,13214.4,13214.4,13213.9,13214.0,13215.3,13215.3,13214.8,13214.9,22.0
2026-09-25T01:55:00+00:00,13214.1,13214.2,13213.8,13214.0,13215.0,13215.1,13214.7,13214.9,21.0
2026-09-25T01:56:00+00:00,13213.9,13213.9,13212.9,13213.1,13214.8,13214.8,13213.8,13214.0,15.0
2026-09-25T01:57:00+00:00,13213.0,13213.4,13212.9,13213.4,13213.9,13214.3,13213.8,13214.3,23.0
2026-09-25T01:58:00+00:00,13213.5,13214.1,13213.4,13214.1,13214.4,13215.0,13214.3,13215.0,25.0
2026-09-25T01:59:00+00:00,13214.3,13215.0,13214.2,13214.8,13215.2,13215.9,13215.1,13215.7,21.0
2026-09-25T02:00:00+00:00,13214.7,13215.3,13214.6,13214.9,13215.6,13216.2,13215.5,13215.8,27.0
2026-09-25T02:01:00+00:00,13214.6,13215.2,13214.6,13214.6,13215.5,13216.1,13215.5,13215.5,18.0
2026-09-25T02:02:00+00:00,13214.7,13215.1,13214.7,13214.8,13215.6,13216.0,13215.6,13215.7,21.0
2026-09-25T02:03:00+00:00,13214.7,13215.6,13214.6,13215.6,13215.6,13216.5,13215.5,13216.5,25.0
2026-09-25T02:04:00+00:00,13215.5,13215.6,13214.4,13214.4,13216.4,13216.5,13215.3,13215.3,27.0
2026-09-25T02:05:00+00:00,13214.6,13216.1,13214.1,13215.8,13215.5,13217.0,13215.0,13216.7,40.0
2026-09-25T02:06:00+00:00,13216.1,13217.7,13215.5,13217.2,13217.0,13219.1,13216.4,13218.1,70.0
2026-09-25T02:07:00+00:00,13217.4,13218.9,13217.4,13218.4,13218.9,13219.8,13218.7,13219.3,61.0
2026-09-25T02:08:00+00:00,13218.3,13218.5,13217.7,13218.2,13219.2,13219.6,13218.6,13219.1,43.0
2026-09-25T02:09:00+00:00,13218.3,13218.9,13218.2,13218.2,13219.2,13219.8,13219.1,13219.1,22.0
2026-09-25T02:10:00+00:00,13218.1,13218.8,13217.4,13217.4,13219.0,13219.7,13218.3,13218.3,30.0
2026-09-25T02:11:00+00:00,13217.3,13217.4,13216.3,13217.3,13218.2,13218.3,13217.2,13218.2,29.0
2026-09-25T02:12:00+00:00,13217.5,13217.9,13217.2,13217.3,13218.4,13218.8,13218.1,13218.2,21.0
2026-09-25T02:13:00+00:00,13217.2,13217.4,13216.4,13216.6,13218.1,13218.3,13217.3,13217.5,37.0
2026-09-25T02:14:00+00:00,13216.7,13217.5,13216.6,13217.3,13217.6,13218.4,13217.5,13218.2,39.0
2026-09-25T02:15:00+00:00,13217.4,13217.5,13216.2,13216.3,13218.3,13218.4,13217.1,13217.2,19.0
2026-09-25T02:16:00+00:00,13216.2,13216.4,13215.6,13215.9,13217.1,13217.3,13216.5,13216.8,27.0
2026-09-25T02:17:00+00:00,13215.6,13216.5,13215.4,13216.5,13216.5,13217.4,13216.3,13217.4,16.0
2026-09-25T02:18:00+00:00,13216.4,13217.4,13216.4,13217.4,13217.3,13218.3,13217.3,13218.3,12.0
2026-09-25T02:19:00+00:00,13217.3,13217.4,13217.1,13217.2,13218.2,13218.3,13218.0,13218.1,24.0
2026-09-25T02:20:00+00:00,13217.1,13217.2,13216.7,13217.0,13218.0,13218.1,13217.6,13217.9,18.0
2026-09-25T02:21:00+00:00,13216.9,13217.3,13216.4,13217.3,13217.8,13218.2,13217.3,13218.2,32.0
2026-09-25T02:22:00+00:00,13217.2,13219.2,13217.2,13218.9,13218.1,13220.1,13218.1,13219.8,32.0
2026-09-25T02:23:00+00:00,13218.8,13218.8,13217.2,13217.2,13219.7,13219.7,13218.1,13218.1,15.0
2026-09-25T02:24:00+00:00,13217.1,13217.5,13217.1,13217.3,13218.0,13218.4,13218.0,13218.2,21.0
2026-09-25T02:25:00+00:00,13217.2,13217.2,13216.8,13216.9,13218.1,13218.1,13217.7,13217.8,34.0
2026-09-25T02:26:00+00:00,13217.0,13217.0,13216.3,13216.5,13217.9,13217.9,13217.2,13217.4,19.0
2026-09-25T02:27:00+00:00,13216.6,13216.6,13216.2,13216.3,13217.5,13217.5,13217.1,13217.2,20.0
2026-09-25T02:28:00+00:00,13216.4,13218.1,13216.4,13217.8,13217.3,13219.0,13217.3,13218.7,25.0
2026-09-25T02:29:00+00:00,13217.7,13218.2,13217.2,13217.2,13218.6,13219.1,13218.1,13218.1,29.0
2026-09-25T02:30:00+00:00,13217.3,13217.4,13217.0,13217.3,13218.2,13218.3,13217.9,13218.2,15.0
2026-09-25T02:31:00+00:00,13217.1,13217.2,13216.9,13217.1,13218.0,13218.1,13217.8,13218.0,20.0
2026-09-25T02:32:00+00:00,13217.3,13217.4,13217.1,13217.3,13218.2,13218.3,13218.0,13218.2,13.0
2026-09-25T02:33:00+00:00,13217.4,13217.9,13217.2,13217.2,13218.3,13218.8,13218.1,13218.1,8.0
2026-09-25T02:34:00+00:00,13217.1,13217.2,13216.8,13217.1,13218.0,13218.1,13217.7,13218.0,12.0
2026-09-25T02:35:00+00:00,13217.0,13217.0,13215.9,13216.0,13217.9,13217.9,13216.8,13216.9,22.0
2026-09-25T02:36:00+00:00,13215.9,13216.0,13215.2,13215.5,13216.8,13216.9,13216.1,13216.4,29.0
2026-09-25T02:37:00+00:00,13215.1,13215.1,13214.6,13214.9,13216.0,13216.0,13215.5,13215.8,27.0
2026-09-25T02:38:00+00:00,13214.8,13215.1,13214.6,13215.0,13215.7,13216.0,13215.5,13215.9,25.0
2026-09-25T02:39:00+00:00,13215.3,13215.5,13214.9,13214.9,13216.2,13216.4,13215.8,13215.8,16.0
2026-09-25T02:40:00+00:00,13215.1,13215.1,13214.0,13214.1,13216.0,13216.0,13214.9,13215.0,24.0
2026-09-25T02:41:00+00:00,13214.0,13215.1,13214.0,13215.1,13214.9,13216.0,13214.9,13216.0,22.0
2026-09-25T02:42:00+00:00,13215.2,13215.8,13215.2,13215.8,13216.1,13216.7,13216.1,13216.7,9.0
2026-09-25T02:43:00+00:00,13215.9,13217.1,13215.8,13217.1,13216.8,13218.0,13216.7,13218.0,37.0
2026-09-25T02:44:00+00:00,13217.0,13217.1,13216.8,13217.0,13217.9,13218.0,13217.7,13217.9,21.0
2026-09-25T02:45:00+00:00,13216.9,13216.9,13216.6,13216.6,13217.8,13217.8,13217.5,13217.5,2.0
2026-09-25T02:46:00+00:00,13216.5,13216.5,13214.8,13214.8,13217.4,13217.4,13215.7,13215.7,22.0
2026-09-25T02:47:00+00:00,13214.9,13214.9,13214.5,13214.7,13215.8,13215.8,13215.4,13215.6,12.0
2026-09-25T02:48:00+00:00,13214.6,13215.5,13214.5,13214.9,13215.5,13216.4,13215.4,13215.8,13.0
2026-09-25T02:49:00+00:00,13214.8,13214.9,13214.4,13214.4,13215.7,13215.8,13215.3,13215.3,18.0
2026-09-25T02:50:00+00:00,13214.1,13214.6,13214.0,13214.2,13215.0,13215.5,13214.9,13215.1,18.0
2026-09-25T02:51:00+00:00,13214.1,13214.1,13213.0,13213.1,13215.0,13215.0,13213.9,13214.0,26.0
2026-09-25T02:52:00+00:00,13213.0,13213.1,13212.6,13212.8,13213.9,13214.0,13213.5,13213.7,15.0
2026-09-25T02:53:00+00:00,13212.7,13213.0,13212.7,13212.8,13213.6,13213.9,13213.6,13213.7,18.0
2026-09-25T02:54:00+00:00,13212.9,13213.0,13212.8,13213.0,13213.8,13213.9,13213.7,13213.9,16.0
2026-09-25T02:55:00+00:00,13213.1,13213.1,13213.0,13213.0,13214.0,13214.0,13213.9,13213.9,2.0
2026-09-25T02:56:00+00:00,13213.1,13213.2,13213.0,13213.0,13214.0,13214.1,13213.9,13213.9,16.0
2026-09-25T02:57:00+00:00,13212.1,13213.0,13212.1,13212.8,13213.0,13213.9,13213.0,13213.7,20.0
2026-09-25T02:58:00+00:00,13212.9,13213.0,13212.7,13212.8,13213.8,13213.9,13213.6,13213.7,22.0
2026-09-25T02:59:00+00:00,13212.6,13213.0,13212.6,13212.9,13213.5,13213.9,13213.5,13213.8,9.0
2026-09-25T03:00:00+00:00,13213.0,13213.3,13212.3,13212.3,13213.9,13214.2,13213.2,13213.2,34.0
2026-09-25T03:01:00+00:00,13212.4,13212.5,13211.4,13211.4,13213.3,13213.4,13212.3,13212.3,32.0
2026-09-25T03:02:00+00:00,13211.5,13211.5,13211.3,13211.3,13212.4,13212.4,13212.2,13212.2,9.0
2026-09-25T03:03:00+00:00,13211.4,13211.5,13211.4,13211.4,13212.3,13212.4,13212.3,13212.3,3.0
2026-09-25T03:04:00+00:00,13211.5,13212.6,13211.4,13212.6,13212.4,13213.5,13212.3,13213.5,10.0
2026-09-25T03:05:00+00:00,13212.7,13214.3,13212.7,13213.5,13213.6,13215.2,13213.6,13214.4,26.0
2026-09-25T03:06:00+00:00,13213.3,13213.6,13212.4,13213.0,13214.2,13214.5,13213.3,13213.9,26.0
2026-09-25T03:07:00+00:00,13213.3,13213.4,13212.8,13213.4,13214.2,13214.3,13213.7,13214.3,36.0
2026-09-25T03:08:00+00:00,13213.3,13213.4,13212.9,13212.9,13214.2,13214.3,13213.8,13213.8,25.0
2026-09-25T03:09:00+00:00,13213.0,13213.0,13212.3,13212.6,13213.9,13213.9,13213.2,13213.5,14.0
2026-09-25T03:10:00+00:00,13212.5,13212.5,13212.3,13212.4,13213.4,13213.4,13213.2,13213.3,16.0
2026-09-25T03:11:00+00:00,13212.3,13212.3,13211.5,13211.6,13213.2,13213.2,13212.4,13212.5,6.0
2026-09-25T03:12:00+00:00,13211.7,13212.3,13211.5,13211.9,13212.6,13213.2,13212.4,13212.8,23.0
2026-09-25T03:13:00+00:00,13211.8,13211.9,13211.4,13211.5,13212.7,13212.8,13212.3,13212.4,7.0
2026-09-25T03:14:00+00:00,13211.4,13211.5,13211.0,13211.0,13212.3,13212.4,13211.9,13211.9,9.0
2026-09-25T03:15:00+00:00,13211.1,13212.0,13211.0,13211.7,13212.0,13212.9,13211.9,13212.6,19.0
2026-09-25T03:16:00+00:00,13211.6,13212.3,13211.5,13211.6,13212.5,13213.2,13212.4,13212.5,13.0
2026-09-25T03:17:00+00:00,13211.5,13211.7,13211.4,13211.5,13212.4,13212.6,13212.3,13212.4,8.0
2026-09-25T03:18:00+00:00,13211.4,13211.6,13211.4,13211.5,13212.3,13212.5,13212.3,13212.4,4.0
2026-09-25T03:19:00+00:00,13211.6,13212.0,13211.4,13211.7,13212.5,13212.9,13212.3,13212.6,21.0
2026-09-25T03:20:00+00:00,13211.9,13212.4,13211.9,13212.4,13212.8,13213.3,13212.8,13213.3,15.0
2026-09-25T03:21:00+00:00,13212.3,13213.4,13212.3,13212.6,13213.2,13214.3,13213.2,13213.5,19.0
2026-09-25T03:22:00+00:00,13212.5,13213.1,13212.4,13212.5,13213.4,13214.0,13213.3,13213.4,47.0
2026-09-25T03:23:00+00:00,13212.4,13212.6,13212.4,13212.4,13213.3,13213.5,13213.3,13213.3,9.0
2026-09-25T03:24:00+00:00,13212.5,13212.5,13212.3,13212.4,13213.4,13213.4,13213.2,13213.3,4.0
2026-09-25T03:25:00+00:00,13212.3,13212.4,13212.2,13212.2,13213.2,13213.3,13213.1,13213.1,10.0
2026-09-25T03:26:00+00:00,13212.3,13212.5,13212.2,13212.2,13213.2,13213.4,13213.1,13213.1,13.0
2026-09-25T03:27:00+00:00,13212.4,13212.4,13212.2,13212.2,13213.3,13213.3,13213.1,13213.1,8.0
2026-09-25T03:28:00+00:00,13212.0,13212.0,13211.2,13211.4,13212.9,13212.9,13212.1,13212.3,24.0
2026-09-25T03:29:00+00:00,13211.3,13211.5,13211.2,13211.3,13212.2,13212.4,13212.1,13212.2,32.0
2026-09-25T03:30:00+00:00,13211.4,13211.4,13210.4,13210.4,13212.3,13212.3,13211.3,13211.3,13.0
2026-09-25T03:31:00+00:00,13210.5,13211.3,13210.5,13211.2,13211.4,13212.2,13211.4,13212.1,29.0
2026-09-25T03:32:00+00:00,13211.1,13211.2,13211.0,13211.1,13212.0,13212.1,13211.9,13212.0,4.0
2026-09-25T03:33:00+00:00,13211.2,13212.0,13211.1,13211.6,13212.1,13212.9,13212.0,13212.5,32.0
2026-09-25T03:34:00+00:00,13211.7,13212.2,13211.6,13211.7,13212.6,13213.1,13212.5,13212.6,31.0
2026-09-25T03:35:00+00:00,13211.8,13211.8,13211.4,13211.6,13212.7,13212.7,13212.3,13212.5,22.0
2026-09-25T03:36:00+00:00,13211.7,13212.2,13211.1,13211.2,13212.6,13213.1,13212.0,13212.1,15.0
2026-09-25T03:37:00+00:00,13211.1,13211.4,13211.1,13211.4,13212.0,13212.3,13212.0,13212.3,7.0
2026-09-25T03:38:00+00:00,13211.3,13212.2,13211.3,13211.8,13212.2,13213.1,13212.2,13212.7,23.0
2026-09-25T03:39:00+00:00,13211.7,13212.1,13211.5,13211.8,13212.6,13213.0,13212.4,13212.7,40.0
2026-09-25T03:40:00+00:00,13211.9,13212.1,13211.4,13212.1,13212.8,13213.0,13212.3,13213.0,22.0
2026-09-25T03:41:00+00:00,13212.0,13212.2,13211.1,13211.2,13212.9,13213.1,13212.0,13212.1,18.0
2026-09-25T03:42:00+00:00,13211.5,13211.5,13211.2,13211.4,13212.4,13212.4,13212.1,13212.3,10.0
2026-09-25T03:43:00+00:00,13211.3,13211.4,13211.3,13211.4,13212.2,13212.3,13212.2,13212.3,2.0
2026-09-25T03:44:00+00:00,13211.5,13212.2,13211.3,13211.3,13212.4,13213.1,13212.2,13212.2,40.0
2026-09-25T03:45:00+00:00,13211.4,13211.4,13211.0,13211.2,13212.3,13212.3,13211.9,13212.1,8.0
2026-09-25T03:46:00+00:00,13211.4,13211.6,13211.1,13211.6,13212.3,13212.5,13212.0,13212.5,13.0
2026-09-25T03:47:00+00:00,13211.5,13211.7,13211.4,13211.4,13212.4,13212.6,13212.3,13212.3,19.0
2026-09-25T03:48:00+00:00,13211.5,13211.5,13210.7,13210.9,13212.4,13212.4,13211.6,13211.8,34.0
2026-09-25T03:49:00+00:00,13210.8,13211.2,13210.7,13211.0,13211.7,13212.1,13211.6,13211.9,9.0
2026-09-25T03:50:00+00:00,13210.3,13211.2,13210.3,13210.9,13211.2,13212.1,13211.2,13211.8,18.0
2026-09-25T03:51:00+00:00,13211.0,13211.0,13210.3,13210.3,13211.9,13211.9,13211.2,13211.2,17.0
2026-09-25T03:52:00+00:00,13210.4,13210.6,13210.3,13210.3,13211.3,13211.5,13211.2,13211.2,10.0
2026-09-25T03:53:00+00:00,13210.4,13211.2,13210.4,13211.2,13211.3,13212.1,13211.3,13212.1,15.0
2026-09-25T03:54:00+00:00,13211.3,13212.2,13211.2,13211.7,13212.2,13213.1,13212.1,13212.6,30.0
2026-09-25T03:55:00+00:00,13211.6,13212.2,13211.2,13212.2,13212.5,13213.1,13212.1,13213.1,15.0
2026-09-25T03:56:00+00:00,13212.0,13212.5,13211.7,13212.0,13212.9,13213.4,13212.6,13212.9,27.0
2026-09-25T03:57:00+00:00,13211.8,13212.1,13211.2,13211.3,13212.7,13213.0,13212.1,13212.2,16.0
2026-09-25T03:58:00+00:00,13211.4,13212.2,13211.3,13212.2,13212.3,13213.1,13212.2,13213.1,23.0
2026-09-25T03:59:00+00:00,13212.3,13212.3,13211.2,13211.4,13213.2,13213.2,13212.1,13212.3,15.0
2026-09-25T04:00:00+00:00,13211.3,13211.4,13210.4,13210.6,13212.2,13212.3,13211.3,13211.5,13.0
2026-09-25T04:01:00+00:00,13210.7,13211.3,13210.5,13211.1,13211.6,13212.2,13211.4,13212.0,20.0
2026-09-25T04:02:00+00:00,13211.2,13211.6,13211.2,13211.3,13212.1,13212.5,13212.1,13212.2,10.0
2026-09-25T04:03:00+00:00,13211.4,13211.4,13211.1,13211.3,13212.3,13212.3,13212.0,13212.2,16.0
2026-09-25T04:04:00+00:00,13211.4,13211.7,13211.4,13211.6,13212.3,13212.6,13212.3,13212.5,16.0
2026-09-25T04:05:00+00:00,13211.7,13212.6,13211.7,13212.4,13212.6,13213.5,13212.6,13213.3,22.0
2026-09-25T04:06:00+00:00,13212.3,13212.3,13212.0,13212.2,13213.2,13213.2,13212.9,13213.1,9.0
2026-09-25T04:07:00+00:00,13212.3,13212.3,13211.7,13212.2,13213.2,13213.2,13212.6,13213.1,12.0
2026-09-25T04:08:00+00:00,13212.3,13212.5,13212.2,13212.4,13213.2,13213.4,13213.1,13213.3,9.0
2026-09-25T04:09:00+00:00,13212.3,13213.5,13212.3,13213.3,13213.2,13214.4,13213.2,13214.2,23.0
2026-09-25T04:10:00+00:00,13213.2,13213.3,13212.9,13213.0,13214.1,13214.2,13213.8,13213.9,17.0
2026-09-25T04:11:00+00:00,13212.9,13213.0,13212.3,13212.5,13213.8,13213.9,13213.2,13213.4,22.0
2026-09-25T04:12:00+00:00,13212.6,13213.2,13212.2,13212.3,13213.5,13214.1,13213.1,13213.2,21.0
2026-09-25T04:13:00+00:00,13212.2,13212.2,13211.3,13211.3,13213.1,13213.1,13212.2,13212.2,18.0
2026-09-25T04:14:00+00:00,13211.4,13211.6,13211.3,13211.4,13212.3,13212.5,13212.2,13212.3,15.0
2026-09-25T04:15:00+00:00,13211.3,13211.5,13211.3,13211.4,13212.2,13212.4,13212.2,13212.3,10.0
2026-09-25T04:16:00+00:00,13211.5,13211.5,13211.4,13211.5,13212.4,13212.4,13212.3,13212.4,9.0
2026-09-25T04:17:00+00:00,13212.3,13212.3,13211.5,13211.6,13213.2,13213.2,13212.4,13212.5,13.0
2026-09-25T04:18:00+00:00,13211.5,13212.3,13211.5,13211.5,13212.4,13213.2,13212.4,13212.4,5.0
2026-09-25T04:19:00+00:00,13211.6,13212.0,13211.5,13212.0,13212.5,13212.9,13212.4,13212.9,11.0
2026-09-25T04:20:00+00:00,13211.9,13212.3,13211.7,13212.2,13212.8,13213.2,13212.6,13213.1,20.0
2026-09-25T04:21:00+00:00,13211.8,13211.8,13210.8,13210.8,13212.7,13212.7,13211.7,13211.7,12.0
2026-09-25T04:22:00+00:00,13210.7,13211.5,13210.7,13211.5,13211.6,13212.4,13211.6,13212.4,33.0
2026-09-25T04:23:00+00:00,13211.4,13211.5,13210.9,13211.3,13212.3,13212.4,13211.8,13212.2,13.0
2026-09-25T04:24:00+00:00,13211.2,13211.3,13211.2,13211.3,13212.1,13212.2,13212.1,13212.2,2.0
2026-09-25T04:25:00+00:00,13211.7,13212.3,13211.6,13211.6,13212.6,13213.2,13212.5,13212.5,21.0
2026-09-25T04:26:00+00:00,13211.5,13211.6,13211.3,13211.4,13212.4,13212.5,13212.2,13212.3,14.0
2026-09-25T04:27:00+00:00,13211.3,13212.0,13211.3,13211.8,13212.2,13212.9,13212.2,13212.7,21.0
2026-09-25T04:28:00+00:00,13211.7,13212.3,13211.7,13212.1,13212.6,13213.2,13212.6,13213.0,14.0
2026-09-25T04:29:00+00:00,13212.2,13212.2,13211.9,13211.9,13213.1,13213.1,13212.8,13212.8,7.0
2026-09-25T04:30:00+00:00,13212.0,13212.2,13211.9,13212.1,13212.9,13213.1,13212.8,13213.0,13.0
2026-09-25T04:31:00+00:00,13212.2,13212.2,13210.9,13211.3,13213.1,13213.1,13211.8,13212.2,21.0
2026-09-25T04:32:00+00:00,13211.2,13211.4,13211.2,13211.4,13212.1,13212.3,13212.1,13212.3,2.0
2026-09-25T04:33:00+00:00,13211.5,13211.9,13211.4,13211.8,13212.4,13212.8,13212.3,13212.7,20.0
2026-09-25T04:34:00+00:00,13211.9,13212.4,13211.8,13211.9,13212.8,13213.3,13212.7,13212.8,19.0
2026-09-25T04:35:00+00:00,13212.8,13213.1,13212.5,13212.9,13213.7,13214.0,13213.4,13213.8,64.0
2026-09-25T04:36:00+00:00,13213.0,13213.0,13212.3,13212.3,13213.9,13213.9,13213.2,13213.2,24.0
2026-09-25T04:37:00+00:00,13212.4,13212.5,13212.2,13212.3,13213.3,13213.4,13213.1,13213.2,10.0
2026-09-25T04:38:00+00:00,13212.2,13212.7,13211.8,13211.8,13213.1,13213.6,13212.7,13212.7,20.0
2026-09-25T04:39:00+00:00,13211.7,13212.3,13211.4,13212.2,13212.6,13213.2,13212.3,13213.1,43.0
2026-09-25T04:40:00+00:00,13212.3,13213.3,13212.3,13213.0,13213.2,13214.2,13213.2,13213.9,41.0
2026-09-25T04:41:00+00:00,13212.9,13213.2,13212.5,13212.6,13213.8,13214.1,13213.4,13213.5,36.0
2026-09-25T04:42:00+00:00,13212.7,13213.4,13212.7,13213.3,13213.6,13214.3,13213.6,13214.2,22.0
2026-09-25T04:43:00+00:00,13213.2,13213.4,13212.5,13212.6,13214.1,13214.3,13213.4,13213.5,20.0
2026-09-25T04:44:00+00:00,13212.7,13212.9,13212.5,13212.5,13213.6,13213.8,13213.4,13213.4,24.0
2026-09-25T04:45:00+00:00,13212.6,13213.4,13212.5,13213.3,13213.5,13214.3,13213.4,13214.2,14.0
2026-09-25T04:46:00+00:00,13213.4,13213.5,13213.3,13213.4,13214.3,13214.4,13214.2,13214.3,21.0
2026-09-25T04:47:00+00:00,13213.5,13213.9,13213.4,13213.6,13214.4,13214.8,13214.3,13214.5,21.0
2026-09-25T04:48:00+00:00,13213.7,13214.1,13213.6,13213.9,13214.6,13215.0,13214.5,13214.8,27.0
2026-09-25T04:49:00+00:00,13213.8,13213.9,13213.6,13213.7,13214.7,13214.8,13214.5,13214.6,14.0
2026-09-25T04:50:00+00:00,13213.6,13213.6,13213.1,13213.1,13214.5,13214.5,13214.0,13214.0,7.0
2026-09-25T04:51:00+00:00,13213.0,13213.4,13213.0,13213.3,13213.9,13214.3,13213.9,13214.2,8.0
2026-09-25T04:52:00+00:00,13213.1,13213.3,13213.1,13213.3,13214.0,13214.2,13214.0,13214.2,7.0
2026-09-25T04:53:00+00:00,13213.4,13213.6,13213.3,13213.3,13214.3,13214.5,13214.2,13214.2,10.0
2026-09-25T04:54:00+00:00,13213.4,13213.4,13213.2,13213.4,13214.3,13214.3,13214.1,13214.3,9.0
2026-09-25T04:55:00+00:00,13213.3,13213.3,13212.8,13212.8,13214.2,13214.2,13213.7,13213.7,16.0
2026-09-25T04:56:00+00:00,13212.7,13212.9,13211.5,13211.5,13213.6,13213.8,13212.4,13212.4,31.0
2026-09-25T04:57:00+00:00,13211.7,13212.3,13211.6,13211.7,13212.6,13213.2,13212.5,13212.6,23.0
2026-09-25T04:58:00+00:00,13211.8,13212.8,13211.8,13212.5,13212.7,13213.7,13212.7,13213.4,24.0
2026-09-25T04:59:00+00:00,13212.6,13213.1,13212.5,13212.8,13213.5,13214.0,13213.4,13213.7,55.0
2026-09-25T05:00:00+00:00,13212.7,13212.9,13212.3,13212.3,13213.6,13213.8,13213.2,13213.2,18.0
2026-09-25T05:01:00+00:00,13212.1,13213.1,13212.1,13212.6,13213.0,13214.0,13213.0,13213.5,30.0
2026-09-25T05:02:00+00:00,13212.5,13213.3,13212.4,13213.3,13213.4,13214.2,13213.3,13214.2,25.0
2026-09-25T05:03:00+00:00,13213.4,13213.5,13213.3,13213.3,13214.3,13214.4,13214.2,13214.2,12.0
2026-09-25T05:04:00+00:00,13213.4,13214.0,13213.4,13213.9,13214.3,13214.9,13214.3,13214.8,50.0
2026-09-25T05:05:00+00:00,13214.0,13214.9,13214.0,13214.4,13214.9,13215.8,13214.9,13215.3,23.0
2026-09-25T05:06:00+00:00,13214.3,13214.3,13214.1,13214.2,13215.2,13215.2,13215.0,13215.1,8.0
2026-09-25T05:07:00+00:00,13214.1,13214.5,13214.1,13214.2,13215.0,13215.4,13215.0,13215.1,16.0
2026-09-25T05:08:00+00:00,13214.3,13214.7,13213.8,13214.7,13215.2,13215.6,13214.7,13215.6,19.0
2026-09-25T05:09:00+00:00,13214.5,13215.5,13214.5,13215.4,13215.4,13216.4,13215.4,13216.3,22.0
2026-09-25T05:10:00+00:00,13215.5,13216.0,13215.0,13215.0,13216.4,13216.9,13215.9,13215.9,37.0
2026-09-25T05:11:00+00:00,13215.1,13215.5,13215.0,13215.5,13216.0,13216.4,13215.9,13216.4,34.0
2026-09-25T05:12:00+00:00,13215.4,13215.5,13215.3,13215.5,13216.3,13216.4,13216.2,13216.4,24.0
2026-09-25T05:13:00+00:00,13215.4,13215.5,13215.4,13215.5,13216.3,13216.4,13216.3,13216.4,4.0
2026-09-25T05:14:00+00:00,13215.3,13215.4,13214.5,13215.4,13216.2,13216.3,13215.4,13216.3,23.0
2026-09-25T05:15:00+00:00,13215.6,13216.6,13215.6,13216.0,13216.5,13217.5,13216.5,13216.9,42.0
2026-09-25T05:16:00+00:00,13215.9,13216.1,13215.6,13215.9,13216.8,13217.0,13216.5,13216.8,36.0
2026-09-25T05:17:00+00:00,13215.8,13216.5,13215.7,13216.4,13216.7,13217.4,13216.6,13217.3,51.0
2026-09-25T05:18:00+00:00,13216.3,13217.1,13215.5,13216.0,13217.2,13218.0,13216.4,13216.9,93.0
2026-09-25T05:19:00+00:00,13216.2,13216.2,13214.6,13214.8,13217.1,13217.1,13215.5,13215.7,138.0
2026-09-25T05:20:00+00:00,13214.7,13215.5,13213.8,13213.8,13215.6,13216.4,13214.7,13214.7,159.0
2026-09-25T05:21:00+00:00,13213.7,13215.1,13213.7,13214.6,13214.6,13216.0,13214.6,13215.5,151.0
2026-09-25T05:22:00+00:00,13214.5,13214.8,13213.7,13214.4,13215.4,13215.7,13214.6,13215.3,134.0
2026-09-25T05:23:00+00:00,13214.5,13214.7,13213.7,13214.4,13215.4,13215.6,13214.6,13215.3,205.0
2026-09-25T05:24:00+00:00,13214.3,13215.4,13213.6,13214.9,13215.2,13216.3,13214.5,13215.8,176.0
2026-09-25T05:25:00+00:00,13215.0,13215.3,13214.3,13215.2,13215.9,13216.2,13215.2,13216.1,208.0
2026-09-25T05:26:00+00:00,13215.1,13215.8,13214.0,13214.8,13216.0,13216.7,13214.9,13215.7,213.0
2026-09-25T05:27:00+00:00,13215.0,13215.0,13213.6,13214.8,13215.9,13215.9,13214.5,13215.7,197.0
2026-09-25T05:28:00+00:00,13214.7,13215.3,13214.4,13215.0,13215.6,13216.2,13215.3,13215.9,209.0
2026-09-25T05:29:00+00:00,13215.1,13215.3,13214.4,13214.8,13216.0,13216.2,13215.3,13215.7,180.0
2026-09-25T05:30:00+00:00,13214.7,13216.4,13213.7,13215.7,13215.6,13217.3,13214.6,13216.6,185.0
2026-09-25T05:31:00+00:00,13215.6,13217.0,13215.6,13215.7,13216.5,13217.9,13216.5,13216.6,176.0
2026-09-25T05:32:00+00:00,13215.6,13217.6,13215.5,13217.6,13216.5,13218.5,13216.4,13218.5,167.0
2026-09-25T05:33:00+00:00,13217.7,13219.6,13217.3,13219.6,13218.6,13220.5,13218.2,13220.5,247.0
2026-09-25T05:34:00+00:00,13219.5,13219.6,13218.5,13218.9,13220.4,13220.5,13219.4,13219.8,233.0
2026-09-25T05:35:00+00:00,13218.8,13219.2,13217.8,13218.5,13219.7,13220.1,13218.7,13219.4,217.0
2026-09-25T05:36:00+00:00,13218.4,13219.1,13217.9,13218.6,13219.3,13220.0,13218.8,13219.5,165.0
2026-09-25T05:37:00+00:00,13218.5,13218.7,13217.9,13218.1,13219.4,13219.6,13218.8,13219.0,197.0
2026-09-25T05:38:00+00:00,13218.2,13218.6,13216.7,13216.8,13219.1,13219.5,13217.6,13217.7,208.0
2026-09-25T05:39:00+00:00,13216.7,13217.5,13216.5,13216.7,13217.6,13218.4,13217.4,13217.6,216.0
2026-09-25T05:40:00+00:00,13216.6,13217.6,13216.6,13217.5,13217.5,13218.5,13217.5,13218.4,204.0
2026-09-25T05:41:00+00:00,13217.6,13217.6,13215.8,13216.5,13218.5,13218.5,13216.7,13217.4,192.0
2026-09-25T05:42:00+00:00,13216.6,13217.5,13216.3,13217.3,13217.5,13218.4,13217.2,13218.2,212.0
2026-09-25T05:43:00+00:00,13217.4,13217.5,13216.5,13217.3,13218.3,13218.4,13217.4,13218.2,184.0
2026-09-25T05:44:00+00:00,13217.2,13218.4,13216.8,13217.7,13218.1,13219.3,13217.7,13218.6,239.0
2026-09-25T05:45:00+00:00,13217.5,13218.6,13217.4,13217.9,13218.4,13219.5,13218.3,13218.8,45.0
2026-09-25T05:46:00+00:00,13217.8,13217.9,13217.6,13217.6,13218.7,13218.8,13218.5,13218.5,25.0
2026-09-25T05:47:00+00:00,13217.7,13217.8,13217.6,13217.7,13218.6,13218.7,13218.5,13218.6,11.0
2026-09-25T05:48:00+00:00,13217.6,13217.8,13217.2,13217.5,13218.5,13218.7,13218.1,13218.4,18.0
2026-09-25T05:49:00+00:00,13217.6,13217.6,13216.3,13216.5,13218.5,13218.5,13217.2,13217.4,14.0
2026-09-25T05:50:00+00:00,13216.4,13217.0,13216.2,13216.7,13217.3,13217.9,13217.1,13217.6,18.0
2026-09-25T05:51:00+00:00,13216.8,13217.6,13216.6,13217.6,13217.7,13218.5,13217.5,13218.5,14.0
2026-09-25T05:52:00+00:00,13218.6,13218.7,13217.7,13217.7,13219.5,13219.6,13218.6,13218.6,18.0
2026-09-25T05:53:00+00:00,13217.5,13217.7,13217.3,13217.7,13218.4,13218.6,13218.2,13218.6,15.0
2026-09-25T05:54:00+00:00,13218.2,13218.7,13217.7,13217.7,13219.1,13219.6,13218.6,13218.6,34.0
2026-09-25T05:55:00+00:00,13217.6,13217.7,13215.5,13215.6,13218.5,13218.6,13216.4,13216.5,47.0
2026-09-25T05:56:00+00:00,13215.5,13215.6,13215.1,13215.2,13216.4,13216.5,13216.0,13216.1,9.0
2026-09-25T05:57:00+00:00,13215.1,13215.6,13214.6,13215.4,13216.0,13216.5,13215.5,13216.3,34.0
2026-09-25T05:58:00+00:00,13215.5,13217.3,13215.5,13217.3,13216.4,13218.2,13216.4,13218.2,26.0
2026-09-25T05:59:00+00:00,13217.4,13217.6,13217.2,13217.6,13218.3,13218.5,13218.1,13218.5,23.0
2026-09-25T06:00:00+00:00,13217.5,13218.4,13216.9,13216.9,13218.4,13219.3,13217.8,13217.8,38.0
2026-09-25T06:01:00+00:00,13217.0,13218.0,13217.0,13218.0,13217.9,13218.9,13217.9,13218.9,12.0
2026-09-25T06:02:00+00:00,13217.9,13217.9,13216.5,13216.9,13218.8,13218.8,13217.4,13217.8,42.0
2026-09-25T06:03:00+00:00,13216.8,13217.4,13216.6,13216.8,13217.7,13218.3,13217.5,13217.7,35.0
2026-09-25T06:04:00+00:00,13216.7,13218.9,13216.6,13218.9,13217.6,13219.8,13217.5,13219.8,41.0
2026-09-25T06:05:00+00:00,13218.8,13218.9,13217.9,13218.4,13219.7,13219.8,13218.8,13219.3,37.0
2026-09-25T06:06:00+00:00,13218.5,13220.6,13218.4,13220.1,13219.4,13221.5,13219.3,13221.0,36.0
2026-09-25T06:07:00+00:00,13220.2,13220.9,13219.2,13220.4,13221.1,13221.8,13220.1,13221.3,47.0
2026-09-25T06:08:00+00:00,13220.3,13220.3,13218.6,13218.6,13221.2,13221.2,13219.5,13219.5,42.0
2026-09-25T06:09:00+00:00,13218.4,13218.8,13218.2,13218.2,13219.3,13219.7,13219.1,13219.1,42.0
2026-09-25T06:10:00+00:00,13218.3,13221.6,13218.3,13221.5,13219.2,13222.5,13219.2,13222.4,29.0
2026-09-25T06:11:00+00:00,13221.6,13222.2,13220.8,13222.0,13222.5,13223.1,13221.7,13222.9,55.0
2026-09-25T06:12:00+00:00,13222.2,13223.6,13222.2,13223.0,13223.1,13224.5,13223.1,13223.9,46.0
2026-09-25T06:13:00+00:00,13222.9,13224.5,13222.7,13223.9,13223.8,13225.4,13223.6,13224.8,52.0
2026-09-25T06:14:00+00:00,13223.8,13224.6,13223.8,13224.6,13224.7,13225.5,13224.7,13225.5,53.0
2026-09-25T06:15:00+00:00,13224.7,13226.4,13224.4,13225.3,13225.6,13227.3,13225.3,13226.2,88.0
2026-09-25T06:16:00+00:00,13225.1,13226.2,13224.9,13225.8,13226.0,13227.1,13225.8,13226.7,51.0
2026-09-25T06:17:00+00:00,13225.9,13227.8,13225.7,13227.8,13226.8,13228.7,13226.6,13228.7,65.0
2026-09-25T06:18:00+00:00,13227.7,13227.7,13226.5,13227.5,13228.6,13228.6,13227.4,13228.4,52.0
2026-09-25T06:19:00+00:00,13227.6,13227.9,13226.7,13227.1,13228.5,13228.8,13227.6,13228.0,35.0
2026-09-25T06:20:00+00:00,13227.2,13228.1,13226.9,13227.8,13228.1,13229.0,13227.8,13228.7,52.0
2026-09-25T06:21:00+00:00,13227.7,13228.2,13226.6,13226.8,13228.6,13229.1,13227.5,13227.7,35.0
2026-09-25T06:22:00+00:00,13226.6,13226.7,13223.8,13225.0,13227.5,13227.6,13224.7,13225.9,46.0
2026-09-25T06:23:00+00:00,13224.9,13226.0,13224.9,13225.9,13225.8,13226.9,13225.8,13226.8,52.0
2026-09-25T06:24:00+00:00,13225.8,13229.0,13225.8,13228.0,13226.7,13229.9,13226.7,13228.9,43.0
2026-09-25T06:25:00+00:00,13227.9,13228.3,13225.5,13225.7,13228.8,13229.2,13226.4,13226.6,35.0
2026-09-25T06:26:00+00:00,13225.6,13226.1,13225.3,13225.7,13226.5,13227.0,13226.2,13226.6,32.0
2026-09-25T06:27:00+00:00,13225.8,13226.6,13225.7,13226.6,13226.7,13227.5,13226.6,13227.5,44.0
2026-09-25T06:28:00+00:00,13226.5,13226.8,13225.6,13226.8,13227.4,13227.7,13226.5,13227.7,28.0
2026-09-25T06:29:00+00:00,13226.9,13227.1,13225.8,13226.5,13227.8,13228.0,13226.7,13227.4,32.0
2026-09-25T06:30:00+00:00,13226.4,13227.1,13226.4,13227.1,13227.3,13228.0,13227.3,13228.0,33.0
2026-09-25T06:31:00+00:00,13227.0,13227.0,13226.7,13226.8,13227.9,13227.9,13227.6,13227.7,12.0
2026-09-25T06:32:00+00:00,13226.7,13226.9,13225.7,13225.9,13227.6,13227.8,13226.6,13226.8,19.0
2026-09-25T06:33:00+00:00,13226.0,13226.0,13225.6,13225.8,13226.9,13226.9,13226.5,13226.7,18.0
2026-09-25T06:34:00+00:00,13225.7,13226.4,13224.5,13226.4,13226.6,13227.3,13225.4,13227.3,40.0
2026-09-25T06:35:00+00:00,13226.5,13226.9,13223.7,13223.7,13227.4,13227.8,13224.6,13224.6,24.0
2026-09-25T06:36:00+00:00,13223.9,13224.8,13221.5,13221.6,13224.8,13225.7,13222.4,13222.5,49.0
2026-09-25T06:37:00+00:00,13221.5,13222.3,13221.3,13222.3,13222.4,13223.2,13222.2,13223.2,34.0
2026-09-25T06:38:00+00:00,13222.2,13223.6,13222.2,13223.6,13223.1,13224.5,13223.1,13224.5,43.0
2026-09-25T06:39:00+00:00,13223.5,13223.8,13222.5,13223.8,13224.4,13224.7,13223.4,13224.7,35.0
2026-09-25T06:40:00+00:00,13223.9,13224.5,13223.7,13223.8,13224.8,13225.4,13224.6,13224.7,38.0
2026-09-25T06:41:00+00:00,13224.2,13225.8,13223.8,13225.6,13225.1,13226.7,13224.7,13226.5,30.0
2026-09-25T06:42:00+00:00,13225.5,13225.8,13224.7,13224.9,13226.4,13226.7,13225.6,13225.8,28.0
2026-09-25T06:43:00+00:00,13225.1,13225.1,13224.2,13224.2,13226.0,13226.0,13225.1,13225.1,25.0
2026-09-25T06:44:00+00:00,13224.1,13225.4,13224.0,13225.0,13225.0,13226.3,13224.9,13225.9,39.0
2026-09-25T06:45:00+00:00,13224.8,13226.3,13224.3,13226.2,13225.7,13227.2,13225.2,13227.1,45.0
2026-09-25T06:46:00+00:00,13226.1,13227.9,13226.1,13227.9,13227.0,13228.8,13227.0,13228.8,37.0
2026-09-25T06:47:00+00:00,13227.8,13228.0,13226.4,13226.6,13228.7,13228.9,13227.3,13227.5,36.0
2026-09-25T06:48:00+00:00,13226.5,13227.1,13225.6,13226.6,13227.4,13228.0,13226.5,13227.5,26.0
2026-09-25T06:49:00+00:00,13226.5,13226.7,13226.3,13226.6,13227.4,13227.6,13227.2,13227.5,23.0
2026-09-25T06:50:00+00:00,13227.0,13227.4,13224.6,13224.6,13227.9,13228.3,13225.5,13225.5,34.0
2026-09-25T06:51:00+00:00,13225.3,13225.7,13225.0,13225.4,13226.2,13226.6,13225.9,13226.3,22.0
2026-09-25T06:52:00+00:00,13225.5,13225.5,13222.3,13222.6,13226.4,13226.4,13223.2,13223.5,33.0
2026-09-25T06:53:00+00:00,13223.4,13224.1,13223.2,13224.1,13224.3,13225.0,13224.1,13225.0,25.0
2026-09-25T06:54:00+00:00,13224.0,13225.1,13223.6,13225.1,13224.9,13226.0,13224.5,13226.0,29.0
2026-09-25T06:55:00+00:00,13225.0,13226.8,13224.7,13226.7,13225.9,13227.7,13225.6,13227.6,51.0
2026-09-25T06:56:00+00:00,13226.8,13227.3,13226.6,13226.8,13227.7,13228.2,13227.5,13227.7,33.0
2026-09-25T06:57:00+00:00,13227.1,13227.6,13226.5,13226.7,13228.0,13228.5,13227.4,13227.6,46.0
2026-09-25T06:58:00+00:00,13226.6,13226.7,13225.1,13225.1,13227.5,13227.6,13226.0,13226.0,41.0
2026-09-25T06:59:00+00:00,13224.7,13224.7,13223.2,13223.7,13225.6,13225.6,13224.1,13224.6,51.0
2026-09-25T07:00:00+00:00,13223.6,13227.4,13223.6,13226.1,13224.5,13228.3,13224.5,13227.0,81.0
2026-09-25T07:01:00+00:00,13226.2,13226.2,13224.2,13224.3,13227.1,13227.1,13225.1,13225.2,42.0
2026-09-25T07:02:00+00:00,13224.2,13224.2,13220.8,13221.1,13225.1,13225.1,13221.7,13222.0,46.0
2026-09-25T07:03:00+00:00,13221.0,13221.1,13218.9,13220.4,13221.9,13222.0,13219.8,13221.3,72.0
2026-09-25T07:04:00+00:00,13220.2,13220.4,13219.4,13219.5,13221.1,13221.3,13220.3,13220.4,38.0
2026-09-25T07:05:00+00:00,13219.7,13221.0,13219.5,13220.1,13220.6,13221.9,13220.4,13221.0,45.0
2026-09-25T07:06:00+00:00,13220.2,13220.5,13219.0,13219.3,13221.1,13221.4,13219.9,13220.2,57.0
2026-09-25T07:07:00+00:00,13219.2,13219.7,13219.2,13219.4,13220.1,13220.6,13220.1,13220.3,36.0
2026-09-25T07:08:00+00:00,13219.2,13219.3,13217.3,13217.4,13220.1,13220.2,13218.2,13218.3,31.0
2026-09-25T07:09:00+00:00,13217.3,13219.4,13217.3,13219.4,13218.2,13220.3,13218.2,13220.3,35.0
2026-09-25T07:10:00+00:00,13219.3,13219.5,13218.5,13218.5,13220.2,13220.4,13219.4,13219.4,19.0
2026-09-25T07:11:00+00:00,13218.4,13220.7,13218.0,13220.1,13219.3,13221.6,13218.9,13221.0,44.0
2026-09-25T07:12:00+00:00,13220.2,13220.2,13218.9,13220.1,13221.1,13221.1,13219.8,13221.0,41.0
2026-09-25T07:13:00+00:00,13220.2,13221.9,13219.9,13221.1,13221.1,13222.8,13220.8,13222.0,49.0
2026-09-25T07:14:00+00:00,13221.0,13221.1,13219.4,13220.9,13221.9,13222.0,13220.3,13221.8,45.0
2026-09-25T07:15:00+00:00,13220.8,13221.4,13219.8,13221.3,13221.7,13222.3,13220.7,13222.2,53.0
2026-09-25T07:16:00+00:00,13221.1,13222.4,13220.7,13222.2,13222.0,13223.3,13221.6,13223.1,46.0
2026-09-25T07:17:00+00:00,13222.3,13222.6,13221.5,13222.5,13223.2,13223.5,13222.4,13223.4,49.0
2026-09-25T07:18:00+00:00,13222.0,13222.5,13220.7,13221.2,13222.9,13223.4,13221.6,13222.1,48.0
2026-09-25T07:19:00+00:00,13221.4,13221.7,13219.7,13220.7,13222.3,13222.6,13220.6,13221.6,40.0
2026-09-25T07:20:00+00:00,13220.6,13221.7,13220.6,13221.3,13221.5,13222.6,13221.5,13222.2,33.0
2026-09-25T07:21:00+00:00,13221.0,13221.0,13219.1,13219.2,13221.9,13221.9,13220.0,13220.1,67.0
2026-09-25T07:22:00+00:00,13219.3,13220.3,13218.8,13219.7,13220.2,13221.2,13219.7,13220.6,47.0
2026-09-25T07:23:00+00:00,13219.6,13220.3,13219.0,13219.6,13220.5,13221.2,13219.9,13220.5,39.0
2026-09-25T07:24:00+00:00,13219.8,13220.1,13219.2,13219.9,13220.7,13221.0,13220.1,13220.8,49.0
2026-09-25T07:25:00+00:00,13220.0,13220.6,13220.0,13220.3,13220.9,13221.5,13220.9,13221.2,33.0
2026-09-25T07:26:00+00:00,13220.2,13221.5,13219.9,13220.2,13221.1,13222.4,13220.8,13221.1,44.0
2026-09-25T07:27:00+00:00,13220.3,13220.4,13218.1,13220.3,13221.2,13221.3,13219.0,13221.2,46.0
2026-09-25T07:28:00+00:00,13220.2,13220.4,13218.9,13219.8,13221.1,13221.3,13219.8,13220.7,43.0
2026-09-25T07:29:00+00:00,13219.9,13220.8,13219.5,13220.6,13220.8,13221.7,13220.4,13221.5,24.0
2026-09-25T07:30:00+00:00,13220.2,13222.7,13220.1,13222.2,13221.1,13223.6,13221.0,13223.1,47.0
2026-09-25T07:31:00+00:00,13222.1,13223.7,13221.9,13223.4,13223.0,13224.6,13222.8,13224.3,29.0
2026-09-25T07:32:00+00:00,13223.1,13223.5,13221.9,13222.1,13224.0,13224.4,13222.8,13223.0,42.0
2026-09-25T07:33:00+00:00,13222.2,13223.3,13221.6,13221.7,13223.1,13224.2,13222.5,13222.6,28.0
2026-09-25T07:34:00+00:00,13221.5,13223.0,13220.5,13222.9,13222.4,13223.9,13221.4,13223.8,61.0
2026-09-25T07:35:00+00:00,13223.0,13223.8,13222.2,13223.7,13223.9,13224.7,13223.1,13224.6,57.0
2026-09-25T07:36:00+00:00,13223.5,13224.0,13222.5,13222.5,13224.4,13224.9,13223.4,13223.4,34.0
2026-09-25T07:37:00+00:00,13222.6,13223.8,13222.6,13223.7,13223.5,13224.7,13223.5,13224.6,36.0
2026-09-25T07:38:00+00:00,13223.8,13224.9,13223.3,13223.3,13224.7,13225.8,13224.2,13224.2,48.0
2026-09-25T07:39:00+00:00,13223.0,13223.0,13220.7,13220.9,13223.9,13223.9,13221.6,13221.8,48.0
2026-09-25T07:40:00+00:00,13221.0,13221.7,13220.6,13221.4,13221.9,13222.6,13221.5,13222.3,21.0
2026-09-25T07:41:00+00:00,13221.3,13221.8,13221.3,13221.7,13222.2,13222.7,13222.2,13222.6,25.0
2026-09-25T07:42:00+00:00,13221.8,13222.8,13221.7,13222.5,13222.7,13223.7,13222.6,13223.4,19.0
2026-09-25T07:43:00+00:00,13222.2,13222.6,13221.7,13222.5,13223.1,13223.5,13222.6,13223.4,24.0
2026-09-25T07:44:00+00:00,13222.4,13223.4,13222.1,13223.4,13223.3,13224.3,13223.0,13224.3,51.0
2026-09-25T07:45:00+00:00,13223.5,13226.4,13223.5,13226.1,13224.4,13227.3,13224.4,13227.0,41.0
2026-09-25T07:46:00+00:00,13226.0,13226.4,13224.8,13226.3,13226.9,13227.3,13225.7,13227.2,43.0
2026-09-25T07:47:00+00:00,13226.5,13226.6,13225.6,13226.2,13227.4,13227.5,13226.5,13227.1,40.0
2026-09-25T07:48:00+00:00,13226.3,13226.3,13224.0,13224.4,13227.2,13227.2,13224.9,13225.3,32.0
2026-09-25T07:49:00+00:00,13224.5,13227.3,13224.4,13226.8,13225.4,13228.2,13225.3,13227.7,45.0
2026-09-25T07:50:00+00:00,13226.7,13227.2,13225.6,13225.6,13227.6,13228.1,13226.5,13226.5,38.0
2026-09-25T07:51:00+00:00,13225.7,13226.7,13225.5,13226.6,13226.6,13227.6,13226.4,13227.5,32.0
2026-09-25T07:52:00+00:00,13226.5,13227.6,13225.9,13227.6,13227.4,13228.5,13226.8,13228.5,46.0
2026-09-25T07:53:00+00:00,13227.5,13228.7,13227.4,13227.6,13228.4,13229.6,13228.3,13228.5,44.0
2026-09-25T07:54:00+00:00,13227.5,13228.4,13227.4,13227.6,13228.4,13229.3,13228.3,13228.5,41.0
2026-09-25T07:55:00+00:00,13227.5,13229.0,13227.5,13228.8,13228.4,13229.9,13228.4,13229.7,55.0
2026-09-25T07:56:00+00:00,13228.7,13229.1,13228.1,13228.1,13229.6,13230.0,13229.0,13229.0,38.0
2026-09-25T07:57:00+00:00,13228.2,13229.5,13228.0,13228.3,13229.1,13230.4,13228.9,13229.2,42.0
2026-09-25T07:58:00+00:00,13228.6,13228.9,13228.0,13228.9,13229.5,13229.8,13228.9,13229.8,40.0
2026-09-25T07:59:00+00:00,13229.0,13230.8,13229.0,13230.6,13229.9,13231.7,13229.9,13231.5,43.0
2026-09-25T08:00:00+00:00,13230.7,13231.0,13229.3,13229.4,13231.6,13231.9,13230.2,13230.3,54.0
2026-09-25T08:01:00+00:00,13229.5,13229.8,13228.4,13228.4,13230.4,13230.7,13229.3,13229.3,33.0
2026-09-25T08:02:00+00:00,13228.5,13229.5,13228.5,13229.4,13229.4,13230.4,13229.4,13230.3,42.0
2026-09-25T08:03:00+00:00,13229.5,13231.6,13229.4,13231.6,13230.4,13232.5,13230.3,13232.5,39.0
2026-09-25T08:04:00+00:00,13231.5,13231.6,13230.4,13231.5,13232.4,13232.5,13231.3,13232.4,31.0
2026-09-25T08:05:00+00:00,13231.6,13234.4,13231.6,13233.0,13232.5,13235.3,13232.5,13233.9,44.0
2026-09-25T08:06:00+00:00,13232.9,13234.0,13232.3,13233.8,13233.8,13234.9,13233.2,13234.7,32.0
2026-09-25T08:07:00+00:00,13233.7,13234.9,13233.1,13234.8,13234.6,13235.8,13234.0,13235.7,61.0
2026-09-25T08:08:00+00:00,13234.7,13237.1,13234.7,13237.0,13235.6,13238.0,13235.6,13237.9,50.0
2026-09-25T08:09:00+00:00,13236.7,13237.2,13235.9,13236.0,13237.6,13238.1,13236.8,13236.9,49.0
2026-09-25T08:10:00+00:00,13235.9,13237.2,13235.5,13237.0,13236.8,13238.1,13236.4,13237.9,63.0
2026-09-25T08:11:00+00:00,13236.8,13239.6,13236.7,13237.5,13237.7,13240.5,13237.6,13238.4,46.0
2026-09-25T08:12:00+00:00,13237.6,13238.3,13236.3,13238.0,13238.5,13239.2,13237.2,13238.9,64.0
2026-09-25T08:13:00+00:00,13238.2,13238.9,13237.4,13238.5,13239.1,13239.8,13238.3,13239.4,65.0
2026-09-25T08:14:00+00:00,13238.4,13239.4,13238.3,13238.6,13239.3,13240.3,13239.2,13239.5,39.0
2026-09-25T08:15:00+00:00,13238.5,13240.1,13238.4,13239.8,13239.4,13241.0,13239.3,13240.7,39.0
2026-09-25T08:16:00+00:00,13239.9,13240.2,13239.0,13240.1,13240.8,13241.1,13239.9,13241.0,37.0
2026-09-25T08:17:00+00:00,13239.9,13239.9,13236.9,13236.9,13240.8,13240.8,13237.8,13237.8,43.0
2026-09-25T08:18:00+00:00,13236.7,13236.7,13234.8,13234.8,13237.6,13237.6,13235.7,13235.7,42.0
2026-09-25T08:19:00+00:00,13234.7,13235.8,13234.1,13235.8,13235.6,13236.8,13235.6,13236.7,30.0
2026-09-25T08:20:00+00:00,13235.9,13236.6,13235.2,13236.5,13236.8,13237.5,13236.1,13237.4,46.0
2026-09-25T08:21:00+00:00,13236.7,13236.7,13234.9,13235.4,13237.6,13237.6,13235.8,13236.3,38.0
2026-09-25T08:22:00+00:00,13235.1,13236.5,13233.4,13236.5,13236.0,13237.4,13234.3,13237.4,55.0
2026-09-25T08:23:00+00:00,13236.7,13236.7,13235.2,13236.0,13237.6,13237.6,13236.1,13236.9,41.0
2026-09-25T08:24:00+00:00,13235.9,13235.9,13235.3,13235.9,13236.8,13236.8,13236.2,13236.8,34.0
2026-09-25T08:25:00+00:00,13235.7,13236.6,13235.1,13235.2,13236.6,13237.5,13236.0,13236.1,35.0
2026-09-25T08:26:00+00:00,13235.3,13235.7,13233.7,13235.7,13236.2,13236.6,13234.6,13236.6,54.0
2026-09-25T08:27:00+00:00,13235.6,13235.9,13234.7,13235.1,13236.5,13236.8,13235.6,13236.0,37.0
2026-09-25T08:28:00+00:00,13235.3,13235.9,13235.2,13235.6,13236.2,13236.8,13236.1,13236.5,59.0
2026-09-25T08:29:00+00:00,13235.4,13235.8,13234.8,13234.9,13236.3,13236.7,13235.7,13235.8,38.0
2026-09-25T08:30:00+00:00,13234.8,13235.1,13233.8,13234.0,13235.7,13236.0,13234.7,13234.9,44.0
2026-09-25T08:31:00+00:00,13234.1,13234.9,13233.9,13234.8,13235.0,13235.8,13234.8,13235.7,34.0
2026-09-25T08:32:00+00:00,13234.7,13234.8,13233.5,13233.7,13235.6,13235.7,13234.4,13234.6,43.0
2026-09-25T08:33:00+00:00,13233.8,13235.1,13233.6,13235.1,13234.7,13236.0,13234.5,13236.0,36.0
2026-09-25T08:34:00+00:00,13235.2,13235.5,13231.5,13232.0,13236.1,13236.4,13232.4,13232.9,59.0
2026-09-25T08:35:00+00:00,13231.8,13231.9,13231.1,13231.4,13232.7,13232.8,13232.0,13232.3,39.0
2026-09-25T08:36:00+00:00,13231.5,13231.7,13230.5,13230.6,13232.4,13232.6,13231.4,13231.5,37.0
2026-09-25T08:37:00+00:00,13230.7,13231.6,13230.7,13231.4,13231.6,13232.5,13231.6,13232.3,17.0
2026-09-25T08:38:00+00:00,13231.5,13232.7,13231.4,13232.6,13232.4,13233.6,13232.3,13233.5,26.0
2026-09-25T08:39:00+00:00,13232.4,13233.0,13231.8,13232.9,13233.3,13233.9,13232.7,13233.8,45.0
2026-09-25T08:40:00+00:00,13232.8,13234.4,13232.7,13234.3,13233.7,13235.3,13233.6,13235.2,38.0
2026-09-25T08:41:00+00:00,13234.2,13235.3,13234.0,13234.7,13235.1,13236.2,13234.9,13235.6,40.0
2026-09-25T08:42:00+00:00,13234.6,13235.8,13234.1,13235.8,13235.5,13236.7,13235.0,13236.7,34.0
2026-09-25T08:43:00+00:00,13235.2,13235.2,13234.0,13234.8,13236.1,13236.1,13234.9,13235.7,24.0
2026-09-25T08:44:00+00:00,13234.9,13235.4,13234.9,13235.0,13235.8,13236.3,13235.8,13235.9,24.0
2026-09-25T08:45:00+00:00,13235.2,13236.4,13234.8,13236.3,13236.1,13237.3,13235.7,13237.2,40.0
2026-09-25T08:46:00+00:00,13236.2,13237.9,13235.8,13236.4,13237.1,13238.8,13236.7,13237.3,44.0
2026-09-25T08:47:00+00:00,13236.3,13237.1,13235.9,13236.8,13237.2,13238.0,13236.8,13237.7,42.0
2026-09-25T08:48:00+00:00,13236.9,13237.1,13236.1,13236.8,13237.8,13238.0,13237.0,13237.7,27.0
2026-09-25T08:49:00+00:00,13236.5,13237.5,13236.2,13236.4,13237.4,13238.4,13237.1,13237.3,26.0
2026-09-25T08:50:00+00:00,13236.5,13237.9,13236.5,13237.0,13237.4,13238.8,13237.4,13237.9,66.0
2026-09-25T08:51:00+00:00,13236.8,13238.1,13236.8,13237.4,13237.7,13239.0,13237.7,13238.3,25.0
2026-09-25T08:52:00+00:00,13237.7,13237.9,13236.0,13236.1,13238.6,13238.8,13236.9,13237.0,45.0
2026-09-25T08:53:00+00:00,13236.2,13236.2,13235.6,13235.7,13237.1,13237.1,13236.5,13236.6,45.0
2026-09-25T08:54:00+00:00,13236.0,13236.5,13235.7,13236.4,13236.9,13237.4,13236.6,13237.3,34.0
2026-09-25T08:55:00+00:00,13236.3,13237.2,13235.6,13236.0,13237.2,13238.1,13236.5,13236.9,38.0
2026-09-25T08:56:00+00:00,13236.1,13237.2,13235.9,13236.4,13237.0,13238.1,13236.8,13237.3,53.0
2026-09-25T08:57:00+00:00,13236.3,13236.3,13233.1,13233.1,13237.2,13237.2,13234.0,13234.0,45.0
2026-09-25T08:58:00+00:00,13233.2,13233.3,13232.8,13233.2,13234.1,13234.2,13233.7,13234.1,18.0
2026-09-25T08:59:00+00:00,13233.3,13233.4,13232.3,13232.7,13234.2,13234.3,13233.2,13233.6,28.0
2026-09-25T09:00:00+00:00,13232.6,13234.7,13231.6,13234.5,13233.5,13235.6,13232.5,13235.4,57.0
2026-09-25T09:01:00+00:00,13234.8,13235.0,13233.1,13233.6,13235.7,13235.9,13234.0,13234.5,32.0
2026-09-25T09:02:00+00:00,13233.4,13234.4,13233.3,13233.9,13234.3,13235.3,13234.2,13234.8,47.0
2026-09-25T09:03:00+00:00,13233.8,13234.6,13233.5,13234.6,13234.7,13235.5,13234.4,13235.5,34.0
2026-09-25T09:04:00+00:00,13234.5,13235.1,13231.7,13231.7,13235.4,13236.0,13232.6,13232.6,41.0
2026-09-25T09:05:00+00:00,13231.8,13231.9,13230.2,13230.6,13232.7,13232.8,13231.1,13231.5,62.0
2026-09-25T09:06:00+00:00,13230.5,13231.3,13230.5,13231.1,13231.4,13232.2,13231.4,13232.0,39.0
2026-09-25T09:07:00+00:00,13231.4,13232.6,13230.9,13231.8,13232.3,13233.5,13231.8,13232.7,34.0
2026-09-25T09:08:00+00:00,13231.9,13233.5,13231.4,13233.3,13232.8,13234.4,13232.3,13234.2,51.0
2026-09-25T09:09:00+00:00,13233.1,13235.5,13233.1,13235.4,13234.0,13236.4,13234.0,13236.3,47.0
2026-09-25T09:10:00+00:00,13235.3,13235.4,13233.8,13234.6,13236.2,13236.3,13234.7,13235.5,25.0
2026-09-25T09:11:00+00:00,13235.1,13235.6,13234.4,13235.6,13236.0,13236.5,13235.3,13236.5,15.0
2026-09-25T09:12:00+00:00,13235.5,13235.7,13234.6,13235.3,13236.4,13236.6,13235.5,13236.2,40.0
2026-09-25T09:13:00+00:00,13235.2,13235.4,13234.2,13235.2,13236.1,13236.3,13235.1,13236.1,37.0
2026-09-25T09:14:00+00:00,13235.1,13236.3,13235.0,13236.2,13236.0,13237.2,13235.9,13237.1,34.0
2026-09-25T09:15:00+00:00,13236.3,13237.0,13235.1,13235.9,13237.2,13237.9,13236.0,13236.8,50.0
2026-09-25T09:16:00+00:00,13235.8,13235.8,13233.3,13233.3,13236.7,13236.7,13234.2,13234.2,40.0
2026-09-25T09:17:00+00:00,13233.4,13233.5,13233.1,13233.2,13234.3,13234.4,13234.0,13234.1,24.0
2026-09-25T09:18:00+00:00,13233.4,13238.1,13233.2,13236.9,13234.3,13239.2,13234.1,13237.8,67.0
2026-09-25T09:19:00+00:00,13236.5,13237.0,13235.6,13236.0,13237.4,13237.9,13236.5,13236.9,71.0
2026-09-25T09:20:00+00:00,13236.1,13236.8,13234.1,13234.6,13237.0,13237.7,13235.0,13235.5,39.0
2026-09-25T09:21:00+00:00,13234.5,13236.1,13234.4,13235.6,13235.4,13237.0,13235.3,13236.5,43.0
2026-09-25T09:22:00+00:00,13235.7,13236.6,13234.6,13236.6,13236.6,13237.5,13235.5,13237.5,52.0
2026-09-25T09:23:00+00:00,13236.7,13236.7,13235.0,13235.6,13237.6,13237.6,13235.9,13236.5,55.0
2026-09-25T09:24:00+00:00,13236.3,13237.7,13236.1,13237.7,13237.2,13238.6,13237.0,13238.6,33.0
2026-09-25T09:25:00+00:00,13237.8,13237.8,13236.4,13236.8,13238.7,13238.7,13237.3,13237.7,35.0
2026-09-25T09:26:00+00:00,13236.9,13236.9,13235.8,13236.8,13237.8,13237.8,13236.7,13237.7,18.0
2026-09-25T09:27:00+00:00,13236.2,13236.8,13235.8,13235.8,13237.1,13237.7,13236.7,13236.7,33.0
2026-09-25T09:28:00+00:00,13235.9,13235.9,13231.5,13231.5,13236.8,13236.8,13232.4,13232.4,35.0
2026-09-25T09:29:00+00:00,13230.9,13231.7,13230.6,13230.6,13231.8,13232.6,13231.5,13231.5,39.0
2026-09-25T09:30:00+00:00,13230.9,13232.5,13230.5,13232.0,13231.8,13233.4,13231.4,13232.9,65.0
2026-09-25T09:31:00+00:00,13231.9,13233.7,13230.6,13233.5,13232.8,13234.6,13231.5,13234.4,68.0
2026-09-25T09:32:00+00:00,13233.4,13236.2,13233.3,13236.2,13234.3,13237.1,13234.2,13237.1,38.0
2026-09-25T09:33:00+00:00,13236.0,13236.7,13234.9,13235.3,13236.9,13237.6,13235.8,13236.2,61.0
2026-09-25T09:34:00+00:00,13235.5,13235.8,13235.0,13235.7,13236.4,13236.7,13235.9,13236.6,39.0
2026-09-25T09:35:00+00:00,13235.6,13235.7,13234.3,13235.7,13236.5,13236.6,13235.2,13236.6,57.0
2026-09-25T09:36:00+00:00,13235.6,13235.7,13234.6,13235.4,13236.5,13236.6,13235.5,13236.3,45.0
2026-09-25T09:37:00+00:00,13235.5,13236.4,13234.4,13234.4,13236.4,13237.3,13235.3,13235.3,42.0
2026-09-25T09:38:00+00:00,13234.5,13235.7,13234.4,13234.7,13235.4,13236.6,13235.3,13235.6,38.0
2026-09-25T09:39:00+00:00,13234.6,13235.8,13233.5,13235.8,13235.5,13236.7,13234.4,13236.7,55.0
2026-09-25T09:40:00+00:00,13235.6,13236.4,13235.5,13236.2,13236.5,13237.3,13236.4,13237.1,37.0
2026-09-25T09:41:00+00:00,13236.1,13240.1,13235.8,13239.6,13237.0,13241.0,13236.7,13240.5,74.0
2026-09-25T09:42:00+00:00,13239.5,13240.1,13238.9,13239.2,13240.4,13241.0,13239.8,13240.1,67.0
2026-09-25T09:43:00+00:00,13239.0,13239.7,13238.3,13239.5,13239.9,13240.6,13239.2,13240.4,37.0
2026-09-25T09:44:00+00:00,13239.7,13239.7,13236.8,13236.8,13240.6,13240.6,13237.7,13237.7,49.0
2026-09-25T09:45:00+00:00,13236.9,13237.0,13235.7,13236.1,13237.8,13237.9,13236.6,13237.0,43.0
2026-09-25T09:46:00+00:00,13235.9,13236.1,13234.1,13234.2,13236.8,13237.0,13235.0,13235.1,51.0
2026-09-25T09:47:00+00:00,13234.1,13234.7,13233.2,13234.4,13235.0,13235.6,13234.1,13235.3,44.0
2026-09-25T09:48:00+00:00,13234.7,13234.8,13233.3,13234.5,13235.6,13235.7,13234.2,13235.4,75.0
2026-09-25T09:49:00+00:00,13234.7,13234.7,13233.3,13233.7,13235.6,13235.6,13234.2,13234.6,33.0
2026-09-25T09:50:00+00:00,13233.6,13235.0,13233.5,13234.6,13234.5,13235.9,13234.4,13235.5,30.0
2026-09-25T09:51:00+00:00,13234.8,13237.5,13234.6,13237.5,13235.7,13238.4,13235.5,13238.4,26.0
2026-09-25T09:52:00+00:00,13237.6,13238.3,13235.5,13238.1,13238.5,13239.2,13236.4,13239.0,36.0
2026-09-25T09:53:00+00:00,13237.4,13238.8,13236.9,13238.2,13238.3,13239.7,13237.8,13239.1,37.0
2026-09-25T09:54:00+00:00,13238.3,13238.8,13238.2,13238.6,13239.2,13239.7,13239.1,13239.5,38.0
2026-09-25T09:55:00+00:00,13238.5,13238.5,13237.1,13237.6,13239.4,13239.4,13238.0,13238.5,48.0
2026-09-25T09:56:00+00:00,13237.7,13239.6,13237.7,13239.5,13238.6,13240.5,13238.6,13240.4,46.0
2026-09-25T09:57:00+00:00,13239.4,13239.8,13238.5,13239.2,13240.3,13240.7,13239.4,13240.1,45.0
2026-09-25T09:58:00+00:00,13239.5,13241.5,13239.4,13239.5,13240.4,13242.4,13240.3,13240.4,71.0
2026-09-25T09:59:00+00:00,13239.6,13240.3,13238.8,13240.0,13240.5,13241.2,13239.7,13240.9,35.0
2026-09-25T10:00:00+00:00,13239.6,13241.6,13239.6,13241.5,13240.5,13242.5,13240.5,13242.4,47.0
2026-09-25T10:01:00+00:00,13241.4,13241.7,13241.2,13241.6,13242.3,13242.6,13242.1,13242.5,14.0
2026-09-25T10:02:00+00:00,13241.4,13243.1,13241.4,13242.2,13242.3,13244.0,13242.3,13243.1,31.0
2026-09-25T10:03:00+00:00,13242.3,13242.3,13241.6,13242.0,13243.2,13243.2,13242.5,13242.9,36.0
2026-09-25T10:04:00+00:00,13241.9,13242.8,13241.6,13242.6,13242.8,13243.7,13242.5,13243.5,43.0
2026-09-25T10:05:00+00:00,13242.5,13245.5,13242.5,13244.7,13243.4,13246.4,13243.4,13245.6,51.0
2026-09-25T10:06:00+00:00,13244.8,13245.1,13242.8,13243.2,13245.7,13246.0,13243.7,13244.1,51.0
2026-09-25T10:07:00+00:00,13243.3,13243.6,13242.7,13242.8,13244.2,13244.5,13243.6,13243.7,49.0
2026-09-25T10:08:00+00:00,13242.7,13245.5,13242.7,13245.2,13243.6,13246.4,13243.6,13246.1,51.0
2026-09-25T10:09:00+00:00,13245.3,13247.4,13245.1,13247.1,13246.2,13248.3,13246.0,13248.0,49.0
2026-09-25T10:10:00+00:00,13246.8,13247.7,13246.8,13247.4,13247.7,13248.6,13247.7,13248.3,54.0
2026-09-25T10:11:00+00:00,13247.5,13248.3,13247.3,13248.1,13248.4,13249.2,13248.2,13249.0,45.0
2026-09-25T10:12:00+00:00,13248.0,13248.4,13247.8,13248.4,13248.9,13249.3,13248.7,13249.3,27.0
2026-09-25T10:13:00+00:00,13249.0,13249.9,13248.5,13248.8,13249.9,13250.8,13249.4,13249.7,40.0
2026-09-25T10:14:00+00:00,13248.7,13248.7,13246.7,13247.6,13249.6,13249.6,13247.6,13248.5,43.0
2026-09-25T10:15:00+00:00,13247.5,13247.5,13245.1,13245.2,13248.4,13248.4,13246.0,13246.1,47.0
2026-09-25T10:16:00+00:00,13245.7,13248.4,13245.7,13247.7,13246.6,13249.3,13246.6,13248.6,64.0
2026-09-25T10:17:00+00:00,13247.9,13248.8,13247.8,13248.8,13248.8,13249.7,13248.7,13249.7,29.0
2026-09-25T10:18:00+00:00,13248.7,13248.9,13246.8,13246.8,13249.6,13249.8,13247.7,13247.7,40.0
2026-09-25T10:19:00+00:00,13246.6,13246.8,13244.8,13245.6,13247.5,13247.7,13245.7,13246.5,36.0
2026-09-25T10:20:00+00:00,13245.5,13246.1,13245.3,13246.0,13246.4,13247.0,13246.2,13246.9,22.0
2026-09-25T10:21:00+00:00,13245.7,13247.5,13245.4,13246.8,13246.6,13248.4,13246.3,13247.7,49.0
2026-09-25T10:22:00+00:00,13246.6,13246.6,13244.4,13245.1,13247.5,13247.5,13245.3,13246.0,46.0
2026-09-25T10:23:00+00:00,13244.8,13245.4,13244.6,13244.7,13245.7,13246.3,13245.5,13245.6,47.0
2026-09-25T10:24:00+00:00,13244.9,13245.0,13244.1,13244.4,13245.8,13245.9,13245.0,13245.3,21.0
2026-09-25T10:25:00+00:00,13244.5,13244.9,13244.0,13244.5,13245.4,13245.8,13244.9,13245.4,29.0
2026-09-25T10:26:00+00:00,13243.7,13244.6,13243.2,13244.4,13244.6,13245.5,13244.1,13245.3,28.0
2026-09-25T10:27:00+00:00,13244.3,13244.5,13244.0,13244.4,13245.2,13245.4,13244.9,13245.3,28.0
2026-09-25T10:28:00+00:00,13244.3,13244.4,13244.3,13244.4,13245.2,13245.3,13245.2,13245.3,20.0
2026-09-25T10:29:00+00:00,13244.3,13245.1,13243.6,13244.5,13245.2,13246.0,13244.5,13245.4,32.0
2026-09-25T10:30:00+00:00,13244.4,13244.8,13244.0,13244.5,13245.3,13245.7,13244.9,13245.4,21.0
2026-09-25T10:31:00+00:00,13244.4,13244.6,13243.8,13244.5,13245.3,13245.5,13244.7,13245.4,27.0
2026-09-25T10:32:00+00:00,13244.4,13244.6,13244.1,13244.4,13245.3,13245.5,13245.0,13245.3,24.0
2026-09-25T10:33:00+00:00,13244.2,13244.2,13242.6,13243.8,13245.1,13245.1,13243.5,13244.7,37.0
2026-09-25T10:34:00+00:00,13243.5,13244.4,13242.0,13244.3,13244.4,13245.3,13242.9,13245.2,35.0
2026-09-25T10:35:00+00:00,13244.2,13244.5,13242.7,13242.7,13245.1,13245.4,13243.6,13243.6,23.0
2026-09-25T10:36:00+00:00,13242.8,13242.9,13241.4,13241.5,13243.7,13243.8,13242.3,13242.4,35.0
2026-09-25T10:37:00+00:00,13241.6,13242.7,13241.5,13242.4,13242.5,13243.6,13242.4,13243.3,30.0
2026-09-25T10:38:00+00:00,13242.5,13243.3,13242.0,13242.7,13243.4,13244.2,13242.9,13243.6,28.0
2026-09-25T10:39:00+00:00,13243.3,13244.0,13243.2,13243.9,13244.2,13244.9,13244.1,13244.8,26.0
2026-09-25T10:40:00+00:00,13244.0,13245.4,13243.9,13245.0,13244.9,13246.3,13244.8,13245.9,45.0
2026-09-25T10:41:00+00:00,13245.1,13245.5,13245.0,13245.5,13246.0,13246.4,13245.9,13246.4,20.0
2026-09-25T10:42:00+00:00,13245.7,13245.9,13245.4,13245.4,13246.6,13246.8,13246.3,13246.3,17.0
2026-09-25T10:43:00+00:00,13245.5,13246.7,13245.4,13245.6,13246.4,13247.6,13246.3,13246.5,20.0
2026-09-25T10:44:00+00:00,13245.7,13246.1,13244.8,13245.8,13246.6,13247.0,13245.7,13246.7,26.0
2026-09-25T10:45:00+00:00,13245.9,13246.5,13245.4,13245.4,13246.8,13247.4,13246.3,13246.3,42.0
2026-09-25T10:46:00+00:00,13245.5,13245.6,13244.7,13245.0,13246.4,13246.5,13245.6,13245.9,19.0
2026-09-25T10:47:00+00:00,13245.1,13245.3,13244.6,13244.8,13246.0,13246.2,13245.5,13245.7,23.0
2026-09-25T10:48:00+00:00,13245.0,13246.6,13244.8,13245.6,13245.9,13247.5,13245.7,13246.5,36.0
2026-09-25T10:49:00+00:00,13245.5,13245.5,13244.0,13244.2,13246.4,13246.4,13244.9,13245.1,49.0
2026-09-25T10:50:00+00:00,13244.1,13244.5,13243.2,13243.6,13245.0,13245.4,13244.1,13244.5,18.0
2026-09-25T10:51:00+00:00,13243.7,13244.6,13243.7,13243.8,13244.6,13245.5,13244.6,13244.7,26.0
2026-09-25T10:52:00+00:00,13243.9,13244.1,13243.8,13243.8,13244.8,13245.0,13244.7,13244.7,13.0
2026-09-25T10:53:00+00:00,13243.5,13244.7,13243.0,13244.0,13244.4,13245.6,13243.9,13244.9,40.0
2026-09-25T10:54:00+00:00,13244.1,13246.0,13243.9,13245.9,13245.0,13246.9,13244.8,13246.8,30.0
2026-09-25T10:55:00+00:00,13246.0,13246.0,13244.8,13245.6,13246.9,13246.9,13245.7,13246.5,24.0
2026-09-25T10:56:00+00:00,13245.3,13245.3,13244.7,13244.7,13246.2,13246.2,13245.6,13245.6,27.0
2026-09-25T10:57:00+00:00,13244.8,13244.8,13244.0,13244.5,13245.7,13245.7,13244.9,13245.4,26.0
2026-09-25T10:58:00+00:00,13244.1,13245.1,13243.5,13245.0,13245.0,13246.0,13244.4,13245.9,29.0
2026-09-25T10:59:00+00:00,13245.2,13245.2,13243.6,13243.9,13246.1,13246.1,13244.5,13244.8,26.0
2026-09-25T11:00:00+00:00,13244.0,13244.2,13243.0,13243.9,13244.9,13245.1,13243.9,13244.8,62.0
2026-09-25T11:01:00+00:00,13244.0,13244.3,13243.6,13243.6,13244.9,13245.2,13244.5,13244.5,29.0
2026-09-25T11:02:00+00:00,13243.7,13245.3,13243.6,13244.3,13244.6,13246.2,13244.5,13245.2,38.0
2026-09-25T11:03:00+00:00,13244.2,13248.5,13244.2,13247.5,13245.1,13249.4,13245.1,13248.4,44.0
2026-09-25T11:04:00+00:00,13247.4,13249.3,13247.4,13248.5,13248.3,13250.2,13248.3,13249.4,65.0
2026-09-25T11:05:00+00:00,13248.4,13248.4,13247.3,13247.7,13249.3,13249.3,13248.2,13248.6,40.0
2026-09-25T11:06:00+00:00,13247.9,13250.0,13247.7,13249.9,13248.8,13250.9,13248.6,13250.8,60.0
2026-09-25T11:07:00+00:00,13250.0,13251.7,13249.7,13250.9,13250.9,13252.6,13250.6,13251.8,60.0
2026-09-25T11:08:00+00:00,13251.0,13252.6,13250.6,13252.6,13251.9,13253.5,13251.5,13253.5,49.0
2026-09-25T11:09:00+00:00,13252.7,13254.3,13252.6,13252.8,13253.6,13255.2,13253.5,13253.7,52.0
2026-09-25T11:10:00+00:00,13252.7,13253.6,13250.8,13251.7,13253.6,13254.5,13251.7,13252.6,52.0
2026-09-25T11:11:00+00:00,13251.8,13253.0,13251.5,13252.8,13252.7,13253.9,13252.4,13253.7,44.0
2026-09-25T11:12:00+00:00,13252.5,13252.6,13251.3,13251.7,13253.4,13253.5,13252.2,13252.6,56.0
2026-09-25T11:13:00+00:00,13251.6,13252.8,13251.6,13252.7,13252.5,13253.7,13252.5,13253.6,20.0
2026-09-25T11:14:00+00:00,13252.6,13252.9,13251.7,13252.8,13253.5,13253.8,13252.6,13253.7,33.0
2026-09-25T11:15:00+00:00,13253.2,13254.6,13253.2,13253.6,13254.1,13255.5,13254.1,13254.5,45.0
2026-09-25T11:16:00+00:00,13253.7,13255.7,13253.6,13253.6,13254.6,13256.6,13254.5,13254.5,40.0
2026-09-25T11:17:00+00:00,13253.2,13253.8,13252.6,13253.3,13254.1,13254.7,13253.5,13254.2,58.0
2026-09-25T11:18:00+00:00,13253.6,13253.8,13252.4,13253.2,13254.5,13254.7,13253.3,13254.1,36.0
2026-09-25T11:19:00+00:00,13252.8,13253.5,13252.0,13252.2,13253.7,13254.4,13252.9,13253.1,43.0
2026-09-25T11:20:00+00:00,13252.3,13254.6,13252.2,13254.6,13253.2,13255.5,13253.1,13255.5,28.0
2026-09-25T11:21:00+00:00,13254.5,13256.9,13254.4,13255.7,13255.4,13257.8,13255.3,13256.6,46.0
2026-09-25T11:22:00+00:00,13255.8,13255.9,13254.6,13254.7,13256.7,13256.8,13255.5,13255.6,38.0
2026-09-25T11:23:00+00:00,13254.6,13255.7,13254.4,13254.7,13255.5,13256.6,13255.3,13255.6,26.0
2026-09-25T11:24:00+00:00,13254.6,13255.5,13253.6,13254.7,13255.5,13256.4,13254.5,13255.6,47.0
2026-09-25T11:25:00+00:00,13254.8,13255.6,13253.5,13253.6,13255.7,13256.5,13254.4,13254.5,41.0
2026-09-25T11:26:00+00:00,13253.7,13254.7,13253.6,13254.4,13254.6,13255.6,13254.5,13255.3,20.0
2026-09-25T11:27:00+00:00,13254.5,13254.7,13253.6,13254.0,13255.4,13255.6,13254.5,13254.9,41.0
2026-09-25T11:28:00+00:00,13253.9,13254.2,13252.8,13254.2,13254.8,13255.1,13253.7,13255.1,38.0
2026-09-25T11:29:00+00:00,13254.3,13254.3,13252.7,13252.9,13255.2,13255.2,13253.6,13253.8,50.0
2026-09-25T11:30:00+00:00,13252.7,13253.0,13251.4,13251.7,13253.6,13253.9,13252.3,13252.6,27.0
2026-09-25T11:31:00+00:00,13251.8,13253.6,13251.5,13253.6,13252.7,13254.5,13252.4,13254.5,34.0
2026-09-25T11:32:00+00:00,13253.4,13253.5,13252.6,13252.6,13254.3,13254.4,13253.5,13253.5,20.0
2026-09-25T11:33:00+00:00,13252.5,13252.7,13251.8,13252.6,13253.4,13253.6,13252.7,13253.5,31.0
2026-09-25T11:34:00+00:00,13252.7,13253.0,13252.1,13252.1,13253.6,13253.9,13253.0,13253.0,37.0
2026-09-25T11:35:00+00:00,13252.2,13258.8,13251.9,13255.5,13253.1,13259.7,13252.8,13256.4,82.0
2026-09-25T11:36:00+00:00,13255.6,13255.6,13251.0,13251.1,13256.5,13256.5,13251.9,13252.0,83.0
2026-09-25T11:37:00+00:00,13251.4,13251.6,13250.5,13250.7,13252.3,13252.5,13251.4,13251.6,39.0
2026-09-25T11:38:00+00:00,13250.6,13251.6,13250.5,13251.3,13251.5,13252.5,13251.4,13252.2,43.0
2026-09-25T11:39:00+00:00,13250.8,13250.9,13249.5,13249.6,13251.7,13251.8,13250.4,13250.5,41.0
2026-09-25T11:40:00+00:00,13249.7,13250.7,13249.6,13250.5,13250.6,13251.6,13250.5,13251.4,28.0
2026-09-25T11:41:00+00:00,13250.6,13251.7,13250.2,13250.7,13251.5,13252.6,13251.1,13251.6,53.0
2026-09-25T11:42:00+00:00,13251.0,13251.7,13250.1,13251.6,13251.9,13252.6,13251.0,13252.5,39.0
2026-09-25T11:43:00+00:00,13251.7,13252.5,13251.5,13252.4,13252.6,13253.4,13252.4,13253.3,26.0
2026-09-25T11:44:00+00:00,13252.5,13252.6,13250.7,13252.6,13253.4,13253.5,13251.6,13253.5,37.0
2026-09-25T11:45:00+00:00,13252.5,13252.5,13248.7,13248.7,13253.4,13253.4,13249.6,13249.6,36.0
2026-09-25T11:46:00+00:00,13248.8,13249.3,13248.2,13249.3,13249.7,13250.2,13249.1,13250.2,25.0
2026-09-25T11:47:00+00:00,13249.4,13251.5,13248.9,13250.1,13250.3,13252.4,13249.8,13251.0,58.0
2026-09-25T11:48:00+00:00,13250.2,13251.7,13249.5,13251.6,13251.1,13252.6,13250.4,13252.5,39.0
2026-09-25T11:49:00+00:00,13252.6,13253.4,13251.6,13251.6,13253.5,13254.3,13252.5,13252.5,39.0
2026-09-25T11:50:00+00:00,13251.7,13252.2,13251.5,13251.5,13252.6,13253.1,13252.4,13252.4,32.0
2026-09-25T11:51:00+00:00,13251.8,13252.8,13251.6,13252.8,13252.7,13253.7,13252.5,13253.7,27.0
2026-09-25T11:52:00+00:00,13252.7,13254.0,13252.5,13252.5,13253.6,13254.9,13253.4,13253.4,32.0
2026-09-25T11:53:00+00:00,13252.4,13253.5,13252.1,13252.8,13253.3,13254.4,13253.0,13253.7,45.0
2026-09-25T11:54:00+00:00,13253.6,13253.8,13251.7,13252.0,13254.5,13254.7,13252.6,13252.9,56.0
2026-09-25T11:55:00+00:00,13251.9,13253.2,13251.3,13252.7,13252.8,13254.1,13252.2,13253.6,80.0
2026-09-25T11:56:00+00:00,13252.5,13252.8,13250.8,13250.8,13253.4,13253.7,13251.7,13251.7,57.0
2026-09-25T11:57:00+00:00,13250.9,13251.1,13249.7,13251.1,13251.8,13252.0,13250.6,13252.0,28.0
2026-09-25T11:58:00+00:00,13251.2,13251.3,13249.7,13250.2,13252.1,13252.2,13250.6,13251.1,36.0
2026-09-25T11:59:00+00:00,13250.5,13250.8,13249.5,13249.7,13251.4,13251.7,13250.4,13250.6,20.0
2026-09-25T12:00:00+00:00,13249.8,13249.8,13248.6,13249.7,13250.7,13250.7,13249.5,13250.6,49.0
2026-09-25T12:01:00+00:00,13249.5,13250.4,13249.4,13250.2,13250.4,13251.3,13250.3,13251.1,53.0
2026-09-25T12:02:00+00:00,13250.3,13250.3,13249.5,13249.7,13251.2,13251.2,13250.4,13250.6,45.0
2026-09-25T12:03:00+00:00,13249.6,13251.1,13249.5,13250.4,13250.5,13252.0,13250.4,13251.3,51.0
2026-09-25T12:04:00+00:00,13250.3,13250.5,13248.6,13249.8,13251.2,13251.4,13249.5,13250.7,47.0
2026-09-25T12:05:00+00:00,13249.7,13250.5,13248.8,13249.3,13250.6,13251.4,13249.7,13250.2,37.0
2026-09-25T12:06:00+00:00,13249.4,13249.7,13248.8,13249.5,13250.3,13250.6,13249.7,13250.4,21.0
2026-09-25T12:07:00+00:00,13249.4,13250.5,13249.4,13250.3,13250.3,13251.4,13250.3,13251.2,41.0
2026-09-25T12:08:00+00:00,13250.4,13251.7,13250.3,13251.4,13251.3,13252.6,13251.2,13252.3,48.0
2026-09-25T12:09:00+00:00,13251.5,13252.2,13251.4,13251.5,13252.4,13253.1,13252.3,13252.4,37.0
2026-09-25T12:10:00+00:00,13251.6,13251.6,13250.5,13250.7,13252.5,13252.5,13251.4,13251.6,50.0
2026-09-25T12:11:00+00:00,13250.8,13251.6,13250.3,13251.6,13251.7,13252.5,13251.2,13252.5,39.0
2026-09-25T12:12:00+00:00,13251.5,13251.5,13250.2,13250.3,13252.4,13252.4,13251.1,13251.2,24.0
2026-09-25T12:13:00+00:00,13250.2,13250.2,13248.2,13248.8,13251.1,13251.1,13249.1,13249.7,34.0
2026-09-25T12:14:00+00:00,13248.9,13249.3,13247.8,13248.9,13249.8,13250.2,13248.7,13249.8,57.0
2026-09-25T12:15:00+00:00,13248.8,13250.9,13248.6,13250.9,13249.7,13251.8,13249.5,13251.8,59.0
2026-09-25T12:16:00+00:00,13251.0,13252.6,13250.8,13251.0,13251.9,13253.5,13251.7,13251.9,67.0
2026-09-25T12:17:00+00:00,13251.5,13252.5,13251.2,13252.1,13252.4,13253.4,13252.1,13253.0,29.0
2026-09-25T12:18:00+00:00,13252.0,13253.0,13251.5,13251.8,13252.9,13253.9,13252.4,13252.7,45.0
2026-09-25T12:19:00+00:00,13252.1,13253.0,13250.9,13252.8,13253.0,13253.9,13251.8,13253.7,29.0
2026-09-25T12:20:00+00:00,13252.6,13254.5,13252.6,13254.4,13253.5,13255.4,13253.5,13255.3,45.0
2026-09-25T12:21:00+00:00,13254.5,13255.5,13254.5,13254.8,13255.4,13256.4,13255.4,13255.7,61.0
2026-09-25T12:22:00+00:00,13254.9,13256.8,13254.9,13255.6,13255.8,13257.7,13255.8,13256.5,55.0
2026-09-25T12:23:00+00:00,13255.5,13255.6,13254.2,13254.4,13256.4,13256.5,13255.1,13255.3,44.0
2026-09-25T12:24:00+00:00,13254.5,13255.3,13254.2,13254.3,13255.4,13256.2,13255.1,13255.2,24.0
2026-09-25T12:25:00+00:00,13254.2,13255.6,13254.2,13255.5,13255.1,13256.5,13255.1,13256.4,21.0
2026-09-25T12:26:00+00:00,13255.4,13257.2,13255.4,13255.8,13256.3,13258.1,13256.3,13256.7,17.0
2026-09-25T12:27:00+00:00,13255.9,13256.2,13255.9,13256.0,13256.8,13257.1,13256.8,13256.9,11.0
2026-09-25T12:28:00+00:00,13256.1,13256.8,13256.0,13256.1,13257.0,13257.7,13256.9,13257.0,13.0
2026-09-25T12:29:00+00:00,13256.2,13256.2,13254.8,13254.9,13257.1,13257.1,13255.7,13256.4,35.0
2026-09-25T12:30:00+00:00,13255.2,13255.4,13253.9,13254.9,13256.7,13256.7,13254.8,13255.8,30.0
2026-09-25T12:31:00+00:00,13255.1,13255.1,13254.1,13254.1,13256.0,13256.0,13255.0,13255.0,19.0
2026-09-25T12:32:00+00:00,13254.0,13254.1,13252.1,13252.1,13254.9,13255.0,13253.0,13253.0,30.0
2026-09-25T12:33:00+00:00,13252.0,13253.1,13251.8,13253.0,13252.9,13254.0,13252.7,13253.9,35.0
2026-09-25T12:34:00+00:00,13253.2,13253.7,13252.9,13253.5,13254.1,13254.6,13253.8,13254.4,22.0
2026-09-25T12:35:00+00:00,13253.0,13254.2,13253.0,13253.5,13253.9,13255.1,13253.9,13254.4,45.0
2026-09-25T12:36:00+00:00,13253.4,13254.2,13253.3,13253.8,13254.3,13255.1,13254.2,13254.7,40.0
2026-09-25T12:37:00+00:00,13253.4,13254.6,13253.2,13254.4,13254.3,13255.5,13254.1,13255.3,33.0
2026-09-25T12:38:00+00:00,13254.3,13254.4,13253.4,13254.4,13255.2,13255.3,13254.3,13255.3,24.0
2026-09-25T12:39:00+00:00,13254.5,13255.4,13254.4,13255.2,13255.4,13256.3,13255.3,13256.1,33.0
2026-09-25T12:40:00+00:00,13255.1,13255.4,13253.0,13253.1,13256.0,13256.3,13253.9,13254.0,52.0
2026-09-25T12:41:00+00:00,13253.4,13253.5,13252.9,13253.1,13254.3,13254.4,13253.8,13254.0,26.0
2026-09-25T12:42:00+00:00,13253.0,13253.1,13252.0,13253.1,13253.9,13254.0,13252.9,13254.0,39.0
2026-09-25T12:43:00+00:00,13252.9,13252.9,13251.2,13251.8,13253.8,13253.8,13252.1,13252.7,30.0
2026-09-25T12:44:00+00:00,13251.7,13254.0,13250.8,13251.6,13252.6,13254.9,13251.7,13252.5,90.0
2026-09-25T12:45:00+00:00,13251.7,13252.3,13251.0,13252.1,13252.6,13253.2,13251.9,13253.0,81.0
2026-09-25T12:46:00+00:00,13251.7,13255.3,13250.9,13254.3,13252.6,13256.2,13251.8,13255.2,76.0
2026-09-25T12:47:00+00:00,13254.0,13257.0,13252.7,13256.7,13254.9,13257.9,13253.6,13257.6,132.0
2026-09-25T12:48:00+00:00,13256.6,13256.7,13253.3,13253.6,13257.5,13257.6,13254.2,13254.5,76.0
2026-09-25T12:49:00+00:00,13253.4,13253.7,13252.3,13253.7,13254.3,13254.6,13253.2,13254.6,55.0
2026-09-25T12:50:00+00:00,13254.0,13255.8,13253.8,13255.1,13254.9,13256.7,13254.7,13256.0,66.0
2026-09-25T12:51:00+00:00,13254.9,13255.3,13254.3,13255.3,13255.8,13256.2,13255.2,13256.2,45.0
2026-09-25T12:52:00+00:00,13255.2,13255.3,13252.6,13252.8,13256.1,13256.2,13253.5,13253.7,59.0
2026-09-25T12:53:00+00:00,13253.0,13256.2,13253.0,13255.5,13253.9,13257.1,13253.9,13256.4,105.0
2026-09-25T12:54:00+00:00,13255.6,13256.3,13253.8,13254.5,13256.5,13257.2,13254.7,13255.4,60.0
2026-09-25T12:55:00+00:00,13254.4,13254.9,13253.6,13253.6,13255.3,13255.8,13254.5,13254.5,62.0
2026-09-25T12:56:00+00:00,13253.8,13254.7,13253.8,13254.5,13254.7,13255.6,13254.7,13255.4,30.0
2026-09-25T12:57:00+00:00,13254.6,13254.6,13252.6,13253.9,13255.5,13255.5,13253.5,13254.8,55.0
2026-09-25T12:58:00+00:00,13253.7,13255.0,13253.3,13254.7,13254.6,13255.9,13254.2,13255.6,71.0
2026-09-25T12:59:00+00:00,13254.6,13256.4,13254.2,13256.1,13255.5,13257.3,13255.1,13257.0,43.0
2026-09-25T13:00:00+00:00,13256.3,13257.4,13255.4,13255.7,13257.2,13258.3,13256.3,13256.6,92.0
2026-09-25T13:01:00+00:00,13255.6,13255.9,13254.8,13255.6,13256.5,13256.8,13255.7,13256.5,52.0
2026-09-25T13:02:00+00:00,13255.5,13255.6,13255.0,13255.4,13256.4,13256.5,13255.9,13256.3,54.0
2026-09-25T13:03:00+00:00,13255.5,13255.7,13254.6,13255.3,13256.4,13256.6,13255.5,13256.2,52.0
2026-09-25T13:04:00+00:00,13255.4,13256.2,13254.4,13254.5,13256.3,13257.1,13255.3,13255.4,59.0
2026-09-25T13:05:00+00:00,13254.6,13256.6,13254.5,13256.6,13255.5,13257.5,13255.4,13257.5,54.0
2026-09-25T13:06:00+00:00,13256.7,13259.2,13256.6,13258.5,13257.6,13260.1,13257.5,13259.4,69.0
2026-09-25T13:07:00+00:00,13258.6,13259.6,13258.0,13259.6,13259.5,13260.5,13258.9,13260.5,44.0
2026-09-25T13:08:00+00:00,13260.5,13263.1,13260.5,13261.4,13261.4,13264.0,13261.4,13262.3,47.0
2026-09-25T13:09:00+00:00,13261.0,13261.7,13259.5,13261.4,13261.9,13262.6,13260.4,13262.3,56.0
2026-09-25T13:10:00+00:00,13261.5,13261.8,13260.2,13260.4,13262.4,13262.7,13261.1,13261.3,35.0
2026-09-25T13:11:00+00:00,13259.8,13260.5,13259.5,13259.6,13260.7,13261.4,13260.4,13260.5,68.0
2026-09-25T13:12:00+00:00,13259.5,13259.5,13257.7,13258.9,13260.4,13260.4,13258.6,13259.8,60.0
2026-09-25T13:13:00+00:00,13259.1,13259.7,13258.7,13259.2,13260.0,13260.6,13259.6,13260.1,41.0
2026-09-25T13:14:00+00:00,13259.1,13259.2,13256.8,13257.7,13260.0,13260.1,13257.7,13258.6,44.0
2026-09-25T13:15:00+00:00,13257.6,13257.6,13255.4,13256.0,13258.5,13258.5,13256.3,13256.9,51.0
2026-09-25T13:16:00+00:00,13255.9,13256.2,13255.0,13255.4,13256.8,13257.1,13255.9,13256.3,35.0
2026-09-25T13:17:00+00:00,13255.2,13255.8,13254.8,13255.4,13256.1,13256.7,13255.7,13256.3,60.0
2026-09-25T13:18:00+00:00,13255.3,13255.9,13254.1,13255.3,13256.2,13256.8,13255.0,13256.2,43.0
2026-09-25T13:19:00+00:00,13255.9,13258.0,13254.6,13258.0,13256.8,13258.9,13255.5,13258.9,67.0
2026-09-25T13:20:00+00:00,13258.1,13258.3,13254.7,13254.7,13259.0,13259.2,13255.6,13255.6,65.0
2026-09-25T13:21:00+00:00,13254.8,13255.5,13252.6,13252.7,13255.7,13256.4,13253.5,13253.6,53.0
2026-09-25T13:22:00+00:00,13252.6,13255.4,13252.6,13255.4,13253.5,13256.3,13253.5,13256.3,33.0
2026-09-25T13:23:00+00:00,13255.3,13255.7,13253.0,13253.5,13256.2,13256.6,13253.9,13254.4,63.0
2026-09-25T13:24:00+00:00,13253.6,13254.6,13253.1,13253.9,13254.5,13255.5,13254.0,13254.8,53.0
2026-09-25T13:25:00+00:00,13254.0,13254.3,13252.1,13252.3,13254.9,13255.2,13253.0,13253.2,71.0
2026-09-25T13:26:00+00:00,13252.4,13252.4,13251.0,13251.6,13253.3,13253.3,13251.9,13252.5,49.0
2026-09-25T13:27:00+00:00,13251.7,13252.2,13249.4,13250.3,13252.6,13253.1,13250.3,13251.2,89.0
2026-09-25T13:28:00+00:00,13250.4,13250.6,13249.4,13250.4,13251.3,13251.5,13250.3,13251.3,49.0
2026-09-25T13:29:00+00:00,13250.5,13250.6,13249.0,13249.4,13251.4,13251.5,13249.9,13250.3,68.0
2026-09-25T13:30:00+00:00,13249.5,13251.4,13248.3,13251.4,13250.4,13252.3,13249.2,13252.3,78.0
2026-09-25T13:31:00+00:00,13251.7,13256.9,13251.2,13256.9,13252.6,13257.8,13252.1,13257.8,101.0
2026-09-25T13:32:00+00:00,13256.8,13257.4,13254.4,13254.6,13257.7,13258.3,13255.3,13255.5,53.0
2026-09-25T13:33:00+00:00,13254.5,13254.8,13253.8,13254.7,13255.4,13255.7,13254.7,13255.6,68.0
2026-09-25T13:34:00+00:00,13254.6,13255.3,13252.5,13254.2,13255.5,13256.2,13253.4,13255.1,69.0
2026-09-25T13:35:00+00:00,13253.9,13255.0,13253.2,13253.5,13254.8,13255.9,13254.1,13254.4,68.0
2026-09-25T13:36:00+00:00,13254.0,13255.0,13252.5,13254.3,13254.9,13255.9,13253.4,13255.2,82.0
2026-09-25T13:37:00+00:00,13254.2,13255.8,13253.9,13255.3,13255.1,13256.7,13254.8,13256.2,61.0
2026-09-25T13:38:00+00:00,13255.4,13255.7,13254.2,13254.4,13256.3,13256.6,13255.1,13255.3,72.0
2026-09-25T13:39:00+00:00,13254.3,13256.1,13252.8,13256.0,13255.2,13257.0,13253.7,13256.9,49.0
2026-09-25T13:40:00+00:00,13255.9,13257.3,13255.5,13256.2,13256.8,13258.2,13256.4,13257.1,70.0
2026-09-25T13:41:00+00:00,13256.4,13257.8,13255.6,13256.6,13257.3,13258.7,13256.5,13257.5,73.0
2026-09-25T13:42:00+00:00,13256.5,13256.8,13255.5,13256.4,13257.4,13257.7,13256.4,13257.3,76.0
2026-09-25T13:43:00+00:00,13256.3,13256.4,13254.0,13254.6,13257.2,13257.3,13254.9,13255.5,59.0
2026-09-25T13:44:00+00:00,13254.3,13255.4,13253.5,13254.6,13255.2,13256.3,13254.4,13255.5,54.0
2026-09-25T13:45:00+00:00,13254.5,13257.3,13254.5,13256.6,13255.4,13258.2,13255.4,13257.5,64.0
2026-09-25T13:46:00+00:00,13256.7,13257.3,13253.8,13256.7,13257.6,13258.2,13254.7,13257.6,71.0
2026-09-25T13:47:00+00:00,13256.6,13258.0,13254.8,13255.3,13257.5,13258.9,13255.7,13256.2,92.0
2026-09-25T13:48:00+00:00,13255.2,13255.6,13253.5,13254.6,13256.1,13256.5,13254.4,13255.5,81.0
2026-09-25T13:49:00+00:00,13254.8,13258.5,13254.8,13257.6,13255.7,13259.4,13255.7,13258.5,76.0
2026-09-25T13:50:00+00:00,13257.5,13260.1,13257.4,13259.6,13258.4,13261.0,13258.3,13260.5,79.0
2026-09-25T13:51:00+00:00,13259.7,13259.8,13257.2,13257.3,13260.6,13260.7,13258.1,13258.2,58.0
2026-09-25T13:52:00+00:00,13257.2,13257.2,13254.6,13255.4,13258.1,13258.1,13255.5,13256.3,50.0
2026-09-25T13:53:00+00:00,13255.5,13255.6,13253.6,13253.7,13256.4,13256.5,13254.5,13254.6,52.0
2026-09-25T13:54:00+00:00,13253.6,13254.5,13253.0,13253.6,13254.5,13255.4,13253.9,13254.5,59.0
2026-09-25T13:55:00+00:00,13253.5,13253.5,13252.0,13253.3,13254.4,13254.4,13252.9,13254.2,74.0
2026-09-25T13:56:00+00:00,13253.0,13253.4,13252.4,13252.5,13253.9,13254.3,13253.3,13253.4,32.0
2026-09-25T13:57:00+00:00,13252.6,13253.4,13251.7,13253.3,13253.5,13254.3,13252.6,13254.2,57.0
2026-09-25T13:58:00+00:00,13253.1,13253.4,13252.0,13252.5,13254.0,13254.3,13252.9,13253.4,44.0
2026-09-25T13:59:00+00:00,13252.6,13252.9,13250.8,13251.4,13253.5,13254.0,13252.8,13254.0,61.0
2026-09-25T14:00:00+00:00,13250.4,13252.5,13250.4,13250.9,13254.1,13255.2,13251.8,13251.8,73.0
2026-09-25T14:01:00+00:00,13251.0,13251.1,13247.6,13247.7,13251.9,13252.0,13248.5,13248.6,60.0
2026-09-25T14:02:00+00:00,13247.9,13247.9,13244.5,13245.3,13248.8,13248.8,13245.4,13246.2,54.0
2026-09-25T14:03:00+00:00,13245.5,13245.5,13243.6,13245.2,13246.4,13246.4,13244.5,13246.1,83.0
2026-09-25T14:04:00+00:00,13245.3,13246.9,13244.4,13244.5,13246.2,13247.8,13245.3,13245.4,68.0
2026-09-25T14:05:00+00:00,13244.4,13244.4,13240.7,13242.3,13245.3,13245.3,13241.6,13243.2,103.0
2026-09-25T14:06:00+00:00,13242.4,13243.4,13240.7,13241.5,13243.3,13244.3,13241.6,13242.4,92.0
2026-09-25T14:07:00+00:00,13241.4,13245.4,13241.3,13244.9,13242.3,13246.3,13242.2,13245.8,83.0
2026-09-25T14:08:00+00:00,13244.8,13247.6,13243.7,13247.6,13245.7,13248.5,13244.6,13248.5,100.0
2026-09-25T14:09:00+00:00,13247.7,13248.8,13247.2,13248.5,13248.6,13249.7,13248.1,13249.4,80.0
2026-09-25T14:10:00+00:00,13248.4,13249.5,13246.6,13247.4,13249.3,13250.4,13247.5,13248.3,94.0
2026-09-25T14:11:00+00:00,13247.5,13247.6,13246.3,13247.0,13248.4,13248.5,13247.2,13247.9,81.0
2026-09-25T14:12:00+00:00,13247.1,13248.3,13246.2,13246.4,13248.0,13249.2,13247.1,13247.3,79.0
2026-09-25T14:13:00+00:00,13246.5,13248.5,13246.1,13247.6,13247.4,13249.4,13247.0,13248.5,90.0
2026-09-25T14:14:00+00:00,13247.7,13248.5,13246.8,13248.5,13248.6,13249.4,13247.7,13249.4,69.0
2026-09-25T14:15:00+00:00,13248.6,13249.0,13247.2,13247.8,13249.5,13249.9,13248.1,13248.7,82.0
2026-09-25T14:16:00+00:00,13247.9,13248.0,13246.6,13246.6,13248.8,13248.9,13247.5,13247.5,69.0
2026-09-25T14:17:00+00:00,13246.7,13247.3,13245.7,13245.7,13247.6,13248.2,13246.6,13246.6,47.0
2026-09-25T14:18:00+00:00,13245.8,13247.5,13245.6,13247.5,13246.7,13248.4,13246.5,13248.4,70.0
2026-09-25T14:19:00+00:00,13247.2,13247.9,13245.7,13246.7,13248.1,13248.8,13246.6,13247.6,72.0
2026-09-25T14:20:00+00:00,13246.8,13246.9,13244.5,13246.5,13247.7,13247.8,13245.4,13247.4,87.0
2026-09-25T14:21:00+00:00,13246.4,13246.7,13243.5,13243.8,13247.3,13247.6,13244.4,13244.7,56.0
2026-09-25T14:22:00+00:00,13243.9,13246.0,13243.9,13245.4,13244.8,13246.9,13244.8,13246.3,50.0
2026-09-25T14:23:00+00:00,13245.3,13246.4,13244.4,13245.8,13246.2,13247.3,13245.3,13246.7,62.0
2026-09-25T14:24:00+00:00,13245.7,13246.6,13243.7,13244.3,13246.6,13247.5,13244.6,13245.2,66.0
2026-09-25T14:25:00+00:00,13244.2,13244.6,13241.8,13242.1,13245.1,13245.5,13242.7,13243.0,74.0
2026-09-25T14:26:00+00:00,13241.9,13243.7,13241.9,13243.0,13242.8,13244.6,13242.8,13243.9,58.0
2026-09-25T14:27:00+00:00,13243.3,13243.7,13241.5,13241.6,13244.2,13244.6,13242.4,13242.5,57.0
2026-09-25T14:28:00+00:00,13241.7,13241.7,13240.4,13240.6,13242.6,13242.6,13241.3,13241.5,32.0
2026-09-25T14:29:00+00:00,13240.8,13241.7,13240.3,13240.4,13241.7,13242.6,13241.2,13241.3,42.0
2026-09-25T14:30:00+00:00,13239.9,13241.7,13238.7,13241.7,13240.8,13242.6,13239.6,13242.6,54.0
2026-09-25T14:31:00+00:00,13241.6,13241.8,13240.5,13241.3,13242.5,13242.7,13241.4,13242.2,39.0
2026-09-25T14:32:00+00:00,13241.2,13243.0,13240.4,13243.0,13242.1,13243.9,13241.3,13243.9,58.0
2026-09-25T14:33:00+00:00,13242.9,13244.5,13242.9,13243.5,13243.8,13245.4,13243.8,13244.4,34.0
2026-09-25T14:34:00+00:00,13243.4,13243.7,13242.6,13242.6,13244.3,13244.6,13243.5,13243.5,37.0
2026-09-25T14:35:00+00:00,13243.0,13244.4,13242.2,13244.3,13243.9,13245.3,13243.1,13245.2,36.0
2026-09-25T14:36:00+00:00,13243.7,13245.4,13243.6,13244.5,13244.6,13246.3,13244.5,13245.4,57.0
2026-09-25T14:37:00+00:00,13244.6,13244.6,13243.1,13243.9,13245.5,13245.5,13244.0,13244.8,67.0
2026-09-25T14:38:00+00:00,13243.6,13245.3,13243.6,13244.5,13244.5,13246.2,13244.5,13245.4,48.0
2026-09-25T14:39:00+00:00,13244.4,13244.5,13242.8,13243.8,13245.3,13245.4,13243.7,13244.7,52.0
2026-09-25T14:40:00+00:00,13243.9,13244.4,13242.4,13243.1,13244.8,13245.3,13243.3,13244.0,58.0
2026-09-25T14:41:00+00:00,13243.0,13244.1,13242.5,13243.1,13243.9,13245.0,13243.4,13244.0,75.0
2026-09-25T14:42:00+00:00,13243.0,13245.0,13242.7,13244.6,13243.9,13245.9,13243.6,13245.5,61.0
2026-09-25T14:43:00+00:00,13244.5,13244.5,13240.9,13241.4,13245.4,13245.4,13241.8,13242.3,51.0
2026-09-25T14:44:00+00:00,13241.2,13242.4,13241.2,13242.2,13242.1,13243.3,13242.1,13243.1,42.0
2026-09-25T14:45:00+00:00,13242.1,13242.7,13241.6,13242.7,13243.0,13243.6,13242.5,13243.6,60.0
2026-09-25T14:46:00+00:00,13242.8,13244.9,13242.6,13244.2,13243.7,13245.8,13243.5,13245.1,98.0
2026-09-25T14:47:00+00:00,13244.4,13246.7,13244.4,13245.7,13245.3,13247.6,13245.3,13246.6,64.0
2026-09-25T14:48:00+00:00,13245.8,13247.7,13245.8,13247.4,13246.7,13248.6,13246.7,13248.3,47.0
2026-09-25T14:49:00+00:00,13247.6,13250.4,13247.3,13249.3,13248.5,13251.3,13248.2,13250.2,76.0
2026-09-25T14:50:00+00:00,13248.9,13250.3,13248.3,13250.0,13249.8,13251.2,13249.2,13250.9,61.0
2026-09-25T14:51:00+00:00,13249.9,13250.9,13248.4,13248.4,13250.8,13251.8,13249.3,13249.3,65.0
2026-09-25T14:52:00+00:00,13247.6,13248.1,13246.4,13247.9,13248.5,13249.0,13247.3,13248.8,47.0
2026-09-25T14:53:00+00:00,13247.8,13249.4,13247.7,13247.9,13248.7,13250.3,13248.6,13248.8,45.0
2026-09-25T14:54:00+00:00,13248.0,13249.0,13247.9,13248.5,13248.9,13249.9,13248.8,13249.4,50.0
2026-09-25T14:55:00+00:00,13248.6,13248.6,13244.4,13245.4,13249.5,13249.5,13245.3,13246.3,77.0
2026-09-25T14:56:00+00:00,13245.3,13246.3,13243.6,13243.9,13246.2,13247.2,13244.5,13244.8,52.0
2026-09-25T14:57:00+00:00,13244.0,13246.3,13243.4,13245.7,13244.9,13247.2,13244.3,13246.6,81.0
2026-09-25T14:58:00+00:00,13245.6,13245.8,13242.5,13244.1,13246.5,13246.7,13243.4,13245.0,66.0
2026-09-25T14:59:00+00:00,13244.2,13245.2,13242.9,13244.5,13245.1,13246.1,13243.8,13245.4,54.0
2026-09-25T15:00:00+00:00,13244.4,13245.4,13242.4,13245.3,13245.3,13246.3,13243.3,13246.2,71.0
2026-09-25T15:01:00+00:00,13245.1,13245.4,13244.2,13245.4,13246.0,13246.3,13245.1,13246.3,55.0
2026-09-25T15:02:00+00:00,13245.8,13245.9,13243.3,13243.4,13246.7,13246.8,13244.2,13244.3,61.0
2026-09-25T15:03:00+00:00,13243.6,13243.6,13237.2,13237.6,13244.5,13244.5,13238.1,13238.5,87.0
2026-09-25T15:04:00+00:00,13237.7,13238.7,13236.5,13236.6,13238.6,13239.6,13237.4,13237.5,43.0
2026-09-25T15:05:00+00:00,13236.7,13238.6,13236.6,13237.7,13237.6,13239.5,13237.5,13238.6,70.0
2026-09-25T15:06:00+00:00,13237.8,13237.9,13235.7,13235.7,13238.7,13238.8,13236.6,13236.6,52.0
2026-09-25T15:07:00+00:00,13235.6,13236.1,13234.1,13235.2,13236.5,13237.0,13235.0,13236.1,64.0
2026-09-25T15:08:00+00:00,13235.5,13235.6,13233.4,13233.7,13236.4,13236.5,13234.3,13234.6,73.0
2026-09-25T15:09:00+00:00,13233.9,13234.5,13233.2,13233.2,13234.8,13235.4,13234.1,13234.1,54.0
2026-09-25T15:10:00+00:00,13233.3,13233.4,13232.1,13233.2,13234.2,13234.3,13233.0,13234.1,69.0
2026-09-25T15:11:00+00:00,13233.1,13234.7,13233.0,13233.8,13234.0,13235.6,13233.9,13234.7,48.0
2026-09-25T15:12:00+00:00,13233.7,13233.8,13233.0,13233.8,13234.6,13234.7,13233.9,13234.7,34.0
2026-09-25T15:13:00+00:00,13233.7,13236.8,13233.6,13236.2,13234.6,13237.7,13234.5,13237.1,53.0
2026-09-25T15:14:00+00:00,13236.1,13236.7,13236.0,13236.2,13237.0,13237.6,13236.9,13237.1,51.0
2026-09-25T15:15:00+00:00,13236.3,13236.3,13234.3,13235.1,13237.2,13237.2,13235.2,13236.0,65.0
2026-09-25T15:16:00+00:00,13234.9,13236.4,13234.9,13236.3,13235.8,13237.3,13235.8,13237.2,62.0
2026-09-25T15:17:00+00:00,13236.1,13237.6,13236.0,13237.3,13237.0,13238.5,13236.9,13238.2,37.0
2026-09-25T15:18:00+00:00,13237.5,13237.5,13234.5,13234.7,13238.4,13238.4,13235.4,13235.6,35.0
2026-09-25T15:19:00+00:00,13234.0,13234.0,13232.7,13233.9,13234.9,13234.9,13233.6,13234.8,57.0
2026-09-25T15:20:00+00:00,13234.0,13235.4,13233.6,13234.7,13234.9,13236.3,13234.5,13235.6,44.0
2026-09-25T15:21:00+00:00,13234.6,13238.3,13234.5,13235.7,13235.5,13239.2,13235.4,13236.6,74.0
2026-09-25T15:22:00+00:00,13235.8,13238.0,13235.6,13237.9,13236.7,13238.9,13236.5,13238.8,51.0
2026-09-25T15:23:00+00:00,13238.4,13239.8,13237.7,13237.7,13239.3,13240.7,13238.6,13238.6,68.0
2026-09-25T15:24:00+00:00,13237.8,13237.8,13236.2,13236.9,13238.7,13238.7,13237.1,13237.8,58.0
2026-09-25T15:25:00+00:00,13237.0,13237.0,13234.8,13235.1,13237.9,13237.9,13235.7,13236.0,49.0
2026-09-25T15:26:00+00:00,13235.3,13237.6,13235.2,13237.1,13236.2,13238.5,13236.1,13238.0,69.0
2026-09-25T15:27:00+00:00,13237.3,13238.7,13237.2,13237.5,13238.2,13239.6,13238.1,13238.4,52.0
2026-09-25T15:28:00+00:00,13237.6,13238.2,13237.5,13238.2,13238.5,13239.1,13238.4,13239.1,50.0
2026-09-25T15:29:00+00:00,13238.3,13240.5,13238.1,13239.5,13239.2,13241.4,13239.0,13240.4,52.0
2026-09-25T15:30:00+00:00,13239.6,13242.4,13239.3,13240.2,13240.5,13243.3,13240.2,13241.1,117.0
2026-09-25T15:31:00+00:00,13240.1,13241.7,13239.2,13240.8,13241.0,13242.6,13240.1,13241.7,76.0
2026-09-25T15:32:00+00:00,13240.9,13242.6,13240.3,13242.5,13241.8,13243.5,13241.2,13243.4,86.0
2026-09-25T15:33:00+00:00,13242.3,13243.1,13241.6,13243.1,13243.2,13244.0,13242.5,13244.0,54.0
2026-09-25T15:34:00+00:00,13243.0,13243.2,13240.5,13240.6,13243.9,13244.1,13241.4,13241.5,107.0
2026-09-25T15:35:00+00:00,13240.7,13241.0,13239.8,13240.9,13241.6,13241.9,13240.7,13241.8,60.0
2026-09-25T15:36:00+00:00,13240.8,13240.9,13238.5,13238.8,13241.7,13241.8,13239.4,13239.7,47.0
2026-09-25T15:37:00+00:00,13238.9,13239.2,13236.3,13236.4,13239.8,13240.1,13237.2,13237.3,71.0
2026-09-25T15:38:00+00:00,13236.0,13236.0,13234.6,13234.6,13236.9,13236.9,13235.5,13235.5,52.0
2026-09-25T15:39:00+00:00,13234.4,13234.4,13233.5,13233.5,13235.3,13235.3,13234.4,13234.4,38.0
2026-09-25T15:40:00+00:00,13233.6,13233.9,13232.5,13232.5,13234.5,13234.8,13233.4,13233.4,43.0
2026-09-25T15:41:00+00:00,13232.7,13232.7,13232.4,13232.7,13233.6,13233.6,13233.3,13233.6,39.0
2026-09-25T15:42:00+00:00,13233.2,13235.0,13232.6,13234.7,13234.1,13235.9,13233.5,13235.6,44.0
2026-09-25T15:43:00+00:00,13234.6,13234.9,13232.7,13232.7,13235.5,13235.8,13233.6,13233.6,51.0
2026-09-25T15:44:00+00:00,13232.8,13233.1,13232.4,13232.7,13233.7,13234.0,13233.3,13233.6,45.0
2026-09-25T15:45:00+00:00,13232.6,13233.8,13232.4,13233.0,13233.5,13234.7,13233.3,13233.9,48.0
2026-09-25T15:46:00+00:00,13232.9,13234.1,13232.1,13233.6,13233.8,13235.0,13233.0,13234.5,50.0
2026-09-25T15:47:00+00:00,13232.7,13233.4,13232.5,13233.1,13233.6,13234.3,13233.4,13234.0,16.0
2026-09-25T15:48:00+00:00,13233.2,13233.6,13232.4,13232.8,13234.1,13234.5,13233.3,13233.7,28.0
2026-09-25T15:49:00+00:00,13233.0,13233.2,13231.6,13231.9,13233.9,13234.1,13232.5,13232.8,30.0
2026-09-25T15:50:00+00:00,13231.8,13233.1,13231.8,13232.2,13232.7,13234.0,13232.7,13233.1,26.0
2026-09-25T15:51:00+00:00,13232.1,13232.2,13230.2,13230.3,13233.0,13233.1,13231.1,13231.2,47.0
2026-09-25T15:52:00+00:00,13230.2,13231.4,13229.4,13230.4,13231.1,13232.3,13230.3,13231.3,41.0
2026-09-25T15:53:00+00:00,13230.5,13231.5,13230.5,13231.4,13231.4,13232.4,13231.4,13232.3,43.0
2026-09-25T15:54:00+00:00,13231.5,13235.3,13231.2,13233.7,13232.4,13236.2,13232.1,13234.6,117.0
2026-09-25T15:55:00+00:00,13233.9,13235.2,13232.7,13232.8,13234.8,13236.1,13233.6,13233.7,107.0
2026-09-25T15:56:00+00:00,13232.7,13234.0,13232.2,13233.9,13233.6,13234.9,13233.1,13234.8,68.0
2026-09-25T15:57:00+00:00,13234.1,13237.8,13233.6,13237.1,13235.0,13238.7,13234.5,13238.0,85.0
2026-09-25T15:58:00+00:00,13237.2,13243.3,13237.2,13243.3,13238.1,13244.2,13238.1,13244.2,108.0
2026-09-25T15:59:00+00:00,13243.2,13247.0,13242.9,13247.0,13244.1,13247.9,13243.8,13247.9,126.0
2026-09-25T16:00:00+00:00,13247.1,13251.8,13247.1,13251.6,13248.0,13252.7,13248.0,13252.5,155.0
2026-09-25T16:01:00+00:00,13251.5,13255.3,13251.5,13252.3,13252.4,13256.2,13252.4,13253.2,153.0
2026-09-25T16:02:00+00:00,13252.4,13257.6,13252.4,13257.2,13253.3,13258.5,13253.3,13258.1,181.0
2026-09-25T16:03:00+00:00,13257.1,13260.7,13255.8,13260.7,13258.0,13261.6,13256.7,13261.6,152.0
2026-09-25T16:04:00+00:00,13260.8,13260.8,13254.1,13257.8,13261.7,13261.7,13255.0,13258.7,140.0
2026-09-25T16:05:00+00:00,13257.6,13260.1,13255.7,13258.7,13258.5,13261.0,13256.6,13259.6,135.0
2026-09-25T16:06:00+00:00,13258.4,13259.9,13255.1,13259.6,13259.3,13260.8,13256.0,13260.5,131.0
2026-09-25T16:07:00+00:00,13259.8,13260.1,13256.8,13257.7,13260.7,13261.0,13257.7,13258.6,120.0
2026-09-25T16:08:00+00:00,13257.6,13260.5,13257.0,13258.8,13258.5,13261.4,13257.9,13259.7,103.0
2026-09-25T16:09:00+00:00,13258.7,13260.9,13257.9,13260.6,13259.6,13261.8,13258.8,13261.5,81.0
2026-09-25T16:10:00+00:00,13260.8,13261.5,13258.5,13258.5,13261.7,13262.4,13259.4,13259.4,81.0
2026-09-25T16:11:00+00:00,13258.1,13259.7,13257.7,13259.7,13259.0,13260.6,13258.6,13260.6,45.0
2026-09-25T16:12:00+00:00,13259.8,13261.6,13259.8,13261.3,13260.7,13262.5,13260.7,13262.2,101.0
2026-09-25T16:13:00+00:00,13261.2,13261.2,13259.2,13259.4,13262.1,13262.1,13260.1,13260.3,46.0
2026-09-25T16:14:00+00:00,13259.3,13259.4,13256.3,13259.1,13260.2,13260.3,13257.2,13260.0,74.0
2026-09-25T16:15:00+00:00,13258.9,13258.9,13255.1,13255.8,13259.8,13259.8,13256.0,13256.7,67.0
2026-09-25T16:16:00+00:00,13255.9,13256.0,13254.2,13255.2,13256.8,13256.9,13255.1,13256.1,86.0
2026-09-25T16:17:00+00:00,13255.0,13255.6,13252.7,13252.7,13255.9,13256.5,13253.6,13253.6,78.0
2026-09-25T16:18:00+00:00,13252.8,13253.7,13251.4,13251.5,13253.7,13254.6,13252.3,13252.4,51.0
2026-09-25T16:19:00+00:00,13251.4,13251.8,13249.6,13249.9,13252.3,13252.7,13250.5,13250.8,76.0
2026-09-25T16:20:00+00:00,13250.0,13250.5,13248.7,13249.0,13250.9,13251.4,13249.6,13249.9,76.0
2026-09-25T16:21:00+00:00,13249.2,13249.7,13248.6,13249.4,13250.1,13250.6,13249.5,13250.3,83.0
2026-09-25T16:22:00+00:00,13249.3,13250.0,13248.2,13248.4,13250.2,13250.9,13249.1,13249.3,67.0
2026-09-25T16:23:00+00:00,13248.5,13248.7,13246.5,13248.0,13249.4,13249.6,13247.4,13248.9,85.0
2026-09-25T16:24:00+00:00,13248.1,13248.5,13246.6,13248.4,13249.0,13249.4,13247.5,13249.3,98.0
2026-09-25T16:25:00+00:00,13248.5,13248.7,13246.5,13246.7,13249.4,13249.6,13247.4,13247.6,74.0
2026-09-25T16:26:00+00:00,13246.8,13250.6,13246.8,13250.6,13247.7,13251.5,13247.7,13251.5,64.0
2026-09-25T16:27:00+00:00,13250.5,13252.4,13250.2,13251.2,13251.4,13253.3,13251.1,13252.1,60.0
2026-09-25T16:28:00+00:00,13251.1,13251.1,13249.9,13250.1,13252.0,13252.0,13250.8,13251.0,48.0
2026-09-25T16:29:00+00:00,13250.3,13252.1,13250.1,13252.1,13251.2,13253.0,13251.0,13253.0,53.0
2026-09-25T16:30:00+00:00,13252.4,13252.8,13250.9,13251.9,13253.3,13253.7,13251.8,13252.8,66.0
2026-09-25T16:31:00+00:00,13251.8,13251.8,13249.7,13249.9,13252.7,13252.7,13250.6,13250.8,58.0
2026-09-25T16:32:00+00:00,13250.1,13251.0,13248.5,13249.0,13251.0,13251.9,13249.4,13249.9,36.0
2026-09-25T16:33:00+00:00,13249.5,13250.0,13247.9,13248.0,13250.4,13250.9,13248.8,13248.9,49.0
2026-09-25T16:34:00+00:00,13248.1,13248.1,13241.5,13245.2,13249.0,13249.0,13242.4,13246.1,145.0
2026-09-25T16:35:00+00:00,13245.1,13246.5,13245.0,13245.7,13246.0,13247.4,13245.9,13246.6,54.0
2026-09-25T16:36:00+00:00,13245.8,13246.1,13242.4,13243.8,13246.7,13247.0,13243.3,13244.7,75.0
2026-09-25T16:37:00+00:00,13244.1,13246.5,13244.1,13246.5,13245.0,13247.4,13245.0,13247.4,46.0
2026-09-25T16:38:00+00:00,13246.4,13246.7,13244.3,13245.7,13247.3,13247.6,13245.2,13246.6,69.0
2026-09-25T16:39:00+00:00,13245.9,13248.2,13245.5,13247.9,13246.8,13249.1,13246.4,13248.8,44.0
2026-09-25T16:40:00+00:00,13247.5,13248.1,13246.2,13246.2,13248.4,13249.0,13247.1,13247.1,51.0
2026-09-25T16:41:00+00:00,13245.3,13245.9,13244.5,13244.9,13246.2,13246.8,13245.4,13245.8,36.0
2026-09-25T16:42:00+00:00,13245.0,13247.1,13244.2,13244.3,13245.9,13248.0,13245.1,13245.2,87.0
2026-09-25T16:43:00+00:00,13244.2,13245.3,13243.4,13245.0,13245.1,13246.2,13244.3,13245.9,51.0
2026-09-25T16:44:00+00:00,13245.1,13246.6,13244.3,13244.9,13246.0,13247.5,13245.2,13245.8,39.0
2026-09-25T16:45:00+00:00,13244.8,13245.1,13241.5,13242.2,13245.7,13246.0,13242.4,13243.1,56.0
2026-09-25T16:46:00+00:00,13242.3,13243.3,13242.1,13242.2,13243.2,13244.2,13243.0,13243.1,35.0
2026-09-25T16:47:00+00:00,13242.1,13242.1,13241.1,13241.1,13243.0,13243.0,13242.0,13242.0,41.0
2026-09-25T16:48:00+00:00,13241.0,13241.5,13239.3,13239.3,13241.9,13242.4,13240.2,13240.2,52.0
2026-09-25T16:49:00+00:00,13239.4,13241.1,13238.5,13240.9,13240.3,13242.0,13239.4,13241.8,47.0
2026-09-25T16:50:00+00:00,13240.8,13241.1,13239.6,13239.6,13241.7,13242.0,13240.5,13240.5,39.0
2026-09-25T16:51:00+00:00,13239.7,13240.8,13239.7,13240.7,13240.6,13241.7,13240.6,13241.6,25.0
2026-09-25T16:52:00+00:00,13240.8,13242.6,13240.8,13242.6,13241.7,13243.5,13241.7,13243.5,41.0
2026-09-25T16:53:00+00:00,13242.5,13242.7,13241.6,13241.8,13243.4,13243.6,13242.5,13242.7,44.0
2026-09-25T16:54:00+00:00,13241.9,13241.9,13240.9,13241.0,13242.8,13242.8,13241.8,13241.9,37.0
2026-09-25T16:55:00+00:00,13240.6,13242.7,13240.5,13242.6,13241.5,13243.6,13241.4,13243.5,60.0
2026-09-25T16:56:00+00:00,13242.7,13244.0,13242.6,13243.0,13243.6,13244.9,13243.5,13243.9,53.0
2026-09-25T16:57:00+00:00,13243.1,13243.9,13242.5,13242.7,13244.0,13244.8,13243.4,13243.6,28.0
2026-09-25T16:58:00+00:00,13242.6,13243.2,13242.2,13242.9,13243.5,13244.1,13243.1,13243.8,53.0
2026-09-25T16:59:00+00:00,13242.8,13243.6,13240.8,13241.8,13243.7,13244.5,13241.7,13242.7,71.0
2026-09-25T17:00:00+00:00,13241.9,13242.7,13241.3,13242.4,13242.8,13243.6,13242.2,13243.3,67.0
2026-09-25T17:01:00+00:00,13242.3,13245.3,13242.3,13245.3,13243.2,13246.2,13243.2,13246.2,64.0
2026-09-25T17:02:00+00:00,13245.5,13245.5,13243.7,13243.7,13246.4,13246.4,13244.6,13244.6,68.0
2026-09-25T17:03:00+00:00,13243.8,13244.3,13243.2,13243.9,13244.7,13245.2,13244.1,13244.8,56.0
2026-09-25T17:04:00+00:00,13243.7,13244.5,13242.8,13242.8,13244.6,13245.4,13243.7,13243.7,43.0
2026-09-25T17:05:00+00:00,13243.1,13243.8,13242.9,13243.2,13244.0,13244.7,13243.8,13244.1,38.0
2026-09-25T17:06:00+00:00,13243.5,13244.2,13243.4,13244.1,13244.4,13245.1,13244.3,13245.0,49.0
2026-09-25T17:07:00+00:00,13244.2,13244.5,13243.3,13244.3,13245.1,13245.4,13244.2,13245.2,40.0
2026-09-25T17:08:00+00:00,13244.6,13245.0,13241.3,13242.1,13245.5,13245.9,13242.2,13243.0,74.0
2026-09-25T17:09:00+00:00,13242.2,13244.5,13242.2,13244.4,13243.1,13245.4,13243.1,13245.3,50.0
2026-09-25T17:10:00+00:00,13244.5,13244.5,13243.6,13243.9,13245.4,13245.4,13244.5,13244.8,32.0
2026-09-25T17:11:00+00:00,13243.7,13243.8,13242.3,13243.6,13244.6,13244.7,13243.2,13244.5,40.0
2026-09-25T17:12:00+00:00,13243.7,13244.3,13243.0,13243.1,13244.6,13245.2,13243.9,13244.0,38.0
2026-09-25T17:13:00+00:00,13243.3,13243.3,13243.1,13243.1,13244.2,13244.2,13244.0,13244.0,24.0
2026-09-25T17:14:00+00:00,13243.0,13243.3,13242.1,13242.3,13243.9,13244.2,13243.0,13243.2,53.0
2026-09-25T17:15:00+00:00,13242.2,13242.3,13241.2,13241.3,13243.1,13243.2,13242.1,13242.2,42.0
2026-09-25T17:16:00+00:00,13241.5,13242.2,13241.1,13242.2,13242.4,13243.1,13242.0,13243.1,33.0
2026-09-25T17:17:00+00:00,13242.1,13243.1,13242.1,13242.4,13243.0,13244.0,13243.0,13243.3,24.0
2026-09-25T17:18:00+00:00,13242.3,13242.5,13241.1,13241.2,13243.2,13243.4,13242.0,13242.1,24.0
2026-09-25T17:19:00+00:00,13241.3,13242.2,13241.2,13242.1,13242.2,13243.1,13242.1,13243.0,28.0
2026-09-25T17:20:00+00:00,13242.2,13242.3,13241.2,13241.5,13243.1,13243.2,13242.1,13242.4,18.0
2026-09-25T17:21:00+00:00,13241.4,13242.1,13241.3,13241.3,13242.3,13243.0,13242.2,13242.2,30.0
2026-09-25T17:22:00+00:00,13241.2,13242.3,13241.2,13242.1,13242.1,13243.2,13242.1,13243.0,35.0
2026-09-25T17:23:00+00:00,13242.0,13242.3,13241.2,13242.2,13242.9,13243.2,13242.1,13243.1,22.0
2026-09-25T17:24:00+00:00,13242.0,13242.1,13241.6,13241.8,13242.9,13243.0,13242.5,13242.7,27.0
2026-09-25T17:25:00+00:00,13242.0,13242.2,13241.1,13242.2,13242.9,13243.1,13242.0,13243.1,40.0
2026-09-25T17:26:00+00:00,13242.1,13242.2,13242.0,13242.0,13243.0,13243.1,13242.9,13242.9,27.0
2026-09-25T17:27:00+00:00,13241.9,13242.0,13241.8,13241.9,13242.8,13242.9,13242.7,13242.8,11.0
2026-09-25T17:28:00+00:00,13241.8,13241.9,13240.9,13241.1,13242.7,13242.8,13241.8,13242.0,24.0
2026-09-25T17:29:00+00:00,13241.0,13241.4,13240.9,13240.9,13241.9,13242.3,13241.8,13241.8,21.0
2026-09-25T17:30:00+00:00,13241.0,13241.7,13241.0,13241.7,13241.9,13242.6,13241.9,13242.6,14.0
2026-09-25T17:31:00+00:00,13242.0,13242.2,13241.6,13242.1,13242.9,13243.1,13242.5,13243.0,14.0
2026-09-25T17:32:00+00:00,13242.2,13243.5,13242.2,13243.5,13243.1,13244.4,13243.1,13244.4,17.0
2026-09-25T17:33:00+00:00,13243.7,13244.2,13242.5,13242.6,13244.6,13245.1,13243.4,13243.5,31.0
2026-09-25T17:34:00+00:00,13242.5,13242.5,13241.0,13242.1,13243.4,13243.4,13241.9,13243.0,28.0
2026-09-25T17:35:00+00:00,13242.0,13242.2,13240.5,13241.0,13242.9,13243.1,13241.4,13241.9,40.0
2026-09-25T17:36:00+00:00,13241.1,13242.0,13240.3,13240.4,13242.0,13242.9,13241.2,13241.3,34.0
2026-09-25T17:37:00+00:00,13240.3,13240.8,13239.9,13240.2,13241.2,13241.7,13240.8,13241.1,30.0
2026-09-25T17:38:00+00:00,13240.3,13241.6,13240.2,13241.5,13241.2,13242.5,13241.1,13242.4,31.0
2026-09-25T17:39:00+00:00,13241.8,13244.2,13241.0,13242.1,13242.7,13245.1,13241.9,13243.0,54.0
2026-09-25T17:40:00+00:00,13242.7,13244.2,13242.3,13242.5,13243.6,13245.1,13243.2,13243.4,79.0
2026-09-25T17:41:00+00:00,13242.7,13245.0,13242.5,13244.4,13243.6,13245.9,13243.4,13245.3,55.0
2026-09-25T17:42:00+00:00,13244.1,13246.0,13243.7,13245.8,13245.0,13246.9,13244.6,13246.7,35.0
2026-09-25T17:43:00+00:00,13245.7,13246.1,13245.3,13245.5,13246.6,13247.0,13246.2,13246.4,36.0
2026-09-25T17:44:00+00:00,13245.6,13247.1,13245.5,13246.3,13246.5,13248.0,13246.4,13247.2,39.0
2026-09-25T17:45:00+00:00,13246.2,13246.3,13244.9,13244.9,13247.1,13247.2,13245.8,13245.8,51.0
2026-09-25T17:46:00+00:00,13245.0,13245.4,13242.9,13243.2,13245.9,13246.3,13243.8,13244.1,53.0
2026-09-25T17:47:00+00:00,13243.1,13243.2,13241.1,13241.1,13244.0,13244.1,13242.0,13242.0,30.0
2026-09-25T17:48:00+00:00,13241.2,13243.3,13241.1,13243.1,13242.1,13244.2,13242.0,13244.0,34.0
2026-09-25T17:49:00+00:00,13243.2,13244.3,13242.7,13242.8,13244.1,13245.2,13243.6,13243.7,32.0
2026-09-25T17:50:00+00:00,13242.7,13243.0,13242.2,13242.9,13243.6,13243.9,13243.1,13243.8,17.0
2026-09-25T17:51:00+00:00,13242.8,13242.9,13242.2,13242.8,13243.7,13243.8,13243.1,13243.7,29.0
2026-09-25T17:52:00+00:00,13242.7,13243.2,13242.4,13243.0,13243.6,13244.1,13243.3,13243.9,36.0
2026-09-25T17:53:00+00:00,13243.1,13244.5,13243.1,13244.1,13244.0,13245.4,13244.0,13245.0,33.0
2026-09-25T17:54:00+00:00,13244.0,13244.0,13242.7,13243.7,13244.9,13244.9,13243.6,13244.6,31.0
2026-09-25T17:55:00+00:00,13243.1,13243.6,13242.9,13243.1,13244.0,13244.5,13243.8,13244.0,17.0
2026-09-25T17:56:00+00:00,13243.2,13243.3,13242.1,13242.2,13244.1,13244.2,13243.0,13243.1,32.0
2026-09-25T17:57:00+00:00,13242.3,13242.8,13240.7,13240.8,13243.2,13243.7,13241.6,13241.7,34.0
2026-09-25T17:58:00+00:00,13240.9,13241.5,13240.8,13241.2,13241.8,13242.4,13241.7,13242.1,53.0
2026-09-25T17:59:00+00:00,13241.1,13241.9,13241.0,13241.6,13242.0,13242.8,13241.9,13242.5,44.0
2026-09-25T18:00:00+00:00,13241.7,13241.9,13241.1,13241.9,13242.6,13242.8,13242.0,13242.8,19.0
2026-09-25T18:01:00+00:00,13242.1,13243.2,13242.0,13242.7,13243.0,13244.1,13242.9,13243.6,35.0
2026-09-25T18:02:00+00:00,13242.6,13243.9,13242.5,13243.9,13243.5,13244.8,13243.4,13244.8,22.0
2026-09-25T18:03:00+00:00,13244.0,13244.0,13243.3,13243.5,13244.9,13244.9,13244.2,13244.4,18.0
2026-09-25T18:04:00+00:00,13243.6,13243.7,13242.5,13242.5,13244.5,13244.6,13243.4,13243.4,27.0
2026-09-25T18:05:00+00:00,13242.7,13243.9,13242.5,13242.5,13243.6,13244.8,13243.4,13243.4,24.0
2026-09-25T18:06:00+00:00,13242.6,13242.6,13242.0,13242.0,13243.5,13243.5,13242.9,13242.9,30.0
2026-09-25T18:07:00+00:00,13242.1,13242.4,13242.0,13242.3,13243.0,13243.3,13242.9,13243.2,20.0
2026-09-25T18:08:00+00:00,13243.0,13244.3,13242.9,13244.3,13243.9,13245.2,13243.8,13245.2,27.0
2026-09-25T18:09:00+00:00,13244.9,13245.3,13244.7,13245.3,13245.8,13246.2,13245.6,13246.2,26.0
2026-09-25T18:10:00+00:00,13245.2,13245.3,13245.0,13245.1,13246.1,13246.2,13245.9,13246.0,16.0
2026-09-25T18:11:00+00:00,13244.3,13244.9,13244.1,13244.2,13245.2,13245.8,13245.0,13245.1,36.0
2026-09-25T18:12:00+00:00,13244.4,13244.4,13243.9,13244.1,13245.3,13245.3,13244.8,13245.0,14.0
2026-09-25T18:13:00+00:00,13244.0,13245.1,13244.0,13245.1,13244.9,13246.0,13244.9,13246.0,17.0
2026-09-25T18:14:00+00:00,13245.3,13245.3,13244.6,13244.9,13246.2,13246.2,13245.5,13245.8,29.0
2026-09-25T18:15:00+00:00,13245.1,13245.2,13244.7,13244.7,13246.0,13246.1,13245.6,13245.6,19.0
2026-09-25T18:16:00+00:00,13244.8,13245.1,13244.7,13244.7,13245.7,13246.0,13245.6,13245.6,15.0
2026-09-25T18:17:00+00:00,13244.5,13244.6,13243.8,13243.9,13245.4,13245.5,13244.7,13244.8,20.0
2026-09-25T18:18:00+00:00,13243.8,13243.8,13243.0,13243.1,13244.7,13244.7,13243.9,13244.0,32.0
2026-09-25T18:19:00+00:00,13243.0,13243.7,13242.7,13243.4,13243.9,13244.6,13243.6,13244.3,26.0
2026-09-25T18:20:00+00:00,13243.1,13243.3,13242.5,13243.2,13244.0,13244.2,13243.4,13244.1,19.0
2026-09-25T18:21:00+00:00,13243.3,13243.4,13242.4,13242.4,13244.2,13244.3,13243.3,13243.3,28.0
2026-09-25T18:22:00+00:00,13242.5,13244.4,13242.5,13244.2,13243.4,13245.3,13243.4,13245.1,29.0
2026-09-25T18:23:00+00:00,13244.3,13245.5,13244.3,13245.4,13245.2,13246.4,13245.2,13246.3,29.0
2026-09-25T18:24:00+00:00,13245.5,13248.2,13245.5,13247.7,13246.4,13249.1,13246.4,13248.6,34.0
2026-09-25T18:25:00+00:00,13247.8,13249.6,13247.7,13249.6,13248.7,13250.5,13248.6,13250.5,42.0
2026-09-25T18:26:00+00:00,13249.7,13249.8,13245.6,13246.7,13250.6,13250.7,13246.5,13247.6,94.0
2026-09-25T18:27:00+00:00,13246.8,13247.2,13244.7,13245.6,13247.7,13248.1,13245.6,13246.5,76.0
2026-09-25T18:28:00+00:00,13245.8,13247.9,13244.9,13247.1,13246.7,13248.8,13245.8,13248.0,91.0
2026-09-25T18:29:00+00:00,13247.0,13247.7,13246.8,13247.7,13247.9,13248.6,13247.7,13248.6,44.0
2026-09-25T18:30:00+00:00,13247.9,13249.3,13247.9,13249.2,13248.8,13250.2,13248.8,13250.1,62.0
2026-09-25T18:31:00+00:00,13249.3,13250.5,13249.0,13249.7,13250.2,13251.4,13249.9,13250.6,31.0
2026-09-25T18:32:00+00:00,13249.8,13250.9,13249.8,13250.5,13250.7,13251.8,13250.7,13251.4,37.0
2026-09-25T18:33:00+00:00,13250.6,13250.9,13249.8,13250.0,13251.5,13251.8,13250.7,13250.9,35.0
2026-09-25T18:34:00+00:00,13250.1,13251.9,13249.8,13251.9,13251.0,13252.8,13250.7,13252.8,29.0
2026-09-25T18:35:00+00:00,13251.8,13253.0,13251.8,13252.8,13252.7,13253.9,13252.7,13253.7,32.0
2026-09-25T18:36:00+00:00,13252.9,13253.3,13251.9,13252.0,13253.8,13254.2,13252.8,13252.9,34.0
2026-09-25T18:37:00+00:00,13251.9,13252.0,13250.2,13250.2,13252.8,13252.9,13251.1,13251.1,51.0
2026-09-25T18:38:00+00:00,13250.3,13250.5,13249.8,13250.1,13251.2,13251.4,13250.7,13251.0,37.0
2026-09-25T18:39:00+00:00,13250.3,13250.3,13248.7,13248.7,13251.2,13251.2,13249.6,13249.6,42.0
2026-09-25T18:40:00+00:00,13248.8,13249.1,13248.8,13249.0,13249.7,13250.0,13249.7,13249.9,9.0
2026-09-25T18:41:00+00:00,13249.1,13249.1,13247.5,13248.9,13250.0,13250.0,13248.4,13249.8,40.0
2026-09-25T18:42:00+00:00,13249.0,13250.8,13249.0,13250.7,13249.9,13251.7,13249.9,13251.6,33.0
2026-09-25T18:43:00+00:00,13250.8,13251.9,13250.8,13251.7,13251.7,13252.8,13251.7,13252.6,20.0
2026-09-25T18:44:00+00:00,13251.6,13251.6,13250.4,13250.8,13252.5,13252.5,13251.3,13251.7,28.0
2026-09-25T18:45:00+00:00,13251.5,13251.5,13250.6,13250.7,13252.4,13252.4,13251.5,13251.6,18.0
2026-09-25T18:46:00+00:00,13250.6,13251.6,13250.6,13251.5,13251.5,13252.5,13251.5,13252.4,10.0
2026-09-25T18:47:00+00:00,13251.6,13251.8,13251.5,13251.8,13252.5,13252.7,13252.4,13252.7,7.0
2026-09-25T18:48:00+00:00,13251.7,13252.9,13251.6,13252.6,13252.6,13253.8,13252.5,13253.5,28.0
2026-09-25T18:49:00+00:00,13252.5,13253.0,13250.8,13251.5,13253.4,13253.9,13251.7,13252.4,44.0
2026-09-25T18:50:00+00:00,13251.6,13251.6,13250.7,13250.8,13252.5,13252.5,13251.6,13251.7,13.0
2026-09-25T18:51:00+00:00,13250.7,13251.2,13250.6,13250.8,13251.6,13252.1,13251.5,13251.7,19.0
2026-09-25T18:52:00+00:00,13251.6,13251.8,13251.4,13251.7,13252.5,13252.7,13252.3,13252.6,18.0
2026-09-25T18:53:00+00:00,13251.8,13251.8,13250.8,13250.9,13252.7,13252.7,13251.7,13251.8,26.0
2026-09-25T18:54:00+00:00,13250.8,13251.2,13249.7,13250.6,13251.7,13252.1,13250.6,13251.5,42.0
2026-09-25T18:55:00+00:00,13250.8,13251.7,13250.8,13251.1,13251.7,13252.6,13251.7,13252.0,56.0
2026-09-25T18:56:00+00:00,13251.5,13251.8,13251.1,13251.5,13252.4,13252.7,13252.0,13252.4,29.0
2026-09-25T18:57:00+00:00,13251.4,13251.7,13250.7,13250.7,13252.3,13252.6,13251.6,13251.6,37.0
2026-09-25T18:58:00+00:00,13250.6,13250.9,13250.6,13250.8,13251.5,13251.8,13251.5,13251.7,48.0
2026-09-25T18:59:00+00:00,13250.7,13250.9,13249.7,13250.9,13251.6,13251.8,13250.6,13251.8,36.0
2026-09-25T19:00:00+00:00,13251.0,13251.1,13250.7,13251.1,13251.9,13252.0,13251.6,13252.0,19.0
2026-09-25T19:01:00+00:00,13251.0,13252.8,13250.9,13251.0,13251.9,13253.7,13251.8,13251.9,52.0
2026-09-25T19:02:00+00:00,13250.7,13250.7,13249.0,13249.3,13251.6,13251.6,13249.9,13250.2,52.0
2026-09-25T19:03:00+00:00,13249.2,13249.9,13248.5,13249.2,13250.1,13250.8,13249.4,13250.1,29.0
2026-09-25T19:04:00+00:00,13249.1,13249.1,13248.2,13248.6,13250.0,13250.0,13249.1,13249.5,20.0
2026-09-25T19:05:00+00:00,13248.5,13249.6,13247.5,13249.6,13249.4,13250.5,13248.4,13250.5,21.0
2026-09-25T19:06:00+00:00,13249.7,13251.5,13249.7,13250.2,13250.6,13252.4,13250.6,13251.1,57.0
2026-09-25T19:07:00+00:00,13250.3,13251.6,13250.1,13251.0,13251.2,13252.5,13251.0,13251.9,48.0
2026-09-25T19:08:00+00:00,13251.1,13251.9,13251.0,13251.9,13252.0,13252.8,13251.9,13252.8,32.0
2026-09-25T19:09:00+00:00,13251.8,13252.7,13251.5,13252.5,13252.7,13253.6,13252.4,13253.4,36.0
2026-09-25T19:10:00+00:00,13252.7,13253.0,13252.0,13253.0,13253.6,13253.9,13252.9,13253.9,40.0
2026-09-25T19:11:00+00:00,13253.1,13253.1,13251.8,13252.1,13254.0,13254.0,13252.7,13253.0,26.0
2026-09-25T19:12:00+00:00,13252.0,13253.0,13251.9,13252.9,13252.9,13253.9,13252.8,13253.8,22.0
2026-09-25T19:13:00+00:00,13252.8,13253.0,13251.8,13252.0,13253.7,13253.9,13252.7,13252.9,18.0
2026-09-25T19:14:00+00:00,13252.2,13253.5,13252.1,13253.0,13253.1,13254.4,13253.0,13253.9,42.0
2026-09-25T19:15:00+00:00,13253.1,13253.5,13252.5,13252.8,13254.0,13254.4,13253.4,13253.7,32.0
2026-09-25T19:16:00+00:00,13252.7,13252.9,13252.0,13252.2,13253.6,13253.8,13252.9,13253.1,25.0
2026-09-25T19:17:00+00:00,13252.1,13252.2,13251.8,13252.0,13253.0,13253.1,13252.7,13252.9,12.0
2026-09-25T19:18:00+00:00,13252.1,13252.2,13252.0,13252.2,13253.0,13253.1,13252.9,13253.1,6.0
2026-09-25T19:19:00+00:00,13252.1,13252.3,13250.9,13251.0,13253.0,13253.2,13251.8,13251.9,28.0
2026-09-25T19:20:00+00:00,13250.9,13250.9,13249.9,13250.5,13251.8,13251.8,13250.8,13251.4,20.0
2026-09-25T19:21:00+00:00,13250.4,13250.9,13250.3,13250.7,13251.3,13251.8,13251.2,13251.6,27.0
2026-09-25T19:22:00+00:00,13250.5,13250.9,13249.6,13249.7,13251.4,13251.8,13250.5,13250.6,30.0
2026-09-25T19:23:00+00:00,13249.8,13251.4,13249.6,13251.4,13250.7,13252.3,13250.5,13252.3,25.0
2026-09-25T19:24:00+00:00,13251.3,13252.1,13251.3,13251.5,13252.2,13253.0,13252.2,13252.4,20.0
2026-09-25T19:25:00+00:00,13251.6,13251.7,13250.5,13250.5,13252.5,13252.6,13251.4,13251.4,15.0
2026-09-25T19:26:00+00:00,13251.1,13251.2,13250.0,13250.4,13252.0,13252.1,13250.9,13251.3,22.0
2026-09-25T19:27:00+00:00,13250.5,13251.4,13250.4,13251.1,13251.4,13252.3,13251.3,13252.0,18.0
2026-09-25T19:28:00+00:00,13251.3,13251.4,13250.4,13250.4,13252.2,13252.3,13251.3,13251.3,38.0
2026-09-25T19:29:00+00:00,13250.3,13250.3,13249.9,13250.2,13251.2,13251.2,13250.8,13251.1,19.0
2026-09-25T19:30:00+00:00,13250.1,13250.6,13249.4,13250.6,13251.0,13251.5,13250.3,13251.5,52.0
2026-09-25T19:31:00+00:00,13250.5,13250.6,13249.5,13250.5,13251.4,13251.5,13250.4,13251.4,40.0
2026-09-25T19:32:00+00:00,13250.4,13250.6,13249.8,13250.5,13251.3,13251.5,13250.7,13251.4,19.0
2026-09-25T19:33:00+00:00,13250.6,13251.3,13250.6,13250.7,13251.5,13252.2,13251.5,13251.6,30.0
2026-09-25T19:34:00+00:00,13250.5,13250.7,13250.2,13250.2,13251.4,13251.6,13251.1,13251.1,24.0
2026-09-25T19:35:00+00:00,13250.3,13251.3,13250.2,13250.3,13251.2,13252.2,13251.1,13251.2,20.0
2026-09-25T19:36:00+00:00,13250.4,13250.6,13250.3,13250.4,13251.3,13251.5,13251.2,13251.3,28.0
2026-09-25T19:37:00+00:00,13251.3,13253.6,13251.2,13253.2,13252.2,13254.5,13252.1,13254.1,60.0
2026-09-25T19:38:00+00:00,13252.7,13254.2,13252.3,13252.4,13253.6,13255.1,13253.2,13253.3,51.0
2026-09-25T19:39:00+00:00,13252.5,13252.7,13252.2,13252.3,13253.4,13253.6,13253.1,13253.2,16.0
2026-09-25T19:40:00+00:00,13252.2,13252.3,13251.9,13252.1,13253.1,13253.2,13252.8,13253.0,24.0
2026-09-25T19:41:00+00:00,13252.0,13252.9,13251.8,13252.2,13252.9,13253.8,13252.7,13253.1,32.0
2026-09-25T19:42:00+00:00,13251.9,13252.6,13251.5,13252.4,13252.8,13253.5,13252.4,13253.3,38.0
2026-09-25T19:43:00+00:00,13252.2,13253.3,13252.2,13253.0,13253.1,13254.2,13253.1,13253.9,38.0
2026-09-25T19:44:00+00:00,13253.1,13253.3,13252.7,13253.0,13254.0,13254.2,13253.6,13253.9,31.0
2026-09-25T19:45:00+00:00,13253.2,13253.2,13252.2,13252.3,13254.1,13254.1,13253.1,13253.2,28.0
2026-09-25T19:46:00+00:00,13252.2,13252.6,13251.5,13252.3,13253.1,13253.5,13252.4,13253.2,27.0
2026-09-25T19:47:00+00:00,13252.4,13252.4,13251.9,13252.2,13253.3,13253.3,13252.8,13253.1,17.0
2026-09-25T19:48:00+00:00,13252.1,13252.1,13251.8,13251.9,13253.0,13253.0,13252.7,13252.8,20.0
2026-09-25T19:49:00+00:00,13251.8,13252.0,13251.1,13251.3,13252.7,13252.9,13252.0,13252.2,25.0
2026-09-25T19:50:00+00:00,13251.5,13251.9,13250.9,13251.9,13252.4,13252.8,13251.8,13252.8,49.0
2026-09-25T19:51:00+00:00,13251.8,13251.8,13251.2,13251.2,13252.7,13252.7,13252.1,13252.1,14.0
2026-09-25T19:52:00+00:00,13251.1,13251.2,13250.9,13251.1,13252.0,13252.1,13251.8,13252.0,20.0
2026-09-25T19:53:00+00:00,13251.0,13251.2,13250.2,13251.2,13251.9,13252.1,13251.1,13252.1,31.0
2026-09-25T19:54:00+00:00,13251.1,13251.2,13251.0,13251.2,13252.0,13252.1,13251.9,13252.1,21.0
2026-09-25T19:55:00+00:00,13250.9,13251.3,13250.2,13251.1,13251.8,13252.2,13251.1,13252.0,34.0
2026-09-25T19:56:00+00:00,13251.2,13251.2,13250.4,13250.4,13252.1,13252.1,13251.3,13251.3,13.0
2026-09-25T19:57:00+00:00,13250.5,13250.5,13250.1,13250.1,13251.4,13251.4,13251.0,13251.0,7.0
2026-09-25T19:58:00+00:00,13250.0,13250.3,13249.2,13249.3,13250.9,13251.2,13250.1,13250.2,16.0
2026-09-25T19:59:00+00:00,13249.6,13249.6,13248.9,13249.0,13250.5,13250.5,13249.8,13249.9,39.0
2026-09-25T20:00:00+00:00,13248.9,13250.0,13248.0,13248.8,13249.8,13251.5,13249.5,13250.3,50.0
2026-09-25T20:01:00+00:00,13248.7,13249.3,13248.0,13248.3,13250.2,13250.8,13249.5,13249.8,38.0
2026-09-25T20:02:00+00:00,13248.2,13249.6,13247.9,13249.2,13249.7,13251.1,13249.4,13250.7,37.0
2026-09-25T20:03:00+00:00,13249.1,13250.4,13249.1,13250.0,13250.6,13251.9,13250.6,13251.5,29.0
2026-09-25T20:04:00+00:00,13250.1,13250.2,13249.0,13249.0,13251.6,13251.7,13250.5,13250.5,20.0
2026-09-25T20:05:00+00:00,13248.8,13248.9,13247.9,13248.0,13250.3,13250.4,13249.4,13249.5,22.0
2026-09-25T20:06:00+00:00,13247.9,13248.2,13247.9,13248.1,13249.4,13249.7,13249.4,13249.6,7.0
2026-09-25T20:07:00+00:00,13248.2,13248.3,13248.1,13248.1,13249.7,13249.8,13249.6,13249.6,14.0
2026-09-25T20:08:00+00:00,13248.0,13248.1,13248.0,13248.0,13249.5,13249.6,13249.5,13249.5,13.0
2026-09-25T20:09:00+00:00,13247.9,13248.0,13246.9,13247.1,13249.4,13249.5,13248.4,13248.6,17.0
2026-09-25T20:10:00+00:00,13247.2,13247.4,13246.8,13246.9,13248.7,13248.9,13248.3,13248.4,23.0
2026-09-25T20:11:00+00:00,13246.8,13246.8,13246.2,13246.6,13248.3,13248.3,13247.7,13248.1,16.0
2026-09-25T20:12:00+00:00,13246.5,13247.1,13246.4,13246.5,13248.0,13248.6,13247.9,13248.0,12.0
2026-09-25T20:13:00+00:00,13246.4,13246.6,13246.3,13246.6,13247.9,13248.1,13247.8,13248.1,13.0
2026-09-25T20:14:00+00:00,13246.5,13246.7,13246.4,13246.5,13248.0,13248.2,13247.9,13248.0,10.0
2026-09-25T20:15:00+00:00,13246.6,13246.6,13245.6,13245.7,13248.1,13248.1,13247.1,13247.2,20.0
2026-09-25T20:16:00+00:00,13246.1,13246.6,13246.1,13246.5,13247.6,13248.1,13247.6,13248.0,21.0
2026-09-25T20:17:00+00:00,13246.6,13246.6,13246.5,13246.5,13248.1,13248.1,13248.0,13248.0,6.0
2026-09-25T20:18:00+00:00,13246.6,13246.6,13246.3,13246.6,13248.1,13248.1,13247.8,13248.1,15.0
2026-09-25T20:19:00+00:00,13246.5,13246.8,13246.5,13246.5,13248.0,13248.3,13248.0,13248.0,25.0
2026-09-25T20:20:00+00:00,13246.6,13246.9,13246.5,13246.7,13248.1,13248.4,13248.0,13248.2,11.0
2026-09-25T20:21:00+00:00,13246.6,13246.7,13246.4,13246.4,13248.1,13248.2,13247.9,13247.9,19.0
2026-09-25T20:22:00+00:00,13246.5,13246.5,13245.6,13245.7,13248.0,13248.0,13247.1,13247.2,14.0
2026-09-25T20:23:00+00:00,13245.6,13245.7,13245.5,13245.5,13247.1,13247.2,13247.0,13247.0,6.0
2026-09-25T20:24:00+00:00,13245.6,13246.5,13245.6,13246.2,13247.1,13248.0,13247.1,13247.7,31.0
2026-09-25T20:25:00+00:00,13246.3,13246.6,13246.0,13246.1,13247.8,13248.1,13247.5,13247.6,26.0
2026-09-25T20:26:00+00:00,13246.0,13246.3,13245.4,13245.5,13247.5,13247.8,13246.9,13247.0,27.0
2026-09-25T20:27:00+00:00,13245.4,13245.5,13243.4,13243.5,13246.9,13247.0,13244.9,13245.0,25.0
2026-09-25T20:28:00+00:00,13243.4,13243.9,13243.0,13243.7,13244.9,13245.4,13244.5,13245.2,21.0
2026-09-25T20:29:00+00:00,13243.8,13243.8,13242.9,13243.0,13245.3,13245.3,13244.4,13244.5,18.0
2026-09-25T20:30:00+00:00,13243.1,13244.1,13243.1,13244.0,13244.6,13245.6,13244.6,13245.5,18.0
2026-09-25T20:31:00+00:00,13243.9,13244.6,13243.8,13244.2,13245.4,13246.1,13245.3,13245.7,29.0
2026-09-25T20:32:00+00:00,13244.3,13244.8,13244.2,13244.8,13245.8,13246.3,13245.7,13246.3,38.0
2026-09-25T20:33:00+00:00,13245.2,13246.0,13245.2,13245.7,13246.7,13247.5,13246.7,13247.2,19.0
2026-09-25T20:34:00+00:00,13245.4,13246.6,13245.4,13246.3,13246.9,13248.1,13246.9,13247.8,20.0
2026-09-25T20:35:00+00:00,13246.4,13246.5,13246.0,13246.2,13247.9,13248.0,13247.5,13247.7,25.0
2026-09-25T20:36:00+00:00,13246.3,13246.7,13246.2,13246.7,13247.8,13248.2,13247.7,13248.2,9.0
2026-09-25T20:37:00+00:00,13246.6,13246.9,13246.5,13246.7,13248.1,13248.4,13248.0,13248.2,27.0
2026-09-25T20:38:00+00:00,13246.6,13246.8,13246.5,13246.6,13248.1,13248.3,13248.0,13248.1,15.0
2026-09-25T20:39:00+00:00,13246.5,13246.7,13246.4,13246.4,13248.0,13248.2,13247.9,13247.9,12.0
2026-09-25T20:40:00+00:00,13245.8,13245.9,13245.7,13245.9,13247.3,13247.4,13247.2,13247.4,15.0
2026-09-25T20:41:00+00:00,13245.8,13245.9,13245.5,13245.8,13247.3,13247.4,13247.0,13247.3,17.0
2026-09-25T20:42:00+00:00,13245.9,13245.9,13245.7,13245.7,13247.4,13247.4,13247.2,13247.2,9.0
2026-09-25T20:43:00+00:00,13245.6,13245.7,13245.0,13245.0,13247.1,13247.2,13246.5,13246.5,27.0
2026-09-25T20:44:00+00:00,13245.2,13245.4,13245.2,13245.2,13246.7,13246.9,13246.7,13246.7,15.0
2026-09-25T20:45:00+00:00,13245.4,13246.5,13245.0,13245.1,13246.9,13248.0,13246.5,13246.6,46.0
2026-09-25T20:46:00+00:00,13245.0,13245.4,13244.7,13245.3,13246.5,13246.9,13246.2,13246.8,30.0
2026-09-25T20:47:00+00:00,13245.2,13245.6,13245.1,13245.4,13246.7,13247.1,13246.6,13246.9,24.0
2026-09-25T20:48:00+00:00,13245.5,13245.5,13244.8,13245.0,13247.0,13247.0,13246.3,13246.5,25.0
2026-09-25T20:49:00+00:00,13245.1,13245.2,13244.3,13244.6,13246.6,13246.7,13245.8,13246.1,24.0
2026-09-25T20:50:00+00:00,13244.5,13244.7,13244.1,13244.7,13246.0,13246.2,13245.6,13246.2,34.0
2026-09-25T20:51:00+00:00,13244.6,13244.7,13244.2,13244.2,13246.1,13246.2,13245.7,13245.7,11.0
2026-09-25T20:52:00+00:00,13244.3,13244.8,13244.3,13244.6,13245.8,13246.3,13245.8,13246.1,15.0
2026-09-25T20:53:00+00:00,13244.5,13244.6,13243.6,13243.7,13246.0,13246.1,13245.1,13245.2,14.0
2026-09-25T20:54:00+00:00,13243.6,13244.0,13243.6,13243.8,13245.1,13245.5,13245.1,13245.3,28.0
2026-09-25T20:55:00+00:00,13243.1,13243.8,13242.7,13243.4,13245.5,13246.2,13245.1,13245.8,69.0
2026-09-25T20:56:00+00:00,13243.5,13243.5,13237.4,13241.7,13245.9,13250.1,13243.2,13244.1,108.0
2026-09-25T20:57:00+00:00,13241.9,13242.9,13237.8,13240.1,13244.3,13250.8,13244.0,13249.2,158.0
2026-09-25T20:58:00+00:00,13242.5,13243.1,13241.4,13242.0,13249.1,13252.9,13249.1,13251.8,172.0
