source,path,date_utc,bars,first_ts_utc,last_ts_utc,size_bytes
live_5m,data/candles_GBPUSD_live/2026-01-01.csv,2026-01-01,84,2026-01-01 17:00:00+00:00,2026-01-01 23:55:00+00:00,5238
live_5m,data/candles_GBPUSD_live/2026-01-02.csv,2026-01-02,204,2026-01-02 00:00:00+00:00,2026-01-02 16:55:00+00:00,12678
live_5m,data/candles_GBPUSD_live/2026-01-04.csv,2026-01-04,84,2026-01-04 17:00:00+00:00,2026-01-04 23:55:00+00:00,5238
live_5m,data/candles_GBPUSD_live/2026-01-05.csv,2026-01-05,288,2026-01-05 00:00:00+00:00,2026-01-05 23:55:00+00:00,17886
live_5m,data/candles_GBPUSD_live/2026-01-06.csv,2026-01-06,288,2026-01-06 00:00:00+00:00,2026-01-06 23:55:00+00:00,17886
live_5m,data/candles_GBPUSD_live/2026-01-07.csv,2026-01-07,288,2026-01-07 00:00:00+00:00,2026-01-07 23:55:00+00:00,17886
live_5m,data/candles_GBPUSD_live/2026-01-08.csv,2026-01-08,288,2026-01-08 00:00:00+00:00,2026-01-08 23:55:00+00:00,17886
live_5m,data/candles_GBPUSD_live/2026-01-09.csv,2026-01-09,204,2026-01-09 00:00:00+00:00,2026-01-09 16:55:00+00:00,12678
live_5m,data/candles_GBPUSD_live/2026-01-11.csv,2026-01-11,84,2026-01-11 17:00:00+00:00,2026-01-11 23:55:00+00:00,5238
live_5m,data/candles_GBPUSD_live/2026-01-12.csv,2026-01-12,288,2026-01-12 00:00:00+00:00,2026-01-12 23:55:00+00:00,17886
live_5m,data/candles_GBPUSD_live/2026-01-13.csv,2026-01-13,288,2026-01-13 00:00:00+00:00,2026-01-13 23:55:00+00:00,17886
live_5m,data/candles_GBPUSD_live/2026-01-14.csv,2026-01-14,288,2026-01-14 00:00:00+00:00,2026-01-14 23:55:00+00:00,17886
live_5m,data/candles_GBPUSD_live/2026-01-15.csv,2026-01-15,288,2026-01-15 00:00:00+00:00,2026-01-15 23:55:00+00:00,17886
live_5m,data/candles_GBPUSD_live/2026-01-16.csv,2026-01-16,204,2026-01-16 00:00:00+00:00,2026-01-16 16:55:00+00:00,12678
live_5m,data/candles_GBPUSD_live/2026-01-18.csv,2026-01-18,84,2026-01-18 17:00:00+00:00,2026-01-18 23:55:00+00:00,5238
live_5m,data/candles_GBPUSD_live/2026-01-19.csv,2026-01-19,288,2026-01-19 00:00:00+00:00,2026-01-19 23:55:00+00:00,17886
live_5m,data/candles_GBPUSD_live/2026-01-20.csv,2026-01-20,288,2026-01-20 00:00:00+00:00,2026-01-20 23:55:00+00:00,17886
live_5m,data/candles_GBPUSD_live/2026-01-21.csv,2026-01-21,288,2026-01-21 00:00:00+00:00,2026-01-21 23:55:00+00:00,17886
live_5m,data/candles_GBPUSD_live/2026-01-22.csv,2026-01-22,288,2026-01-22 00:00:00+00:00,2026-01-22 23:55:00+00:00,17886
live_5m,data/candles_GBPUSD_live/2026-01-23.csv,2026-01-23,204,2026-01-23 00:00:00+00:00,2026-01-23 16:55:00+00:00,12678
live_5m,data/candles_GBPUSD_live/2026-01-25.csv,2026-01-25,84,2026-01-25 17:00:00+00:00,2026-01-25 23:55:00+00:00,5238
live_5m,data/candles_GBPUSD_live/2026-01-26.csv,2026-01-26,288,2026-01-26 00:00:00+00:00,2026-01-26 23:55:00+00:00,17886
live_5m,data/candles_GBPUSD_live/2026-01-27.csv,2026-01-27,288,2026-01-27 00:00:00+00:00,2026-01-27 23:55:00+00:00,17886
live_5m,data/candles_GBPUSD_live/2026-01-28.csv,2026-01-28,288,2026-01-28 00:00:00+00:00,2026-01-28 23:55:00+00:00,17886
live_5m,data/candles_GBPUSD_live/2026-01-29.csv,2026-01-29,288,2026-01-29 00:00:00+00:00,2026-01-29 23:55:00+00:00,17886
live_5m,data/candles_GBPUSD_live/2026-01-30.csv,2026-01-30,204,2026-01-30 00:00:00+00:00,2026-01-30 16:55:00+00:00,12678
live_5m,data/candles_GBPUSD_live/2026-02-01.csv,2026-02-01,84,2026-02-01 17:00:00+00:00,2026-02-01 23:55:00+00:00,5238
live_5m,data/candles_GBPUSD_live/2026-02-02.csv,2026-02-02,288,2026-02-02 00:00:00+00:00,2026-02-02 23:55:00+00:00,17886
live_5m,data/candles_GBPUSD_live/2026-02-03.csv,2026-02-03,288,2026-02-03 00:00:00+00:00,2026-02-03 23:55:00+00:00,17886
live_5m,data/candles_GBPUSD_live/2026-02-04.csv,2026-02-04,288,2026-02-04 00:00:00+00:00,2026-02-04 23:55:00+00:00,17886
live_5m,data/candles_GBPUSD_live/2026-02-05.csv,2026-02-05,288,2026-02-05 00:00:00+00:00,2026-02-05 23:55:00+00:00,17886
live_5m,data/candles_GBPUSD_live/2026-02-06.csv,2026-02-06,204,2026-02-06 00:00:00+00:00,2026-02-06 16:55:00+00:00,12678
live_5m,data/candles_GBPUSD_live/2026-02-08.csv,2026-02-08,84,2026-02-08 17:00:00+00:00,2026-02-08 23:55:00+00:00,5238
live_5m,data/candles_GBPUSD_live/2026-02-09.csv,2026-02-09,288,2026-02-09 00:00:00+00:00,2026-02-09 23:55:00+00:00,17886
live_5m,data/candles_GBPUSD_live/2026-02-10.csv,2026-02-10,288,2026-02-10 00:00:00+00:00,2026-02-10 23:55:00+00:00,17886
live_5m,data/candles_GBPUSD_live/2026-02-11.csv,2026-02-11,288,2026-02-11 00:00:00+00:00,2026-02-11 23:55:00+00:00,17886
live_5m,data/candles_GBPUSD_live/2026-02-12.csv,2026-02-12,288,2026-02-12 00:00:00+00:00,2026-02-12 23:55:00+00:00,17886
live_5m,data/candles_GBPUSD_live/2026-02-13.csv,2026-02-13,204,2026-02-13 00:00:00+00:00,2026-02-13 16:55:00+00:00,12678
live_5m,data/candles_GBPUSD_live/2026-02-15.csv,2026-02-15,84,2026-02-15 17:00:00+00:00,2026-02-15 23:55:00+00:00,5238
live_5m,data/candles_GBPUSD_live/2026-02-16.csv,2026-02-16,288,2026-02-16 00:00:00+00:00,2026-02-16 23:55:00+00:00,17886
live_5m,data/candles_GBPUSD_live/2026-02-17.csv,2026-02-17,288,2026-02-17 00:00:00+00:00,2026-02-17 23:55:00+00:00,17886
live_5m,data/candles_GBPUSD_live/2026-02-18.csv,2026-02-18,288,2026-02-18 00:00:00+00:00,2026-02-18 23:55:00+00:00,17886
live_5m,data/candles_GBPUSD_live/2026-02-19.csv,2026-02-19,288,2026-02-19 00:00:00+00:00,2026-02-19 23:55:00+00:00,17886
live_5m,data/candles_GBPUSD_live/2026-02-20.csv,2026-02-20,204,2026-02-20 00:00:00+00:00,2026-02-20 16:55:00+00:00,12678
live_5m,data/candles_GBPUSD_live/2026-02-22.csv,2026-02-22,84,2026-02-22 17:00:00+00:00,2026-02-22 23:55:00+00:00,5238
live_5m,data/candles_GBPUSD_live/2026-02-23.csv,2026-02-23,288,2026-02-23 00:00:00+00:00,2026-02-23 23:55:00+00:00,17886
live_5m,data/candles_GBPUSD_live/2026-02-24.csv,2026-02-24,288,2026-02-24 00:00:00+00:00,2026-02-24 23:55:00+00:00,17886
live_5m,data/candles_GBPUSD_live/2026-02-25.csv,2026-02-25,288,2026-02-25 00:00:00+00:00,2026-02-25 23:55:00+00:00,17886
live_5m,data/candles_GBPUSD_live/2026-02-26.csv,2026-02-26,288,2026-02-26 00:00:00+00:00,2026-02-26 23:55:00+00:00,17886
live_5m,data/candles_GBPUSD_live/2026-02-27.csv,2026-02-27,204,2026-02-27 00:00:00+00:00,2026-02-27 16:55:00+00:00,12678
live_5m,data/candles_GBPUSD_live/2026-03-23.csv,2026-03-23,288,2026-03-23 00:00:00+00:00,2026-03-23 23:55:00+00:00,18516
live_5m,data/candles_GBPUSD_live/2026-03-24.csv,2026-03-24,287,2026-03-24 00:00:00+00:00,2026-03-24 23:55:00+00:00,18291
live_5m,data/candles_GBPUSD_live/2026-03-25.csv,2026-03-25,288,2026-03-25 00:00:00+00:00,2026-03-25 23:55:00+00:00,18456
live_5m,data/candles_GBPUSD_live/2026-03-26.csv,2026-03-26,288,2026-03-26 00:00:00+00:00,2026-03-26 23:55:00+00:00,18448
live_5m,data/candles_GBPUSD_live/2026-03-27.csv,2026-03-27,252,2026-03-27 00:00:00+00:00,2026-03-27 20:55:00+00:00,16142
live_5m,data/candles_GBPUSD_live/2026-03-30.csv,2026-03-30,179,2026-03-30T09:00:00+00:00,2026-03-30T23:55:00+00:00,11113
live_5m,data/candles_GBPUSD_live/2026-03-31.csv,2026-03-31,281,2026-03-31T00:00:00+00:00,2026-03-31T23:55:00+00:00,17407
live_5m,data/candles_GBPUSD_live/2026-04-01.csv,2026-04-01,183,2026-04-01T00:00:00+00:00,2026-04-01T15:10:00+00:00,11267
live_5m,data/candles_GBPUSD_live/2026-04-02.csv,2026-04-02,287,2026-04-02T00:00:00+00:00,2026-04-02T23:55:00+00:00,17662
live_5m,data/candles_GBPUSD_live/2026-04-03.csv,2026-04-03,250,2026-04-03T00:00:00+00:00,2026-04-03T20:55:00+00:00,15392
live_5m,data/candles_GBPUSD_live/2026-04-04.csv,2026-04-04,2,2026-04-04T22:05:00+00:00,2026-04-04T20:55:00+00:00,171
live_5m,data/candles_GBPUSD_live/2026-04-05.csv,2026-04-05,4,2026-04-05T22:05:00+00:00,2026-04-05T21:00:00+00:00,311
live_5m,data/candles_GBPUSD_live/2026-04-06.csv,2026-04-06,280,2026-04-06T00:35:00+00:00,2026-04-06T23:55:00+00:00,17314
live_5m,data/candles_GBPUSD_live/2026-04-07.csv,2026-04-07,277,2026-04-07T00:00:00+00:00,2026-04-07T23:55:00+00:00,17115
live_5m,data/candles_GBPUSD_live/2026-04-08.csv,2026-04-08,202,2026-04-08T00:00:00+00:00,2026-04-08T17:40:00+00:00,12439
live_5m,data/candles_GBPUSD_live/2026-04-09.csv,2026-04-09,237,2026-04-09T00:00:00+00:00,2026-04-09T20:20:00+00:00,14546
live_5m,data/candles_GBPUSD_live/2026-04-10.csv,2026-04-10,214,2026-04-10T01:30:00+00:00,2026-04-10T19:15:00+00:00,13182
live_5m,data/candles_GBPUSD_live/2026-04-11.csv,2026-04-11,1,2026-04-11T22:05:00+00:00,2026-04-11T22:05:00+00:00,90
live_5m,data/candles_GBPUSD_live/2026-04-12.csv,2026-04-12,36,2026-04-12T19:20:00+00:00,2026-04-12T23:55:00+00:00,2484
live_5m,data/candles_GBPUSD_live/2026-04-13.csv,2026-04-13,288,2026-04-13T00:00:00+00:00,2026-04-13T23:55:00+00:00,18652
live_5m,data/candles_GBPUSD_live/2026-04-14.csv,2026-04-14,241,2026-04-14T00:00:00+00:00,2026-04-14T20:00:00+00:00,15675
live_5m,data/candles_GBPUSD_live/2026-04-15.csv,2026-04-15,165,2026-04-15T00:00:00+00:00,2026-04-15T13:40:00+00:00,10458
live_5m,data/candles_GBPUSD_live/2026-04-16.csv,2026-04-16,287,2026-04-16T00:00:00+00:00,2026-04-16T23:55:00+00:00,17745
live_5m,data/candles_GBPUSD_live/2026-04-17.csv,2026-04-17,250,2026-04-17T00:00:00+00:00,2026-04-17T21:05:00+00:00,15785
live_5m,data/candles_GBPUSD_live/2026-04-18.csv,2026-04-18,2,2026-04-18T22:05:00+00:00,2026-04-18T20:55:00+00:00,171
live_5m,data/candles_GBPUSD_live/2026-04-19.csv,2026-04-19,43,2026-04-19T19:30:00+00:00,2026-04-19T23:55:00+00:00,2708
live_5m,data/candles_GBPUSD_live/2026-04-20.csv,2026-04-20,288,2026-04-20T00:00:00+00:00,2026-04-20T23:55:00+00:00,19274
live_5m,data/candles_GBPUSD_live/2026-04-21.csv,2026-04-21,288,2026-04-21T00:00:00+00:00,2026-04-21T23:55:00+00:00,19084
live_5m,data/candles_GBPUSD_live/2026-04-22.csv,2026-04-22,288,2026-04-22T00:00:00+00:00,2026-04-22T23:55:00+00:00,18759
live_5m,data/candles_GBPUSD_live/2026-04-23.csv,2026-04-23,286,2026-04-23T00:00:00+00:00,2026-04-23T23:55:00+00:00,19998
live_5m,data/candles_GBPUSD_live/2026-04-24.csv,2026-04-24,251,2026-04-24T00:00:00+00:00,2026-04-24T20:55:00+00:00,17950
live_5m,data/candles_GBPUSD_live/2026-04-26.csv,2026-04-26,45,2026-04-26T20:00:00+00:00,2026-04-26T23:55:00+00:00,2997
live_5m,data/candles_GBPUSD_live/2026-04-27.csv,2026-04-27,287,2026-04-27T00:00:00+00:00,2026-04-27T23:55:00+00:00,20704
live_5m,data/candles_GBPUSD_live/2026-04-28.csv,2026-04-28,284,2026-04-28T00:00:00+00:00,2026-04-28T23:55:00+00:00,20488
live_5m,data/candles_GBPUSD_live/2026-04-29.csv,2026-04-29,288,2026-04-29T00:00:00+00:00,2026-04-29T23:55:00+00:00,20578
live_5m,data/candles_GBPUSD_live/2026-04-30.csv,2026-04-30,283,2026-04-30T00:00:00+00:00,2026-04-30T23:55:00+00:00,20207
live_5m,data/candles_GBPUSD_live/2026-05-01.csv,2026-05-01,253,2026-05-01T00:00:00+00:00,2026-05-01T21:00:00+00:00,17501
live_5m,data/candles_GBPUSD_live/2026-05-03.csv,2026-05-03,48,2026-05-03T20:00:00+00:00,2026-05-03T23:55:00+00:00,3264
live_5m,data/candles_GBPUSD_live/2026-05-04.csv,2026-05-04,288,2026-05-04T00:00:00+00:00,2026-05-04T23:55:00+00:00,20553
live_5m,data/candles_GBPUSD_live/2026-05-05.csv,2026-05-05,287,2026-05-05T00:00:00+00:00,2026-05-05T23:55:00+00:00,20899
live_5m,data/candles_GBPUSD_live/2026-05-06.csv,2026-05-06,287,2026-05-06T00:00:00+00:00,2026-05-06T23:55:00+00:00,19749
live_5m,data/candles_GBPUSD_live/2026-05-07.csv,2026-05-07,287,2026-05-07T00:00:00+00:00,2026-05-07T23:55:00+00:00,19931
live_5m,data/candles_GBPUSD_live/2026-05-08.csv,2026-05-08,252,2026-05-08T00:00:00+00:00,2026-05-08T20:55:00+00:00,17507
live_5m,data/candles_GBPUSD_live/2026-05-10.csv,2026-05-10,48,2026-05-10T20:00:00+00:00,2026-05-10T23:55:00+00:00,3181
live_5m,data/candles_GBPUSD_live/2026-05-11.csv,2026-05-11,288,2026-05-11T00:00:00+00:00,2026-05-11T23:55:00+00:00,21018
live_5m,data/candles_GBPUSD_live/2026-05-12.csv,2026-05-12,288,2026-05-12T00:00:00+00:00,2026-05-12T23:55:00+00:00,20350
live_5m,data/candles_GBPUSD_live/2026-05-13.csv,2026-05-13,287,2026-05-13T00:00:00+00:00,2026-05-13T23:55:00+00:00,20126
live_5m,data/candles_GBPUSD_live/2026-05-14.csv,2026-05-14,86,2026-05-14T00:00:00+00:00,2026-05-14T07:05:00+00:00,5910
live_5m,data/candles_GBPUSD_live/2026-05-18.csv,2026-05-18,183,2026-05-18T08:45:00+00:00,2026-05-18T23:55:00+00:00,13505
live_5m,data/candles_GBPUSD_live/2026-05-19.csv,2026-05-19,288,2026-05-19T00:00:00+00:00,2026-05-19T23:55:00+00:00,21184
live_5m,data/candles_GBPUSD_live/2026-05-20.csv,2026-05-20,288,2026-05-20T00:00:00+00:00,2026-05-20T23:55:00+00:00,20910
live_5m,data/candles_GBPUSD_live/2026-05-21.csv,2026-05-21,274,2026-05-21T00:00:00+00:00,2026-05-21T23:55:00+00:00,19794
live_5m,data/candles_GBPUSD_live/2026-05-22.csv,2026-05-22,251,2026-05-22T00:00:00+00:00,2026-05-22T20:55:00+00:00,18566
live_5m,data/candles_GBPUSD_live/2026-05-25.csv,2026-05-25,63,2026-05-25T18:45:00+00:00,2026-05-25T23:55:00+00:00,4815
live_5m,data/candles_GBPUSD_live/2026-05-26.csv,2026-05-26,288,2026-05-26T00:00:00+00:00,2026-05-26T23:55:00+00:00,22155
live_5m,data/candles_GBPUSD_live/2026-05-27.csv,2026-05-27,287,2026-05-27T00:00:00+00:00,2026-05-27T23:55:00+00:00,21940
live_5m,data/candles_GBPUSD_live/2026-05-28.csv,2026-05-28,282,2026-05-28T00:00:00+00:00,2026-05-28T23:55:00+00:00,21620
live_5m,data/candles_GBPUSD_live/2026-05-29.csv,2026-05-29,208,2026-05-29T00:00:00+00:00,2026-05-29T20:55:00+00:00,15974
live_5m,data/candles_GBPUSD_live/2026-05-31.csv,2026-05-31,46,2026-05-31T20:00:00+00:00,2026-05-31T23:55:00+00:00,3167
live_5m,data/candles_GBPUSD_live/2026-06-01.csv,2026-06-01,288,2026-06-01T00:00:00+00:00,2026-06-01T23:55:00+00:00,22319
live_5m,data/candles_GBPUSD_live/2026-06-02.csv,2026-06-02,288,2026-06-02T00:00:00+00:00,2026-06-02T23:55:00+00:00,22433
live_5m,data/candles_GBPUSD_live/2026-06-03.csv,2026-06-03,288,2026-06-03T00:00:00+00:00,2026-06-03T23:55:00+00:00,22315
live_5m,data/candles_GBPUSD_live/2026-06-04.csv,2026-06-04,288,2026-06-04T00:00:00+00:00,2026-06-04T23:55:00+00:00,22513
live_5m,data/candles_GBPUSD_live/2026-06-05.csv,2026-06-05,252,2026-06-05T00:00:00+00:00,2026-06-05T20:55:00+00:00,19511
live_5m,data/candles_GBPUSD_live/2026-06-08.csv,2026-06-08,145,2026-06-08T11:55:00+00:00,2026-06-08T23:55:00+00:00,10865
live_5m,data/candles_GBPUSD_live/2026-06-09.csv,2026-06-09,288,2026-06-09T00:00:00+00:00,2026-06-09T23:55:00+00:00,22645
live_5m,data/candles_GBPUSD_live/2026-06-10.csv,2026-06-10,288,2026-06-10T00:00:00+00:00,2026-06-10T23:55:00+00:00,22828
live_5m,data/candles_GBPUSD_live/2026-06-11.csv,2026-06-11,288,2026-06-11T00:00:00+00:00,2026-06-11T23:55:00+00:00,22681
live_5m,data/candles_GBPUSD_live/2026-06-12.csv,2026-06-12,252,2026-06-12T00:00:00+00:00,2026-06-12T20:55:00+00:00,19744
live_5m,data/candles_GBPUSD_live/2026-06-14.csv,2026-06-14,36,2026-06-14T21:00:00+00:00,2026-06-14T23:55:00+00:00,2710
live_5m,data/candles_GBPUSD_live/2026-06-15.csv,2026-06-15,287,2026-06-15T00:00:00+00:00,2026-06-15T23:55:00+00:00,22083
live_5m,data/candles_GBPUSD_live/2026-06-16.csv,2026-06-16,288,2026-06-16T00:00:00+00:00,2026-06-16T23:55:00+00:00,22473
live_5m,data/candles_GBPUSD_live/2026-06-17.csv,2026-06-17,288,2026-06-17T00:00:00+00:00,2026-06-17T23:55:00+00:00,22433
live_5m,data/candles_GBPUSD_live/2026-06-18.csv,2026-06-18,288,2026-06-18T00:00:00+00:00,2026-06-18T23:55:00+00:00,22552
live_5m,data/candles_GBPUSD_live/2026-06-19.csv,2026-06-19,252,2026-06-19T00:00:00+00:00,2026-06-19T20:55:00+00:00,19507
live_5m,data/candles_GBPUSD_live/2026-06-21.csv,2026-06-21,48,2026-06-21T20:00:00+00:00,2026-06-21T23:55:00+00:00,3343
live_5m,data/candles_GBPUSD_live/2026-06-22.csv,2026-06-22,288,2026-06-22T00:00:00+00:00,2026-06-22T23:55:00+00:00,22499
live_5m,data/candles_GBPUSD_live/2026-06-23.csv,2026-06-23,288,2026-06-23T00:00:00+00:00,2026-06-23T23:55:00+00:00,22407
live_5m,data/candles_GBPUSD_live/2026-06-24.csv,2026-06-24,288,2026-06-24T00:00:00+00:00,2026-06-24T23:55:00+00:00,22607
live_5m,data/candles_GBPUSD_live/2026-06-25.csv,2026-06-25,288,2026-06-25T00:00:00+00:00,2026-06-25T23:55:00+00:00,22692
live_5m,data/candles_GBPUSD_live/2026-06-26.csv,2026-06-26,252,2026-06-26T00:00:00+00:00,2026-06-26T20:55:00+00:00,19519
live_5m,data/candles_GBPUSD_live/2026-06-28.csv,2026-06-28,48,2026-06-28T20:00:00+00:00,2026-06-28T23:55:00+00:00,3378
live_5m,data/candles_GBPUSD_live/2026-06-29.csv,2026-06-29,287,2026-06-29T00:00:00+00:00,2026-06-29T23:55:00+00:00,22339
live_5m,data/candles_GBPUSD_live/2026-06-30.csv,2026-06-30,288,2026-06-30T00:00:00+00:00,2026-06-30T23:55:00+00:00,22549
live_5m,data/candles_GBPUSD_live/2026-07-01.csv,2026-07-01,288,2026-07-01T00:00:00+00:00,2026-07-01T23:55:00+00:00,22328
live_5m,data/candles_GBPUSD_live/2026-07-02.csv,2026-07-02,288,2026-07-02T00:00:00+00:00,2026-07-02T23:55:00+00:00,22440
live_5m,data/candles_GBPUSD_live/2026-07-03.csv,2026-07-03,252,2026-07-03T00:00:00+00:00,2026-07-03T20:55:00+00:00,19756
live_5m,data/candles_GBPUSD_live/2026-07-05.csv,2026-07-05,42,2026-07-05T20:00:00+00:00,2026-07-05T23:55:00+00:00,3028
live_5m,data/candles_GBPUSD_live/2026-07-06.csv,2026-07-06,288,2026-07-06T00:00:00+00:00,2026-07-06T23:55:00+00:00,22487
live_5m,data/candles_GBPUSD_live/2026-07-07.csv,2026-07-07,288,2026-07-07T00:00:00+00:00,2026-07-07T23:55:00+00:00,22609
live_5m,data/candles_GBPUSD_live/2026-07-08.csv,2026-07-08,288,2026-07-08T00:00:00+00:00,2026-07-08T23:55:00+00:00,22123
live_5m,data/candles_GBPUSD_live/2026-07-09.csv,2026-07-09,287,2026-07-09T00:00:00+00:00,2026-07-09T23:55:00+00:00,22251
live_5m,data/candles_GBPUSD_live/2026-07-10.csv,2026-07-10,113,2026-07-10T00:00:00+00:00,2026-07-10T09:20:00+00:00,9010
live_5m,data/candles_GBPUSD_live/2026-07-14.csv,2026-07-14,130,2026-07-14T13:10:00+00:00,2026-07-14T23:55:00+00:00,10022
live_5m,data/candles_GBPUSD_live/2026-07-15.csv,2026-07-15,288,2026-07-15T00:00:00+00:00,2026-07-15T23:55:00+00:00,22635
live_5m,data/candles_GBPUSD_live/2026-07-16.csv,2026-07-16,288,2026-07-16T00:00:00+00:00,2026-07-16T23:55:00+00:00,22685
live_5m,data/candles_GBPUSD_live/2026-07-17.csv,2026-07-17,249,2026-07-17T00:00:00+00:00,2026-07-17T20:55:00+00:00,19536
live_5m,data/candles_GBPUSD_live/2026-07-19.csv,2026-07-19,9,2026-07-19T23:15:00+00:00,2026-07-19T23:55:00+00:00,706
live_5m,data/candles_GBPUSD_live/2026-07-20.csv,2026-07-20,288,2026-07-20T00:00:00+00:00,2026-07-20T23:55:00+00:00,22617
live_5m,data/candles_GBPUSD_live/2026-07-21.csv,2026-07-21,286,2026-07-21T00:00:00+00:00,2026-07-21T23:55:00+00:00,22529
live_5m,data/candles_GBPUSD_live/2026-07-22.csv,2026-07-22,237,2026-07-22T00:00:00+00:00,2026-07-22T19:40:00+00:00,18861
live_5m,data/candles_GBPUSD_live/2026-07-23.csv,2026-07-23,173,2026-07-23T09:30:00+00:00,2026-07-23T23:55:00+00:00,13562
live_5m,data/candles_GBPUSD_live/2026-07-24.csv,2026-07-24,246,2026-07-24T00:00:00+00:00,2026-07-24T20:55:00+00:00,19417
live_5m,data/candles_GBPUSD_live/2026-07-26.csv,2026-07-26,46,2026-07-26T20:00:00+00:00,2026-07-26T23:55:00+00:00,3273
live_5m,data/candles_GBPUSD_live/2026-07-27.csv,2026-07-27,288,2026-07-27T00:00:00+00:00,2026-07-27T23:55:00+00:00,22507
live_5m,data/candles_GBPUSD_live/2026-07-28.csv,2026-07-28,288,2026-07-28T00:00:00+00:00,2026-07-28T23:55:00+00:00,22678
live_5m,data/candles_GBPUSD_live/2026-07-29.csv,2026-07-29,287,2026-07-29T00:00:00+00:00,2026-07-29T23:55:00+00:00,22602
live_5m,data/candles_GBPUSD_live/2026-07-30.csv,2026-07-30,288,2026-07-30T00:00:00+00:00,2026-07-30T23:55:00+00:00,22599
live_5m,data/candles_GBPUSD_live/2026-07-31.csv,2026-07-31,252,2026-07-31T00:00:00+00:00,2026-07-31T20:55:00+00:00,19744
live_5m,data/candles_GBPUSD_live/2026-08-02.csv,2026-08-02,45,2026-08-02T20:00:00+00:00,2026-08-02T23:55:00+00:00,3017
live_5m,data/candles_GBPUSD_live/2026-08-03.csv,2026-08-03,288,2026-08-03T00:00:00+00:00,2026-08-03T23:55:00+00:00,22337
live_5m,data/candles_GBPUSD_live/2026-08-04.csv,2026-08-04,288,2026-08-04T00:00:00+00:00,2026-08-04T23:55:00+00:00,22562
live_5m,data/candles_GBPUSD_live/2026-08-05.csv,2026-08-05,288,2026-08-05T00:00:00+00:00,2026-08-05T23:55:00+00:00,22616
live_5m,data/candles_GBPUSD_live/2026-08-06.csv,2026-08-06,288,2026-08-06T00:00:00+00:00,2026-08-06T23:55:00+00:00,22789
live_5m,data/candles_GBPUSD_live/2026-08-07.csv,2026-08-07,252,2026-08-07T00:00:00+00:00,2026-08-07T20:55:00+00:00,19810
live_5m,data/candles_GBPUSD_live/2026-08-09.csv,2026-08-09,41,2026-08-09T20:00:00+00:00,2026-08-09T23:55:00+00:00,2843
live_5m,data/candles_GBPUSD_live/2026-08-10.csv,2026-08-10,288,2026-08-10T00:00:00+00:00,2026-08-10T23:55:00+00:00,22612
live_5m,data/candles_GBPUSD_live/2026-08-11.csv,2026-08-11,288,2026-08-11T00:00:00+00:00,2026-08-11T23:55:00+00:00,22734
live_5m,data/candles_GBPUSD_live/2026-08-12.csv,2026-08-12,288,2026-08-12T00:00:00+00:00,2026-08-12T23:55:00+00:00,22678
live_5m,data/candles_GBPUSD_live/2026-08-13.csv,2026-08-13,288,2026-08-13T00:00:00+00:00,2026-08-13T23:55:00+00:00,21792
live_5m,data/candles_GBPUSD_live/2026-08-14.csv,2026-08-14,252,2026-08-14T00:00:00+00:00,2026-08-14T20:55:00+00:00,19895
live_5m,data/candles_GBPUSD_live/2026-08-16.csv,2026-08-16,38,2026-08-16T20:00:00+00:00,2026-08-16T23:55:00+00:00,2631
live_5m,data/candles_GBPUSD_live/2026-08-17.csv,2026-08-17,288,2026-08-17T00:00:00+00:00,2026-08-17T23:55:00+00:00,22534
live_5m,data/candles_GBPUSD_live/2026-08-18.csv,2026-08-18,288,2026-08-18T00:00:00+00:00,2026-08-18T23:55:00+00:00,22511
live_5m,data/candles_GBPUSD_live/2026-08-19.csv,2026-08-19,288,2026-08-19T00:00:00+00:00,2026-08-19T23:55:00+00:00,22914
live_5m,data/candles_GBPUSD_live/2026-08-20.csv,2026-08-20,288,2026-08-20T00:00:00+00:00,2026-08-20T23:55:00+00:00,22634
live_5m,data/candles_GBPUSD_live/2026-08-21.csv,2026-08-21,252,2026-08-21T00:00:00+00:00,2026-08-21T20:55:00+00:00,19741
live_5m,data/candles_GBPUSD_live/2026-08-23.csv,2026-08-23,44,2026-08-23T20:00:00+00:00,2026-08-23T23:55:00+00:00,3075
live_5m,data/candles_GBPUSD_live/2026-08-24.csv,2026-08-24,288,2026-08-24T00:00:00+00:00,2026-08-24T23:55:00+00:00,22021
live_5m,data/candles_GBPUSD_live/2026-08-25.csv,2026-08-25,288,2026-08-25T00:00:00+00:00,2026-08-25T23:55:00+00:00,22071
live_5m,data/candles_GBPUSD_live/2026-08-26.csv,2026-08-26,288,2026-08-26T00:00:00+00:00,2026-08-26T23:55:00+00:00,22103
live_5m,data/candles_GBPUSD_live/2026-08-27.csv,2026-08-27,288,2026-08-27T00:00:00+00:00,2026-08-27T23:55:00+00:00,22320
live_5m,data/candles_GBPUSD_live/2026-08-28.csv,2026-08-28,252,2026-08-28T00:00:00+00:00,2026-08-28T20:55:00+00:00,19691
live_5m,data/candles_GBPUSD_live/2026-08-30.csv,2026-08-30,45,2026-08-30T20:00:00+00:00,2026-08-30T23:55:00+00:00,3131
live_5m,data/candles_GBPUSD_live/2026-08-31.csv,2026-08-31,287,2026-08-31T00:00:00+00:00,2026-08-31T23:55:00+00:00,21981
live_5m,data/candles_GBPUSD_live/2026-09-01.csv,2026-09-01,288,2026-09-01T00:00:00+00:00,2026-09-01T23:55:00+00:00,22118
live_5m,data/candles_GBPUSD_live/2026-09-02.csv,2026-09-02,288,2026-09-02T00:00:00+00:00,2026-09-02T23:55:00+00:00,22145
live_5m,data/candles_GBPUSD_live/2026-09-03.csv,2026-09-03,288,2026-09-03T00:00:00+00:00,2026-09-03T23:55:00+00:00,22444
live_5m,data/candles_GBPUSD_live/2026-09-04.csv,2026-09-04,252,2026-09-04T00:00:00+00:00,2026-09-04T20:55:00+00:00,19594
live_5m,data/candles_GBPUSD_live/2026-09-06.csv,2026-09-06,47,2026-09-06T20:00:00+00:00,2026-09-06T23:55:00+00:00,3314
live_5m,data/candles_GBPUSD_live/2026-09-07.csv,2026-09-07,288,2026-09-07T00:00:00+00:00,2026-09-07T23:55:00+00:00,21823
live_5m,data/candles_GBPUSD_live/2026-09-08.csv,2026-09-08,288,2026-09-08T00:00:00+00:00,2026-09-08T23:55:00+00:00,22240
live_5m,data/candles_GBPUSD_live/2026-09-09.csv,2026-09-09,288,2026-09-09T00:00:00+00:00,2026-09-09T23:55:00+00:00,22081
live_5m,data/candles_GBPUSD_live/2026-09-10.csv,2026-09-10,288,2026-09-10T00:00:00+00:00,2026-09-10T23:55:00+00:00,22093
live_5m,data/candles_GBPUSD_live/2026-09-11.csv,2026-09-11,252,2026-09-11T00:00:00+00:00,2026-09-11T20:55:00+00:00,19495
live_5m,data/candles_GBPUSD_live/2026-09-13.csv,2026-09-13,48,2026-09-13T20:00:00+00:00,2026-09-13T23:55:00+00:00,3184
live_5m,data/candles_GBPUSD_live/2026-09-14.csv,2026-09-14,288,2026-09-14T00:00:00+00:00,2026-09-14T23:55:00+00:00,22276
live_5m,data/candles_GBPUSD_live/2026-09-15.csv,2026-09-15,288,2026-09-15T00:00:00+00:00,2026-09-15T23:55:00+00:00,22353
live_5m,data/candles_GBPUSD_live/2026-09-16.csv,2026-09-16,288,2026-09-16T00:00:00+00:00,2026-09-16T23:55:00+00:00,21387
live_5m,data/candles_GBPUSD_live/2026-09-17.csv,2026-09-17,288,2026-09-17T00:00:00+00:00,2026-09-17T23:55:00+00:00,21858
live_5m,data/candles_GBPUSD_live/2026-09-18.csv,2026-09-18,222,2026-09-18T00:00:00+00:00,2026-09-18T18:25:00+00:00,17230
live_5m,data/candles_GBPUSD_live/2026-09-21.csv,2026-09-21,174,2026-09-21T09:30:00+00:00,2026-09-21T23:55:00+00:00,13415
live_5m,data/candles_GBPUSD_live/2026-09-22.csv,2026-09-22,288,2026-09-22T00:00:00+00:00,2026-09-22T23:55:00+00:00,21965
live_5m,data/candles_GBPUSD_live/2026-09-23.csv,2026-09-23,287,2026-09-23T00:00:00+00:00,2026-09-23T23:55:00+00:00,21759
live_5m,data/candles_GBPUSD_live/2026-09-24.csv,2026-09-24,288,2026-09-24T00:00:00+00:00,2026-09-24T23:55:00+00:00,22588
live_5m,data/candles_GBPUSD_live/2026-09-25.csv,2026-09-25,251,2026-09-25T00:00:00+00:00,2026-09-25T20:55:00+00:00,19529
live_5m,data/candles_GBPUSD_live/2026-09-27.csv,2026-09-27,46,2026-09-27T20:00:00+00:00,2026-09-27T23:55:00+00:00,3189
live_5m,data/candles_GBPUSD_live/2026-09-28.csv,2026-09-28,288,2026-09-28T00:00:00+00:00,2026-09-28T23:55:00+00:00,22542
live_5m,data/candles_GBPUSD_live/2026-09-29.csv,2026-09-29,287,2026-09-29T00:00:00+00:00,2026-09-29T23:55:00+00:00,22417
live_5m,data/candles_GBPUSD_live/2026-09-30.csv,2026-09-30,287,2026-09-30T00:00:00+00:00,2026-09-30T23:55:00+00:00,22471
live_5m,data/candles_GBPUSD_live/2026-10-01.csv,2026-10-01,108,2026-10-01T00:00:00+00:00,2026-10-01T08:55:00+00:00,8585
archive_ext_v2_5m,data/candles_GBPUSD_archive_ext_v2/2024-01-01.csv,2024-01-01,24,2024-01-01T22:00:00+00:00,2024-01-01T23:55:00+00:00,1518
archive_ext_v2_5m,data/candles_GBPUSD_archive_ext_v2/2024-01-02.csv,2024-01-02,288,2024-01-02T00:00:00+00:00,2024-01-02T23:55:00+00:00,17886
archive_ext_v2_5m,data/candles_GBPUSD_archive_ext_v2/2024-01-03.csv,2024-01-03,288,2024-01-03T00:00:00+00:00,2024-01-03T23:55:00+00:00,17886
archive_ext_v2_5m,data/candles_GBPUSD_archive_ext_v2/2024-01-04.csv,2024-01-04,287,2024-01-04T00:00:00+00:00,2024-01-04T23:55:00+00:00,17824
archive_ext_v2_5m,data/candles_GBPUSD_archive_ext_v2/2024-01-05.csv,2024-01-05,264,2024-01-05T00:00:00+00:00,2024-01-05T21:55:00+00:00,16398
archive_ext_v2_5m,data/candles_GBPUSD_archive_ext_v2/2024-01-07.csv,2024-01-07,24,2024-01-07T22:00:00+00:00,2024-01-07T23:55:00+00:00,1518
archive_ext_v2_5m,data/candles_GBPUSD_archive_ext_v2/2024-01-08.csv,2024-01-08,288,2024-01-08T00:00:00+00:00,2024-01-08T23:55:00+00:00,17886
archive_ext_v2_5m,data/candles_GBPUSD_archive_ext_v2/2024-01-09.csv,2024-01-09,288,2024-01-09T00:00:00+00:00,2024-01-09T23:55:00+00:00,17886
archive_ext_v2_5m,data/candles_GBPUSD_archive_ext_v2/2024-01-10.csv,2024-01-10,288,2024-01-10T00:00:00+00:00,2024-01-10T23:55:00+00:00,17886
archive_ext_v2_5m,data/candles_GBPUSD_archive_ext_v2/2024-01-11.csv,2024-01-11,288,2024-01-11T00:00:00+00:00,2024-01-11T23:55:00+00:00,17886
archive_ext_v2_5m,data/candles_GBPUSD_archive_ext_v2/2024-01-12.csv,2024-01-12,264,2024-01-12T00:00:00+00:00,2024-01-12T21:55:00+00:00,16398
archive_ext_v2_5m,data/candles_GBPUSD_archive_ext_v2/2024-01-14.csv,2024-01-14,24,2024-01-14T22:00:00+00:00,2024-01-14T23:55:00+00:00,1518
archive_ext_v2_5m,data/candles_GBPUSD_archive_ext_v2/2024-01-15.csv,2024-01-15,288,2024-01-15T00:00:00+00:00,2024-01-15T23:55:00+00:00,17886
archive_ext_v2_5m,data/candles_GBPUSD_archive_ext_v2/2024-01-16.csv,2024-01-16,288,2024-01-16T00:00:00+00:00,2024-01-16T23:55:00+00:00,17886
archive_ext_v2_5m,data/candles_GBPUSD_archive_ext_v2/2024-01-17.csv,2024-01-17,288,2024-01-17T00:00:00+00:00,2024-01-17T23:55:00+00:00,17886
archive_ext_v2_5m,data/candles_GBPUSD_archive_ext_v2/2024-01-18.csv,2024-01-18,288,2024-01-18T00:00:00+00:00,2024-01-18T23:55:00+00:00,17886
archive_ext_v2_5m,data/candles_GBPUSD_archive_ext_v2/2024-01-19.csv,2024-01-19,252,2024-01-19T00:00:00+00:00,2024-01-19T21:55:00+00:00,15654
archive_ext_v2_5m,data/candles_GBPUSD_archive_ext_v2/2024-01-21.csv,2024-01-21,24,2024-01-21T22:00:00+00:00,2024-01-21T23:55:00+00:00,1518
archive_ext_v2_5m,data/candles_GBPUSD_archive_ext_v2/2024-01-22.csv,2024-01-22,288,2024-01-22T00:00:00+00:00,2024-01-22T23:55:00+00:00,17886
archive_ext_v2_5m,data/candles_GBPUSD_archive_ext_v2/2024-01-23.csv,2024-01-23,288,2024-01-23T00:00:00+00:00,2024-01-23T23:55:00+00:00,17886
archive_ext_v2_5m,data/candles_GBPUSD_archive_ext_v2/2024-01-24.csv,2024-01-24,288,2024-01-24T00:00:00+00:00,2024-01-24T23:55:00+00:00,17886
archive_ext_v2_5m,data/candles_GBPUSD_archive_ext_v2/2024-01-25.csv,2024-01-25,288,2024-01-25T00:00:00+00:00,2024-01-25T23:55:00+00:00,17886
archive_ext_v2_5m,data/candles_GBPUSD_archive_ext_v2/2024-01-26.csv,2024-01-26,264,2024-01-26T00:00:00+00:00,2024-01-26T21:55:00+00:00,16398
archive_ext_v2_5m,data/candles_GBPUSD_archive_ext_v2/2024-01-28.csv,2024-01-28,24,2024-01-28T22:00:00+00:00,2024-01-28T23:55:00+00:00,1518
archive_ext_v2_5m,data/candles_GBPUSD_archive_ext_v2/2024-01-29.csv,2024-01-29,288,2024-01-29T00:00:00+00:00,2024-01-29T23:55:00+00:00,17886
archive_ext_v2_5m,data/candles_GBPUSD_archive_ext_v2/2024-01-30.csv,2024-01-30,288,2024-01-30T00:00:00+00:00,2024-01-30T23:55:00+00:00,17886
archive_ext_v2_5m,data/candles_GBPUSD_archive_ext_v2/2024-01-31.csv,2024-01-31,288,2024-01-31T00:00:00+00:00,2024-01-31T23:55:00+00:00,17886
archive_ext_v2_5m,data/candles_GBPUSD_archive_ext_v2/2024-02-01.csv,2024-02-01,288,2024-02-01T00:00:00+00:00,2024-02-01T23:55:00+00:00,17886
archive_ext_v2_5m,data/candles_GBPUSD_archive_ext_v2/2024-02-02.csv,2024-02-02,264,2024-02-02T00:00:00+00:00,2024-02-02T21:55:00+00:00,16398
archive_ext_v2_5m,data/candles_GBPUSD_archive_ext_v2/2024-02-04.csv,2024-02-04,24,2024-02-04T22:00:00+00:00,2024-02-04T23:55:00+00:00,1518
archive_ext_v2_5m,data/candles_GBPUSD_archive_ext_v2/2024-02-05.csv,2024-02-05,288,2024-02-05T00:00:00+00:00,2024-02-05T23:55:00+00:00,17886
archive_ext_v2_5m,data/candles_GBPUSD_archive_ext_v2/2024-02-06.csv,2024-02-06,288,2024-02-06T00:00:00+00:00,2024-02-06T23:55:00+00:00,17886
archive_ext_v2_5m,data/candles_GBPUSD_archive_ext_v2/2024-02-07.csv,2024-02-07,288,2024-02-07T00:00:00+00:00,2024-02-07T23:55:00+00:00,17886
archive_ext_v2_5m,data/candles_GBPUSD_archive_ext_v2/2024-02-08.csv,2024-02-08,288,2024-02-08T00:00:00+00:00,2024-02-08T23:55:00+00:00,17886
archive_ext_v2_5m,data/candles_GBPUSD_archive_ext_v2/2024-02-09.csv,2024-02-09,264,2024-02-09T00:00:00+00:00,2024-02-09T21:55:00+00:00,16398
archive_ext_v2_5m,data/candles_GBPUSD_archive_ext_v2/2024-02-11.csv,2024-02-11,24,2024-02-11T22:00:00+00:00,2024-02-11T23:55:00+00:00,1518
archive_ext_v2_5m,data/candles_GBPUSD_archive_ext_v2/2024-02-12.csv,2024-02-12,288,2024-02-12T00:00:00+00:00,2024-02-12T23:55:00+00:00,17886
archive_ext_v2_5m,data/candles_GBPUSD_archive_ext_v2/2024-02-13.csv,2024-02-13,288,2024-02-13T00:00:00+00:00,2024-02-13T23:55:00+00:00,17886
archive_ext_v2_5m,data/candles_GBPUSD_archive_ext_v2/2024-02-14.csv,2024-02-14,288,2024-02-14T00:00:00+00:00,2024-02-14T23:55:00+00:00,17886
archive_ext_v2_5m,data/candles_GBPUSD_archive_ext_v2/2024-02-15.csv,2024-02-15,288,2024-02-15T00:00:00+00:00,2024-02-15T23:55:00+00:00,17886
archive_ext_v2_5m,data/candles_GBPUSD_archive_ext_v2/2024-02-16.csv,2024-02-16,264,2024-02-16T00:00:00+00:00,2024-02-16T21:55:00+00:00,16398
archive_ext_v2_5m,data/candles_GBPUSD_archive_ext_v2/2024-02-18.csv,2024-02-18,24,2024-02-18T22:00:00+00:00,2024-02-18T23:55:00+00:00,1518
archive_ext_v2_5m,data/candles_GBPUSD_archive_ext_v2/2024-02-19.csv,2024-02-19,288,2024-02-19T00:00:00+00:00,2024-02-19T23:55:00+00:00,17886
archive_ext_v2_5m,data/candles_GBPUSD_archive_ext_v2/2024-02-20.csv,2024-02-20,288,2024-02-20T00:00:00+00:00,2024-02-20T23:55:00+00:00,17886
archive_ext_v2_5m,data/candles_GBPUSD_archive_ext_v2/2024-02-21.csv,2024-02-21,288,2024-02-21T00:00:00+00:00,2024-02-21T23:55:00+00:00,17886
archive_ext_v2_5m,data/candles_GBPUSD_archive_ext_v2/2024-02-22.csv,2024-02-22,288,2024-02-22T00:00:00+00:00,2024-02-22T23:55:00+00:00,17886
archive_ext_v2_5m,data/candles_GBPUSD_archive_ext_v2/2024-02-23.csv,2024-02-23,264,2024-02-23T00:00:00+00:00,2024-02-23T21:55:00+00:00,16398
archive_ext_v2_5m,data/candles_GBPUSD_archive_ext_v2/2024-02-25.csv,2024-02-25,24,2024-02-25T22:00:00+00:00,2024-02-25T23:55:00+00:00,1518
archive_ext_v2_5m,data/candles_GBPUSD_archive_ext_v2/2024-02-26.csv,2024-02-26,288,2024-02-26T00:00:00+00:00,2024-02-26T23:55:00+00:00,17886
archive_ext_v2_5m,data/candles_GBPUSD_archive_ext_v2/2024-02-27.csv,2024-02-27,288,2024-02-27T00:00:00+00:00,2024-02-27T23:55:00+00:00,17886
archive_ext_v2_5m,data/candles_GBPUSD_archive_ext_v2/2024-02-28.csv,2024-02-28,288,2024-02-28T00:00:00+00:00,2024-02-28T23:55:00+00:00,17886
archive_ext_v2_5m,data/candles_GBPUSD_archive_ext_v2/2024-02-29.csv,2024-02-29,288,2024-02-29T00:00:00+00:00,2024-02-29T23:55:00+00:00,17886
archive_ext_v2_5m,data/candles_GBPUSD_archive_ext_v2/2024-03-01.csv,2024-03-01,264,2024-03-01T00:00:00+00:00,2024-03-01T21:55:00+00:00,16398
archive_ext_v2_5m,data/candles_GBPUSD_archive_ext_v2/2024-03-03.csv,2024-03-03,24,2024-03-03T22:00:00+00:00,2024-03-03T23:55:00+00:00,1518
archive_ext_v2_5m,data/candles_GBPUSD_archive_ext_v2/2024-03-04.csv,2024-03-04,288,2024-03-04T00:00:00+00:00,2024-03-04T23:55:00+00:00,17886
archive_ext_v2_5m,data/candles_GBPUSD_archive_ext_v2/2024-03-05.csv,2024-03-05,288,2024-03-05T00:00:00+00:00,2024-03-05T23:55:00+00:00,17886
archive_ext_v2_5m,data/candles_GBPUSD_archive_ext_v2/2024-03-06.csv,2024-03-06,288,2024-03-06T00:00:00+00:00,2024-03-06T23:55:00+00:00,17886
archive_ext_v2_5m,data/candles_GBPUSD_archive_ext_v2/2024-03-07.csv,2024-03-07,288,2024-03-07T00:00:00+00:00,2024-03-07T23:55:00+00:00,17886
archive_ext_v2_5m,data/candles_GBPUSD_archive_ext_v2/2024-03-08.csv,2024-03-08,264,2024-03-08T00:00:00+00:00,2024-03-08T21:55:00+00:00,16398
archive_ext_v2_5m,data/candles_GBPUSD_archive_ext_v2/2024-03-10.csv,2024-03-10,48,2024-03-10T20:00:00+00:00,2024-03-10T23:55:00+00:00,3006
archive_ext_v2_5m,data/candles_GBPUSD_archive_ext_v2/2024-03-11.csv,2024-03-11,288,2024-03-11T00:00:00+00:00,2024-03-11T23:55:00+00:00,17886
archive_ext_v2_5m,data/candles_GBPUSD_archive_ext_v2/2024-03-12.csv,2024-03-12,288,2024-03-12T00:00:00+00:00,2024-03-12T23:55:00+00:00,17886
archive_ext_v2_5m,data/candles_GBPUSD_archive_ext_v2/2024-03-13.csv,2024-03-13,288,2024-03-13T00:00:00+00:00,2024-03-13T23:55:00+00:00,17886
archive_ext_v2_5m,data/candles_GBPUSD_archive_ext_v2/2024-03-14.csv,2024-03-14,288,2024-03-14T00:00:00+00:00,2024-03-14T23:55:00+00:00,17886
archive_ext_v2_5m,data/candles_GBPUSD_archive_ext_v2/2024-03-15.csv,2024-03-15,240,2024-03-15T00:00:00+00:00,2024-03-15T19:55:00+00:00,14910
archive_ext_v2_5m,data/candles_GBPUSD_archive_ext_v2/2024-03-17.csv,2024-03-17,48,2024-03-17T20:00:00+00:00,2024-03-17T23:55:00+00:00,3006
archive_ext_v2_5m,data/candles_GBPUSD_archive_ext_v2/2024-03-18.csv,2024-03-18,288,2024-03-18T00:00:00+00:00,2024-03-18T23:55:00+00:00,17886
archive_ext_v2_5m,data/candles_GBPUSD_archive_ext_v2/2024-03-19.csv,2024-03-19,288,2024-03-19T00:00:00+00:00,2024-03-19T23:55:00+00:00,17886
archive_ext_v2_5m,data/candles_GBPUSD_archive_ext_v2/2024-03-20.csv,2024-03-20,288,2024-03-20T00:00:00+00:00,2024-03-20T23:55:00+00:00,17886
archive_ext_v2_5m,data/candles_GBPUSD_archive_ext_v2/2024-03-21.csv,2024-03-21,288,2024-03-21T00:00:00+00:00,2024-03-21T23:55:00+00:00,17886
archive_ext_v2_5m,data/candles_GBPUSD_archive_ext_v2/2024-03-22.csv,2024-03-22,240,2024-03-22T00:00:00+00:00,2024-03-22T19:55:00+00:00,14910
archive_ext_v2_5m,data/candles_GBPUSD_archive_ext_v2/2024-03-24.csv,2024-03-24,48,2024-03-24T20:00:00+00:00,2024-03-24T23:55:00+00:00,3006
archive_ext_v2_5m,data/candles_GBPUSD_archive_ext_v2/2024-03-25.csv,2024-03-25,288,2024-03-25T00:00:00+00:00,2024-03-25T23:55:00+00:00,17886
archive_ext_v2_5m,data/candles_GBPUSD_archive_ext_v2/2024-03-26.csv,2024-03-26,288,2024-03-26T00:00:00+00:00,2024-03-26T23:55:00+00:00,17886
archive_ext_v2_5m,data/candles_GBPUSD_archive_ext_v2/2024-03-27.csv,2024-03-27,288,2024-03-27T00:00:00+00:00,2024-03-27T23:55:00+00:00,17886
archive_ext_v2_5m,data/candles_GBPUSD_archive_ext_v2/2024-03-28.csv,2024-03-28,288,2024-03-28T00:00:00+00:00,2024-03-28T23:55:00+00:00,17886
archive_ext_v2_5m,data/candles_GBPUSD_archive_ext_v2/2024-03-29.csv,2024-03-29,240,2024-03-29T00:00:00+00:00,2024-03-29T19:55:00+00:00,14910
archive_ext_v2_5m,data/candles_GBPUSD_archive_ext_v2/2024-03-31.csv,2024-03-31,24,2024-03-31T21:00:00+00:00,2024-03-31T22:55:00+00:00,1518
archive_ext_v2_5m,data/candles_GBPUSD_archive_ext_v2/2024-04-01.csv,2024-04-01,288,2024-04-01T00:00:00+00:00,2024-04-01T23:55:00+00:00,17886
archive_ext_v2_5m,data/candles_GBPUSD_archive_ext_v2/2024-04-02.csv,2024-04-02,288,2024-04-02T00:00:00+00:00,2024-04-02T23:55:00+00:00,17886
archive_ext_v2_5m,data/candles_GBPUSD_archive_ext_v2/2024-04-03.csv,2024-04-03,288,2024-04-03T00:00:00+00:00,2024-04-03T23:55:00+00:00,17886
archive_ext_v2_5m,data/candles_GBPUSD_archive_ext_v2/2024-04-04.csv,2024-04-04,288,2024-04-04T00:00:00+00:00,2024-04-04T23:55:00+00:00,17886
archive_ext_v2_5m,data/candles_GBPUSD_archive_ext_v2/2024-04-05.csv,2024-04-05,252,2024-04-05T00:00:00+00:00,2024-04-05T20:55:00+00:00,15654
archive_ext_v2_5m,data/candles_GBPUSD_archive_ext_v2/2024-04-07.csv,2024-04-07,36,2024-04-07T21:00:00+00:00,2024-04-07T23:55:00+00:00,2262
archive_ext_v2_5m,data/candles_GBPUSD_archive_ext_v2/2024-04-08.csv,2024-04-08,288,2024-04-08T00:00:00+00:00,2024-04-08T23:55:00+00:00,17886
archive_ext_v2_5m,data/candles_GBPUSD_archive_ext_v2/2024-04-09.csv,2024-04-09,288,2024-04-09T00:00:00+00:00,2024-04-09T23:55:00+00:00,17886
archive_ext_v2_5m,data/candles_GBPUSD_archive_ext_v2/2024-04-10.csv,2024-04-10,288,2024-04-10T00:00:00+00:00,2024-04-10T23:55:00+00:00,17886
archive_ext_v2_5m,data/candles_GBPUSD_archive_ext_v2/2024-04-11.csv,2024-04-11,288,2024-04-11T00:00:00+00:00,2024-04-11T23:55:00+00:00,17886
archive_ext_v2_5m,data/candles_GBPUSD_archive_ext_v2/2024-04-12.csv,2024-04-12,252,2024-04-12T00:00:00+00:00,2024-04-12T20:55:00+00:00,15654
archive_ext_v2_5m,data/candles_GBPUSD_archive_ext_v2/2024-04-14.csv,2024-04-14,36,2024-04-14T21:00:00+00:00,2024-04-14T23:55:00+00:00,2262
archive_ext_v2_5m,data/candles_GBPUSD_archive_ext_v2/2024-04-15.csv,2024-04-15,288,2024-04-15T00:00:00+00:00,2024-04-15T23:55:00+00:00,17886
archive_ext_v2_5m,data/candles_GBPUSD_archive_ext_v2/2024-04-16.csv,2024-04-16,288,2024-04-16T00:00:00+00:00,2024-04-16T23:55:00+00:00,17886
archive_ext_v2_5m,data/candles_GBPUSD_archive_ext_v2/2024-04-17.csv,2024-04-17,288,2024-04-17T00:00:00+00:00,2024-04-17T23:55:00+00:00,17886
archive_ext_v2_5m,data/candles_GBPUSD_archive_ext_v2/2024-04-18.csv,2024-04-18,288,2024-04-18T00:00:00+00:00,2024-04-18T23:55:00+00:00,17886
archive_ext_v2_5m,data/candles_GBPUSD_archive_ext_v2/2024-04-19.csv,2024-04-19,252,2024-04-19T00:00:00+00:00,2024-04-19T20:55:00+00:00,15654
archive_ext_v2_5m,data/candles_GBPUSD_archive_ext_v2/2024-04-21.csv,2024-04-21,36,2024-04-21T21:00:00+00:00,2024-04-21T23:55:00+00:00,2262
archive_ext_v2_5m,data/candles_GBPUSD_archive_ext_v2/2024-04-22.csv,2024-04-22,288,2024-04-22T00:00:00+00:00,2024-04-22T23:55:00+00:00,17886
archive_ext_v2_5m,data/candles_GBPUSD_archive_ext_v2/2024-04-23.csv,2024-04-23,288,2024-04-23T00:00:00+00:00,2024-04-23T23:55:00+00:00,17886
archive_ext_v2_5m,data/candles_GBPUSD_archive_ext_v2/2024-04-24.csv,2024-04-24,288,2024-04-24T00:00:00+00:00,2024-04-24T23:55:00+00:00,17886
archive_ext_v2_5m,data/candles_GBPUSD_archive_ext_v2/2024-04-25.csv,2024-04-25,288,2024-04-25T00:00:00+00:00,2024-04-25T23:55:00+00:00,17886
archive_ext_v2_5m,data/candles_GBPUSD_archive_ext_v2/2024-04-26.csv,2024-04-26,252,2024-04-26T00:00:00+00:00,2024-04-26T20:55:00+00:00,15654
archive_ext_v2_5m,data/candles_GBPUSD_archive_ext_v2/2024-04-28.csv,2024-04-28,35,2024-04-28T21:05:00+00:00,2024-04-28T23:55:00+00:00,2200
archive_ext_v2_5m,data/candles_GBPUSD_archive_ext_v2/2024-04-29.csv,2024-04-29,288,2024-04-29T00:00:00+00:00,2024-04-29T23:55:00+00:00,17886
archive_ext_v2_5m,data/candles_GBPUSD_archive_ext_v2/2024-04-30.csv,2024-04-30,288,2024-04-30T00:00:00+00:00,2024-04-30T23:55:00+00:00,17886
archive_ext_v2_5m,data/candles_GBPUSD_archive_ext_v2/2024-05-01.csv,2024-05-01,288,2024-05-01T00:00:00+00:00,2024-05-01T23:55:00+00:00,17886
archive_ext_v2_5m,data/candles_GBPUSD_archive_ext_v2/2024-05-02.csv,2024-05-02,288,2024-05-02T00:00:00+00:00,2024-05-02T23:55:00+00:00,17886
archive_ext_v2_5m,data/candles_GBPUSD_archive_ext_v2/2024-05-03.csv,2024-05-03,252,2024-05-03T00:00:00+00:00,2024-05-03T20:55:00+00:00,15654
archive_ext_v2_5m,data/candles_GBPUSD_archive_ext_v2/2024-05-05.csv,2024-05-05,36,2024-05-05T21:00:00+00:00,2024-05-05T23:55:00+00:00,2262
archive_ext_v2_5m,data/candles_GBPUSD_archive_ext_v2/2024-05-06.csv,2024-05-06,288,2024-05-06T00:00:00+00:00,2024-05-06T23:55:00+00:00,17886
archive_ext_v2_5m,data/candles_GBPUSD_archive_ext_v2/2024-05-07.csv,2024-05-07,288,2024-05-07T00:00:00+00:00,2024-05-07T23:55:00+00:00,17886
archive_ext_v2_5m,data/candles_GBPUSD_archive_ext_v2/2024-05-08.csv,2024-05-08,288,2024-05-08T00:00:00+00:00,2024-05-08T23:55:00+00:00,17886
archive_ext_v2_5m,data/candles_GBPUSD_archive_ext_v2/2024-05-09.csv,2024-05-09,288,2024-05-09T00:00:00+00:00,2024-05-09T23:55:00+00:00,17886
archive_ext_v2_5m,data/candles_GBPUSD_archive_ext_v2/2024-05-10.csv,2024-05-10,252,2024-05-10T00:00:00+00:00,2024-05-10T20:55:00+00:00,15654
archive_ext_v2_5m,data/candles_GBPUSD_archive_ext_v2/2024-05-12.csv,2024-05-12,36,2024-05-12T21:00:00+00:00,2024-05-12T23:55:00+00:00,2262
archive_ext_v2_5m,data/candles_GBPUSD_archive_ext_v2/2024-05-13.csv,2024-05-13,288,2024-05-13T00:00:00+00:00,2024-05-13T23:55:00+00:00,17886
archive_ext_v2_5m,data/candles_GBPUSD_archive_ext_v2/2024-05-14.csv,2024-05-14,288,2024-05-14T00:00:00+00:00,2024-05-14T23:55:00+00:00,17886
archive_ext_v2_5m,data/candles_GBPUSD_archive_ext_v2/2024-05-15.csv,2024-05-15,288,2024-05-15T00:00:00+00:00,2024-05-15T23:55:00+00:00,17886
archive_ext_v2_5m,data/candles_GBPUSD_archive_ext_v2/2024-05-16.csv,2024-05-16,288,2024-05-16T00:00:00+00:00,2024-05-16T23:55:00+00:00,17886
archive_ext_v2_5m,data/candles_GBPUSD_archive_ext_v2/2024-05-17.csv,2024-05-17,252,2024-05-17T00:00:00+00:00,2024-05-17T20:55:00+00:00,15654
archive_ext_v2_5m,data/candles_GBPUSD_archive_ext_v2/2024-05-19.csv,2024-05-19,36,2024-05-19T21:00:00+00:00,2024-05-19T23:55:00+00:00,2262
archive_ext_v2_5m,data/candles_GBPUSD_archive_ext_v2/2024-05-20.csv,2024-05-20,287,2024-05-20T00:00:00+00:00,2024-05-20T23:55:00+00:00,17824
archive_ext_v2_5m,data/candles_GBPUSD_archive_ext_v2/2024-05-21.csv,2024-05-21,288,2024-05-21T00:00:00+00:00,2024-05-21T23:55:00+00:00,17886
archive_ext_v2_5m,data/candles_GBPUSD_archive_ext_v2/2024-05-22.csv,2024-05-22,288,2024-05-22T00:00:00+00:00,2024-05-22T23:55:00+00:00,17886
archive_ext_v2_5m,data/candles_GBPUSD_archive_ext_v2/2024-05-23.csv,2024-05-23,288,2024-05-23T00:00:00+00:00,2024-05-23T23:55:00+00:00,17886
archive_ext_v2_5m,data/candles_GBPUSD_archive_ext_v2/2024-05-24.csv,2024-05-24,252,2024-05-24T00:00:00+00:00,2024-05-24T20:55:00+00:00,15654
archive_ext_v2_5m,data/candles_GBPUSD_archive_ext_v2/2024-05-26.csv,2024-05-26,35,2024-05-26T21:00:00+00:00,2024-05-26T23:55:00+00:00,2200
archive_ext_v2_5m,data/candles_GBPUSD_archive_ext_v2/2024-05-27.csv,2024-05-27,288,2024-05-27T00:00:00+00:00,2024-05-27T23:55:00+00:00,17886
archive_ext_v2_5m,data/candles_GBPUSD_archive_ext_v2/2024-05-28.csv,2024-05-28,288,2024-05-28T00:00:00+00:00,2024-05-28T23:55:00+00:00,17886
archive_ext_v2_5m,data/candles_GBPUSD_archive_ext_v2/2024-05-29.csv,2024-05-29,288,2024-05-29T00:00:00+00:00,2024-05-29T23:55:00+00:00,17886
archive_ext_v2_5m,data/candles_GBPUSD_archive_ext_v2/2024-05-30.csv,2024-05-30,288,2024-05-30T00:00:00+00:00,2024-05-30T23:55:00+00:00,17886
archive_ext_v2_5m,data/candles_GBPUSD_archive_ext_v2/2024-05-31.csv,2024-05-31,252,2024-05-31T00:00:00+00:00,2024-05-31T20:55:00+00:00,15654
archive_ext_v2_5m,data/candles_GBPUSD_archive_ext_v2/2024-06-02.csv,2024-06-02,36,2024-06-02T21:00:00+00:00,2024-06-02T23:55:00+00:00,2262
archive_ext_v2_5m,data/candles_GBPUSD_archive_ext_v2/2024-06-03.csv,2024-06-03,288,2024-06-03T00:00:00+00:00,2024-06-03T23:55:00+00:00,17886
archive_ext_v2_5m,data/candles_GBPUSD_archive_ext_v2/2024-06-04.csv,2024-06-04,288,2024-06-04T00:00:00+00:00,2024-06-04T23:55:00+00:00,17886
archive_ext_v2_5m,data/candles_GBPUSD_archive_ext_v2/2024-06-05.csv,2024-06-05,288,2024-06-05T00:00:00+00:00,2024-06-05T23:55:00+00:00,17886
archive_ext_v2_5m,data/candles_GBPUSD_archive_ext_v2/2024-06-06.csv,2024-06-06,288,2024-06-06T00:00:00+00:00,2024-06-06T23:55:00+00:00,17886
archive_ext_v2_5m,data/candles_GBPUSD_archive_ext_v2/2024-06-07.csv,2024-06-07,252,2024-06-07T00:00:00+00:00,2024-06-07T20:55:00+00:00,15654
archive_ext_v2_5m,data/candles_GBPUSD_archive_ext_v2/2024-06-09.csv,2024-06-09,36,2024-06-09T21:00:00+00:00,2024-06-09T23:55:00+00:00,2262
archive_ext_v2_5m,data/candles_GBPUSD_archive_ext_v2/2024-06-10.csv,2024-06-10,288,2024-06-10T00:00:00+00:00,2024-06-10T23:55:00+00:00,17886
archive_ext_v2_5m,data/candles_GBPUSD_archive_ext_v2/2024-06-11.csv,2024-06-11,288,2024-06-11T00:00:00+00:00,2024-06-11T23:55:00+00:00,17886
archive_ext_v2_5m,data/candles_GBPUSD_archive_ext_v2/2024-06-12.csv,2024-06-12,288,2024-06-12T00:00:00+00:00,2024-06-12T23:55:00+00:00,17886
archive_ext_v2_5m,data/candles_GBPUSD_archive_ext_v2/2024-06-13.csv,2024-06-13,288,2024-06-13T00:00:00+00:00,2024-06-13T23:55:00+00:00,17886
archive_ext_v2_5m,data/candles_GBPUSD_archive_ext_v2/2024-06-14.csv,2024-06-14,252,2024-06-14T00:00:00+00:00,2024-06-14T20:55:00+00:00,15654
archive_ext_v2_5m,data/candles_GBPUSD_archive_ext_v2/2024-06-16.csv,2024-06-16,36,2024-06-16T21:00:00+00:00,2024-06-16T23:55:00+00:00,2262
archive_ext_v2_5m,data/candles_GBPUSD_archive_ext_v2/2024-06-17.csv,2024-06-17,288,2024-06-17T00:00:00+00:00,2024-06-17T23:55:00+00:00,17886
archive_ext_v2_5m,data/candles_GBPUSD_archive_ext_v2/2024-06-18.csv,2024-06-18,288,2024-06-18T00:00:00+00:00,2024-06-18T23:55:00+00:00,17886
archive_ext_v2_5m,data/candles_GBPUSD_archive_ext_v2/2024-06-19.csv,2024-06-19,288,2024-06-19T00:00:00+00:00,2024-06-19T23:55:00+00:00,17886
archive_ext_v2_5m,data/candles_GBPUSD_archive_ext_v2/2024-06-20.csv,2024-06-20,288,2024-06-20T00:00:00+00:00,2024-06-20T23:55:00+00:00,17886
archive_ext_v2_5m,data/candles_GBPUSD_archive_ext_v2/2024-06-21.csv,2024-06-21,252,2024-06-21T00:00:00+00:00,2024-06-21T20:55:00+00:00,15654
archive_ext_v2_5m,data/candles_GBPUSD_archive_ext_v2/2024-06-23.csv,2024-06-23,36,2024-06-23T21:00:00+00:00,2024-06-23T23:55:00+00:00,2262
archive_ext_v2_5m,data/candles_GBPUSD_archive_ext_v2/2024-06-24.csv,2024-06-24,288,2024-06-24T00:00:00+00:00,2024-06-24T23:55:00+00:00,17886
archive_ext_v2_5m,data/candles_GBPUSD_archive_ext_v2/2024-06-25.csv,2024-06-25,288,2024-06-25T00:00:00+00:00,2024-06-25T23:55:00+00:00,17886
archive_ext_v2_5m,data/candles_GBPUSD_archive_ext_v2/2024-06-26.csv,2024-06-26,288,2024-06-26T00:00:00+00:00,2024-06-26T23:55:00+00:00,17886
archive_ext_v2_5m,data/candles_GBPUSD_archive_ext_v2/2024-06-27.csv,2024-06-27,288,2024-06-27T00:00:00+00:00,2024-06-27T23:55:00+00:00,17886
archive_ext_v2_5m,data/candles_GBPUSD_archive_ext_v2/2024-06-28.csv,2024-06-28,252,2024-06-28T00:00:00+00:00,2024-06-28T20:55:00+00:00,15654
archive_ext_v2_5m,data/candles_GBPUSD_archive_ext_v2/2024-06-30.csv,2024-06-30,36,2024-06-30T21:00:00+00:00,2024-06-30T23:55:00+00:00,2262
archive_ext_v2_5m,data/candles_GBPUSD_archive_ext_v2/2024-07-01.csv,2024-07-01,288,2024-07-01T00:00:00+00:00,2024-07-01T23:55:00+00:00,17886
archive_ext_v2_5m,data/candles_GBPUSD_archive_ext_v2/2024-07-02.csv,2024-07-02,288,2024-07-02T00:00:00+00:00,2024-07-02T23:55:00+00:00,17886
archive_ext_v2_5m,data/candles_GBPUSD_archive_ext_v2/2024-07-03.csv,2024-07-03,288,2024-07-03T00:00:00+00:00,2024-07-03T23:55:00+00:00,17886
archive_ext_v2_5m,data/candles_GBPUSD_archive_ext_v2/2024-07-04.csv,2024-07-04,288,2024-07-04T00:00:00+00:00,2024-07-04T23:55:00+00:00,17886
archive_ext_v2_5m,data/candles_GBPUSD_archive_ext_v2/2024-07-05.csv,2024-07-05,252,2024-07-05T00:00:00+00:00,2024-07-05T20:55:00+00:00,15654
archive_ext_v2_5m,data/candles_GBPUSD_archive_ext_v2/2024-07-07.csv,2024-07-07,36,2024-07-07T21:00:00+00:00,2024-07-07T23:55:00+00:00,2262
archive_ext_v2_5m,data/candles_GBPUSD_archive_ext_v2/2024-07-08.csv,2024-07-08,288,2024-07-08T00:00:00+00:00,2024-07-08T23:55:00+00:00,17886
archive_ext_v2_5m,data/candles_GBPUSD_archive_ext_v2/2024-07-09.csv,2024-07-09,288,2024-07-09T00:00:00+00:00,2024-07-09T23:55:00+00:00,17886
archive_ext_v2_5m,data/candles_GBPUSD_archive_ext_v2/2024-07-10.csv,2024-07-10,288,2024-07-10T00:00:00+00:00,2024-07-10T23:55:00+00:00,17886
archive_ext_v2_5m,data/candles_GBPUSD_archive_ext_v2/2024-07-11.csv,2024-07-11,288,2024-07-11T00:00:00+00:00,2024-07-11T23:55:00+00:00,17886
archive_ext_v2_5m,data/candles_GBPUSD_archive_ext_v2/2024-07-12.csv,2024-07-12,252,2024-07-12T00:00:00+00:00,2024-07-12T20:55:00+00:00,15654
archive_ext_v2_5m,data/candles_GBPUSD_archive_ext_v2/2024-07-14.csv,2024-07-14,36,2024-07-14T21:00:00+00:00,2024-07-14T23:55:00+00:00,2262
archive_ext_v2_5m,data/candles_GBPUSD_archive_ext_v2/2024-07-15.csv,2024-07-15,288,2024-07-15T00:00:00+00:00,2024-07-15T23:55:00+00:00,17886
archive_ext_v2_5m,data/candles_GBPUSD_archive_ext_v2/2024-07-16.csv,2024-07-16,288,2024-07-16T00:00:00+00:00,2024-07-16T23:55:00+00:00,17886
archive_ext_v2_5m,data/candles_GBPUSD_archive_ext_v2/2024-07-17.csv,2024-07-17,288,2024-07-17T00:00:00+00:00,2024-07-17T23:55:00+00:00,17886
archive_ext_v2_5m,data/candles_GBPUSD_archive_ext_v2/2024-07-18.csv,2024-07-18,288,2024-07-18T00:00:00+00:00,2024-07-18T23:55:00+00:00,17886
archive_ext_v2_5m,data/candles_GBPUSD_archive_ext_v2/2024-07-19.csv,2024-07-19,252,2024-07-19T00:00:00+00:00,2024-07-19T20:55:00+00:00,15654
archive_ext_v2_5m,data/candles_GBPUSD_archive_ext_v2/2024-07-21.csv,2024-07-21,36,2024-07-21T21:00:00+00:00,2024-07-21T23:55:00+00:00,2262
archive_ext_v2_5m,data/candles_GBPUSD_archive_ext_v2/2024-07-22.csv,2024-07-22,288,2024-07-22T00:00:00+00:00,2024-07-22T23:55:00+00:00,17886
archive_ext_v2_5m,data/candles_GBPUSD_archive_ext_v2/2024-07-23.csv,2024-07-23,288,2024-07-23T00:00:00+00:00,2024-07-23T23:55:00+00:00,17886
archive_ext_v2_5m,data/candles_GBPUSD_archive_ext_v2/2024-07-24.csv,2024-07-24,288,2024-07-24T00:00:00+00:00,2024-07-24T23:55:00+00:00,17886
archive_ext_v2_5m,data/candles_GBPUSD_archive_ext_v2/2024-07-25.csv,2024-07-25,288,2024-07-25T00:00:00+00:00,2024-07-25T23:55:00+00:00,17886
archive_ext_v2_5m,data/candles_GBPUSD_archive_ext_v2/2024-07-26.csv,2024-07-26,252,2024-07-26T00:00:00+00:00,2024-07-26T20:55:00+00:00,15654
archive_ext_v2_5m,data/candles_GBPUSD_archive_ext_v2/2024-07-28.csv,2024-07-28,36,2024-07-28T21:00:00+00:00,2024-07-28T23:55:00+00:00,2262
archive_ext_v2_5m,data/candles_GBPUSD_archive_ext_v2/2024-07-29.csv,2024-07-29,288,2024-07-29T00:00:00+00:00,2024-07-29T23:55:00+00:00,17886
archive_ext_v2_5m,data/candles_GBPUSD_archive_ext_v2/2024-07-30.csv,2024-07-30,288,2024-07-30T00:00:00+00:00,2024-07-30T23:55:00+00:00,17886
archive_ext_v2_5m,data/candles_GBPUSD_archive_ext_v2/2024-07-31.csv,2024-07-31,288,2024-07-31T00:00:00+00:00,2024-07-31T23:55:00+00:00,17886
archive_ext_v2_5m,data/candles_GBPUSD_archive_ext_v2/2024-08-01.csv,2024-08-01,288,2024-08-01T00:00:00+00:00,2024-08-01T23:55:00+00:00,17886
archive_ext_v2_5m,data/candles_GBPUSD_archive_ext_v2/2024-08-02.csv,2024-08-02,252,2024-08-02T00:00:00+00:00,2024-08-02T20:55:00+00:00,15654
archive_ext_v2_5m,data/candles_GBPUSD_archive_ext_v2/2024-08-04.csv,2024-08-04,36,2024-08-04T21:00:00+00:00,2024-08-04T23:55:00+00:00,2262
archive_ext_v2_5m,data/candles_GBPUSD_archive_ext_v2/2024-08-05.csv,2024-08-05,288,2024-08-05T00:00:00+00:00,2024-08-05T23:55:00+00:00,17886
archive_ext_v2_5m,data/candles_GBPUSD_archive_ext_v2/2024-08-06.csv,2024-08-06,288,2024-08-06T00:00:00+00:00,2024-08-06T23:55:00+00:00,17886
archive_ext_v2_5m,data/candles_GBPUSD_archive_ext_v2/2024-08-07.csv,2024-08-07,288,2024-08-07T00:00:00+00:00,2024-08-07T23:55:00+00:00,17886
archive_ext_v2_5m,data/candles_GBPUSD_archive_ext_v2/2024-08-08.csv,2024-08-08,288,2024-08-08T00:00:00+00:00,2024-08-08T23:55:00+00:00,17886
archive_ext_v2_5m,data/candles_GBPUSD_archive_ext_v2/2024-08-09.csv,2024-08-09,252,2024-08-09T00:00:00+00:00,2024-08-09T20:55:00+00:00,15654
archive_ext_v2_5m,data/candles_GBPUSD_archive_ext_v2/2024-08-11.csv,2024-08-11,36,2024-08-11T21:00:00+00:00,2024-08-11T23:55:00+00:00,2262
archive_ext_v2_5m,data/candles_GBPUSD_archive_ext_v2/2024-08-12.csv,2024-08-12,288,2024-08-12T00:00:00+00:00,2024-08-12T23:55:00+00:00,17886
archive_ext_v2_5m,data/candles_GBPUSD_archive_ext_v2/2024-08-13.csv,2024-08-13,288,2024-08-13T00:00:00+00:00,2024-08-13T23:55:00+00:00,17886
archive_ext_v2_5m,data/candles_GBPUSD_archive_ext_v2/2024-08-14.csv,2024-08-14,288,2024-08-14T00:00:00+00:00,2024-08-14T23:55:00+00:00,17886
archive_ext_v2_5m,data/candles_GBPUSD_archive_ext_v2/2024-08-15.csv,2024-08-15,288,2024-08-15T00:00:00+00:00,2024-08-15T23:55:00+00:00,17886
archive_ext_v2_5m,data/candles_GBPUSD_archive_ext_v2/2024-08-16.csv,2024-08-16,252,2024-08-16T00:00:00+00:00,2024-08-16T20:55:00+00:00,15654
archive_ext_v2_5m,data/candles_GBPUSD_archive_ext_v2/2024-08-18.csv,2024-08-18,36,2024-08-18T21:00:00+00:00,2024-08-18T23:55:00+00:00,2262
archive_ext_v2_5m,data/candles_GBPUSD_archive_ext_v2/2024-08-19.csv,2024-08-19,288,2024-08-19T00:00:00+00:00,2024-08-19T23:55:00+00:00,17886
archive_ext_v2_5m,data/candles_GBPUSD_archive_ext_v2/2024-08-20.csv,2024-08-20,288,2024-08-20T00:00:00+00:00,2024-08-20T23:55:00+00:00,17886
archive_ext_v2_5m,data/candles_GBPUSD_archive_ext_v2/2024-08-21.csv,2024-08-21,288,2024-08-21T00:00:00+00:00,2024-08-21T23:55:00+00:00,17886
archive_ext_v2_5m,data/candles_GBPUSD_archive_ext_v2/2024-08-22.csv,2024-08-22,286,2024-08-22T00:00:00+00:00,2024-08-22T23:55:00+00:00,17762
archive_ext_v2_5m,data/candles_GBPUSD_archive_ext_v2/2024-08-23.csv,2024-08-23,252,2024-08-23T00:00:00+00:00,2024-08-23T20:55:00+00:00,15654
archive_ext_v2_5m,data/candles_GBPUSD_archive_ext_v2/2024-08-25.csv,2024-08-25,36,2024-08-25T21:00:00+00:00,2024-08-25T23:55:00+00:00,2262
archive_ext_v2_5m,data/candles_GBPUSD_archive_ext_v2/2024-08-26.csv,2024-08-26,288,2024-08-26T00:00:00+00:00,2024-08-26T23:55:00+00:00,17886
archive_ext_v2_5m,data/candles_GBPUSD_archive_ext_v2/2024-08-27.csv,2024-08-27,288,2024-08-27T00:00:00+00:00,2024-08-27T23:55:00+00:00,17886
archive_ext_v2_5m,data/candles_GBPUSD_archive_ext_v2/2024-08-28.csv,2024-08-28,288,2024-08-28T00:00:00+00:00,2024-08-28T23:55:00+00:00,17886
archive_ext_v2_5m,data/candles_GBPUSD_archive_ext_v2/2024-08-29.csv,2024-08-29,288,2024-08-29T00:00:00+00:00,2024-08-29T23:55:00+00:00,17886
archive_ext_v2_5m,data/candles_GBPUSD_archive_ext_v2/2024-08-30.csv,2024-08-30,252,2024-08-30T00:00:00+00:00,2024-08-30T20:55:00+00:00,15654
archive_ext_v2_5m,data/candles_GBPUSD_archive_ext_v2/2024-09-01.csv,2024-09-01,36,2024-09-01T21:00:00+00:00,2024-09-01T23:55:00+00:00,2262
archive_ext_v2_5m,data/candles_GBPUSD_archive_ext_v2/2024-09-02.csv,2024-09-02,288,2024-09-02T00:00:00+00:00,2024-09-02T23:55:00+00:00,17886
archive_ext_v2_5m,data/candles_GBPUSD_archive_ext_v2/2024-09-03.csv,2024-09-03,288,2024-09-03T00:00:00+00:00,2024-09-03T23:55:00+00:00,17886
archive_ext_v2_5m,data/candles_GBPUSD_archive_ext_v2/2024-09-04.csv,2024-09-04,288,2024-09-04T00:00:00+00:00,2024-09-04T23:55:00+00:00,17886
archive_ext_v2_5m,data/candles_GBPUSD_archive_ext_v2/2024-09-05.csv,2024-09-05,288,2024-09-05T00:00:00+00:00,2024-09-05T23:55:00+00:00,17886
archive_ext_v2_5m,data/candles_GBPUSD_archive_ext_v2/2024-09-06.csv,2024-09-06,252,2024-09-06T00:00:00+00:00,2024-09-06T20:55:00+00:00,15654
archive_ext_v2_5m,data/candles_GBPUSD_archive_ext_v2/2024-09-08.csv,2024-09-08,36,2024-09-08T21:00:00+00:00,2024-09-08T23:55:00+00:00,2262
archive_ext_v2_5m,data/candles_GBPUSD_archive_ext_v2/2024-09-09.csv,2024-09-09,288,2024-09-09T00:00:00+00:00,2024-09-09T23:55:00+00:00,17886
archive_ext_v2_5m,data/candles_GBPUSD_archive_ext_v2/2024-09-10.csv,2024-09-10,287,2024-09-10T00:00:00+00:00,2024-09-10T23:55:00+00:00,17824
archive_ext_v2_5m,data/candles_GBPUSD_archive_ext_v2/2024-09-11.csv,2024-09-11,288,2024-09-11T00:00:00+00:00,2024-09-11T23:55:00+00:00,17886
archive_ext_v2_5m,data/candles_GBPUSD_archive_ext_v2/2024-09-12.csv,2024-09-12,288,2024-09-12T00:00:00+00:00,2024-09-12T23:55:00+00:00,17886
archive_ext_v2_5m,data/candles_GBPUSD_archive_ext_v2/2024-09-13.csv,2024-09-13,252,2024-09-13T00:00:00+00:00,2024-09-13T20:55:00+00:00,15654
archive_ext_v2_5m,data/candles_GBPUSD_archive_ext_v2/2024-09-15.csv,2024-09-15,35,2024-09-15T21:00:00+00:00,2024-09-15T23:55:00+00:00,2200
archive_ext_v2_5m,data/candles_GBPUSD_archive_ext_v2/2024-09-16.csv,2024-09-16,288,2024-09-16T00:00:00+00:00,2024-09-16T23:55:00+00:00,17886
archive_ext_v2_5m,data/candles_GBPUSD_archive_ext_v2/2024-09-17.csv,2024-09-17,288,2024-09-17T00:00:00+00:00,2024-09-17T23:55:00+00:00,17886
archive_ext_v2_5m,data/candles_GBPUSD_archive_ext_v2/2024-09-18.csv,2024-09-18,288,2024-09-18T00:00:00+00:00,2024-09-18T23:55:00+00:00,17886
archive_ext_v2_5m,data/candles_GBPUSD_archive_ext_v2/2024-09-19.csv,2024-09-19,288,2024-09-19T00:00:00+00:00,2024-09-19T23:55:00+00:00,17886
archive_ext_v2_5m,data/candles_GBPUSD_archive_ext_v2/2024-09-20.csv,2024-09-20,252,2024-09-20T00:00:00+00:00,2024-09-20T20:55:00+00:00,15654
archive_ext_v2_5m,data/candles_GBPUSD_archive_ext_v2/2024-09-22.csv,2024-09-22,36,2024-09-22T21:00:00+00:00,2024-09-22T23:55:00+00:00,2262
archive_ext_v2_5m,data/candles_GBPUSD_archive_ext_v2/2024-09-23.csv,2024-09-23,288,2024-09-23T00:00:00+00:00,2024-09-23T23:55:00+00:00,17886
archive_ext_v2_5m,data/candles_GBPUSD_archive_ext_v2/2024-09-24.csv,2024-09-24,288,2024-09-24T00:00:00+00:00,2024-09-24T23:55:00+00:00,17886
archive_ext_v2_5m,data/candles_GBPUSD_archive_ext_v2/2024-09-25.csv,2024-09-25,288,2024-09-25T00:00:00+00:00,2024-09-25T23:55:00+00:00,17886
archive_ext_v2_5m,data/candles_GBPUSD_archive_ext_v2/2024-09-26.csv,2024-09-26,288,2024-09-26T00:00:00+00:00,2024-09-26T23:55:00+00:00,17886
archive_ext_v2_5m,data/candles_GBPUSD_archive_ext_v2/2024-09-27.csv,2024-09-27,252,2024-09-27T00:00:00+00:00,2024-09-27T20:55:00+00:00,15654
archive_ext_v2_5m,data/candles_GBPUSD_archive_ext_v2/2024-09-29.csv,2024-09-29,36,2024-09-29T21:00:00+00:00,2024-09-29T23:55:00+00:00,2262
archive_ext_v2_5m,data/candles_GBPUSD_archive_ext_v2/2024-09-30.csv,2024-09-30,288,2024-09-30T00:00:00+00:00,2024-09-30T23:55:00+00:00,17886
archive_ext_v2_5m,data/candles_GBPUSD_archive_ext_v2/2024-10-01.csv,2024-10-01,288,2024-10-01T00:00:00+00:00,2024-10-01T23:55:00+00:00,17886
archive_ext_v2_5m,data/candles_GBPUSD_archive_ext_v2/2024-10-02.csv,2024-10-02,288,2024-10-02T00:00:00+00:00,2024-10-02T23:55:00+00:00,17886
archive_ext_v2_5m,data/candles_GBPUSD_archive_ext_v2/2024-10-03.csv,2024-10-03,288,2024-10-03T00:00:00+00:00,2024-10-03T23:55:00+00:00,17886
archive_ext_v2_5m,data/candles_GBPUSD_archive_ext_v2/2024-10-04.csv,2024-10-04,252,2024-10-04T00:00:00+00:00,2024-10-04T20:55:00+00:00,15654
archive_ext_v2_5m,data/candles_GBPUSD_archive_ext_v2/2024-10-06.csv,2024-10-06,36,2024-10-06T21:00:00+00:00,2024-10-06T23:55:00+00:00,2262
archive_ext_v2_5m,data/candles_GBPUSD_archive_ext_v2/2024-10-07.csv,2024-10-07,288,2024-10-07T00:00:00+00:00,2024-10-07T23:55:00+00:00,17886
archive_ext_v2_5m,data/candles_GBPUSD_archive_ext_v2/2024-10-08.csv,2024-10-08,288,2024-10-08T00:00:00+00:00,2024-10-08T23:55:00+00:00,17886
archive_ext_v2_5m,data/candles_GBPUSD_archive_ext_v2/2024-10-09.csv,2024-10-09,288,2024-10-09T00:00:00+00:00,2024-10-09T23:55:00+00:00,17886
archive_ext_v2_5m,data/candles_GBPUSD_archive_ext_v2/2024-10-10.csv,2024-10-10,288,2024-10-10T00:00:00+00:00,2024-10-10T23:55:00+00:00,17886
archive_ext_v2_5m,data/candles_GBPUSD_archive_ext_v2/2024-10-11.csv,2024-10-11,252,2024-10-11T00:00:00+00:00,2024-10-11T20:55:00+00:00,15654
archive_ext_v2_5m,data/candles_GBPUSD_archive_ext_v2/2024-10-13.csv,2024-10-13,36,2024-10-13T21:00:00+00:00,2024-10-13T23:55:00+00:00,2262
archive_ext_v2_5m,data/candles_GBPUSD_archive_ext_v2/2024-10-14.csv,2024-10-14,288,2024-10-14T00:00:00+00:00,2024-10-14T23:55:00+00:00,17886
archive_ext_v2_5m,data/candles_GBPUSD_archive_ext_v2/2024-10-15.csv,2024-10-15,288,2024-10-15T00:00:00+00:00,2024-10-15T23:55:00+00:00,17886
archive_ext_v2_5m,data/candles_GBPUSD_archive_ext_v2/2024-10-16.csv,2024-10-16,288,2024-10-16T00:00:00+00:00,2024-10-16T23:55:00+00:00,17886
archive_ext_v2_5m,data/candles_GBPUSD_archive_ext_v2/2024-10-17.csv,2024-10-17,288,2024-10-17T00:00:00+00:00,2024-10-17T23:55:00+00:00,17886
archive_ext_v2_5m,data/candles_GBPUSD_archive_ext_v2/2024-10-18.csv,2024-10-18,252,2024-10-18T00:00:00+00:00,2024-10-18T20:55:00+00:00,15654
archive_ext_v2_5m,data/candles_GBPUSD_archive_ext_v2/2024-10-20.csv,2024-10-20,36,2024-10-20T21:00:00+00:00,2024-10-20T23:55:00+00:00,2262
archive_ext_v2_5m,data/candles_GBPUSD_archive_ext_v2/2024-10-21.csv,2024-10-21,288,2024-10-21T00:00:00+00:00,2024-10-21T23:55:00+00:00,17886
archive_ext_v2_5m,data/candles_GBPUSD_archive_ext_v2/2024-10-22.csv,2024-10-22,288,2024-10-22T00:00:00+00:00,2024-10-22T23:55:00+00:00,17886
archive_ext_v2_5m,data/candles_GBPUSD_archive_ext_v2/2024-10-23.csv,2024-10-23,288,2024-10-23T00:00:00+00:00,2024-10-23T23:55:00+00:00,17886
archive_ext_v2_5m,data/candles_GBPUSD_archive_ext_v2/2024-10-24.csv,2024-10-24,288,2024-10-24T00:00:00+00:00,2024-10-24T23:55:00+00:00,17886
archive_ext_v2_5m,data/candles_GBPUSD_archive_ext_v2/2024-10-25.csv,2024-10-25,252,2024-10-25T00:00:00+00:00,2024-10-25T20:55:00+00:00,15654
archive_ext_v2_5m,data/candles_GBPUSD_archive_ext_v2/2024-10-27.csv,2024-10-27,48,2024-10-27T20:00:00+00:00,2024-10-27T23:55:00+00:00,3006
archive_ext_v2_5m,data/candles_GBPUSD_archive_ext_v2/2024-10-28.csv,2024-10-28,288,2024-10-28T00:00:00+00:00,2024-10-28T23:55:00+00:00,17886
archive_ext_v2_5m,data/candles_GBPUSD_archive_ext_v2/2024-10-29.csv,2024-10-29,288,2024-10-29T00:00:00+00:00,2024-10-29T23:55:00+00:00,17886
archive_ext_v2_5m,data/candles_GBPUSD_archive_ext_v2/2024-10-30.csv,2024-10-30,288,2024-10-30T00:00:00+00:00,2024-10-30T23:55:00+00:00,17886
archive_ext_v2_5m,data/candles_GBPUSD_archive_ext_v2/2024-10-31.csv,2024-10-31,288,2024-10-31T00:00:00+00:00,2024-10-31T23:55:00+00:00,17886
archive_ext_v2_5m,data/candles_GBPUSD_archive_ext_v2/2024-11-01.csv,2024-11-01,228,2024-11-01T00:00:00+00:00,2024-11-01T19:55:00+00:00,14166
archive_ext_v2_5m,data/candles_GBPUSD_archive_ext_v2/2024-11-03.csv,2024-11-03,24,2024-11-03T22:00:00+00:00,2024-11-03T23:55:00+00:00,1518
archive_ext_v2_5m,data/candles_GBPUSD_archive_ext_v2/2024-11-04.csv,2024-11-04,288,2024-11-04T00:00:00+00:00,2024-11-04T23:55:00+00:00,17886
archive_ext_v2_5m,data/candles_GBPUSD_archive_ext_v2/2024-11-05.csv,2024-11-05,288,2024-11-05T00:00:00+00:00,2024-11-05T23:55:00+00:00,17886
archive_ext_v2_5m,data/candles_GBPUSD_archive_ext_v2/2024-11-06.csv,2024-11-06,288,2024-11-06T00:00:00+00:00,2024-11-06T23:55:00+00:00,17886
archive_ext_v2_5m,data/candles_GBPUSD_archive_ext_v2/2024-11-07.csv,2024-11-07,240,2024-11-07T00:00:00+00:00,2024-11-07T22:55:00+00:00,14910
archive_ext_v2_5m,data/candles_GBPUSD_archive_ext_v2/2024-11-08.csv,2024-11-08,264,2024-11-08T00:00:00+00:00,2024-11-08T21:55:00+00:00,16398
archive_ext_v2_5m,data/candles_GBPUSD_archive_ext_v2/2024-11-10.csv,2024-11-10,24,2024-11-10T22:00:00+00:00,2024-11-10T23:55:00+00:00,1518
archive_ext_v2_5m,data/candles_GBPUSD_archive_ext_v2/2024-11-11.csv,2024-11-11,288,2024-11-11T00:00:00+00:00,2024-11-11T23:55:00+00:00,17886
archive_ext_v2_5m,data/candles_GBPUSD_archive_ext_v2/2024-11-12.csv,2024-11-12,288,2024-11-12T00:00:00+00:00,2024-11-12T23:55:00+00:00,17886
archive_ext_v2_5m,data/candles_GBPUSD_archive_ext_v2/2024-11-13.csv,2024-11-13,288,2024-11-13T00:00:00+00:00,2024-11-13T23:55:00+00:00,17886
archive_ext_v2_5m,data/candles_GBPUSD_archive_ext_v2/2024-11-14.csv,2024-11-14,288,2024-11-14T00:00:00+00:00,2024-11-14T23:55:00+00:00,17886
archive_ext_v2_5m,data/candles_GBPUSD_archive_ext_v2/2024-11-15.csv,2024-11-15,264,2024-11-15T00:00:00+00:00,2024-11-15T21:55:00+00:00,16398
archive_ext_v2_5m,data/candles_GBPUSD_archive_ext_v2/2024-11-17.csv,2024-11-17,24,2024-11-17T22:00:00+00:00,2024-11-17T23:55:00+00:00,1518
archive_ext_v2_5m,data/candles_GBPUSD_archive_ext_v2/2024-11-18.csv,2024-11-18,288,2024-11-18T00:00:00+00:00,2024-11-18T23:55:00+00:00,17886
archive_ext_v2_5m,data/candles_GBPUSD_archive_ext_v2/2024-11-19.csv,2024-11-19,288,2024-11-19T00:00:00+00:00,2024-11-19T23:55:00+00:00,17886
archive_ext_v2_5m,data/candles_GBPUSD_archive_ext_v2/2024-11-20.csv,2024-11-20,288,2024-11-20T00:00:00+00:00,2024-11-20T23:55:00+00:00,17886
archive_ext_v2_5m,data/candles_GBPUSD_archive_ext_v2/2024-11-21.csv,2024-11-21,288,2024-11-21T00:00:00+00:00,2024-11-21T23:55:00+00:00,17886
archive_ext_v2_5m,data/candles_GBPUSD_archive_ext_v2/2024-11-22.csv,2024-11-22,264,2024-11-22T00:00:00+00:00,2024-11-22T21:55:00+00:00,16398
archive_ext_v2_5m,data/candles_GBPUSD_archive_ext_v2/2024-11-24.csv,2024-11-24,24,2024-11-24T22:00:00+00:00,2024-11-24T23:55:00+00:00,1518
archive_ext_v2_5m,data/candles_GBPUSD_archive_ext_v2/2024-11-25.csv,2024-11-25,288,2024-11-25T00:00:00+00:00,2024-11-25T23:55:00+00:00,17886
archive_ext_v2_5m,data/candles_GBPUSD_archive_ext_v2/2024-11-26.csv,2024-11-26,288,2024-11-26T00:00:00+00:00,2024-11-26T23:55:00+00:00,17886
archive_ext_v2_5m,data/candles_GBPUSD_archive_ext_v2/2024-11-27.csv,2024-11-27,288,2024-11-27T00:00:00+00:00,2024-11-27T23:55:00+00:00,17886
archive_ext_v2_5m,data/candles_GBPUSD_archive_ext_v2/2024-11-28.csv,2024-11-28,288,2024-11-28T00:00:00+00:00,2024-11-28T23:55:00+00:00,17886
archive_ext_v2_5m,data/candles_GBPUSD_archive_ext_v2/2024-11-29.csv,2024-11-29,264,2024-11-29T00:00:00+00:00,2024-11-29T21:55:00+00:00,16398
archive_ext_v2_5m,data/candles_GBPUSD_archive_ext_v2/2024-12-01.csv,2024-12-01,24,2024-12-01T22:00:00+00:00,2024-12-01T23:55:00+00:00,1518
archive_ext_v2_5m,data/candles_GBPUSD_archive_ext_v2/2024-12-02.csv,2024-12-02,288,2024-12-02T00:00:00+00:00,2024-12-02T23:55:00+00:00,17886
archive_ext_v2_5m,data/candles_GBPUSD_archive_ext_v2/2024-12-03.csv,2024-12-03,288,2024-12-03T00:00:00+00:00,2024-12-03T23:55:00+00:00,17886
archive_ext_v2_5m,data/candles_GBPUSD_archive_ext_v2/2024-12-04.csv,2024-12-04,288,2024-12-04T00:00:00+00:00,2024-12-04T23:55:00+00:00,17886
archive_ext_v2_5m,data/candles_GBPUSD_archive_ext_v2/2024-12-05.csv,2024-12-05,288,2024-12-05T00:00:00+00:00,2024-12-05T23:55:00+00:00,17886
archive_ext_v2_5m,data/candles_GBPUSD_archive_ext_v2/2024-12-06.csv,2024-12-06,264,2024-12-06T00:00:00+00:00,2024-12-06T21:55:00+00:00,16398
archive_ext_v2_5m,data/candles_GBPUSD_archive_ext_v2/2024-12-08.csv,2024-12-08,24,2024-12-08T22:00:00+00:00,2024-12-08T23:55:00+00:00,1518
archive_ext_v2_5m,data/candles_GBPUSD_archive_ext_v2/2024-12-09.csv,2024-12-09,288,2024-12-09T00:00:00+00:00,2024-12-09T23:55:00+00:00,17886
archive_ext_v2_5m,data/candles_GBPUSD_archive_ext_v2/2024-12-10.csv,2024-12-10,288,2024-12-10T00:00:00+00:00,2024-12-10T23:55:00+00:00,17886
archive_ext_v2_5m,data/candles_GBPUSD_archive_ext_v2/2024-12-11.csv,2024-12-11,288,2024-12-11T00:00:00+00:00,2024-12-11T23:55:00+00:00,17886
archive_ext_v2_5m,data/candles_GBPUSD_archive_ext_v2/2024-12-12.csv,2024-12-12,288,2024-12-12T00:00:00+00:00,2024-12-12T23:55:00+00:00,17886
archive_ext_v2_5m,data/candles_GBPUSD_archive_ext_v2/2024-12-13.csv,2024-12-13,264,2024-12-13T00:00:00+00:00,2024-12-13T21:55:00+00:00,16398
archive_ext_v2_5m,data/candles_GBPUSD_archive_ext_v2/2024-12-15.csv,2024-12-15,24,2024-12-15T22:00:00+00:00,2024-12-15T23:55:00+00:00,1518
archive_ext_v2_5m,data/candles_GBPUSD_archive_ext_v2/2024-12-16.csv,2024-12-16,288,2024-12-16T00:00:00+00:00,2024-12-16T23:55:00+00:00,17886
archive_ext_v2_5m,data/candles_GBPUSD_archive_ext_v2/2024-12-17.csv,2024-12-17,288,2024-12-17T00:00:00+00:00,2024-12-17T23:55:00+00:00,17886
archive_ext_v2_5m,data/candles_GBPUSD_archive_ext_v2/2024-12-18.csv,2024-12-18,288,2024-12-18T00:00:00+00:00,2024-12-18T23:55:00+00:00,17886
archive_ext_v2_5m,data/candles_GBPUSD_archive_ext_v2/2024-12-19.csv,2024-12-19,288,2024-12-19T00:00:00+00:00,2024-12-19T23:55:00+00:00,17886
archive_ext_v2_5m,data/candles_GBPUSD_archive_ext_v2/2024-12-20.csv,2024-12-20,264,2024-12-20T00:00:00+00:00,2024-12-20T21:55:00+00:00,16398
archive_ext_v2_5m,data/candles_GBPUSD_archive_ext_v2/2024-12-22.csv,2024-12-22,24,2024-12-22T22:00:00+00:00,2024-12-22T23:55:00+00:00,1518
archive_ext_v2_5m,data/candles_GBPUSD_archive_ext_v2/2024-12-23.csv,2024-12-23,288,2024-12-23T00:00:00+00:00,2024-12-23T23:55:00+00:00,17886
archive_ext_v2_5m,data/candles_GBPUSD_archive_ext_v2/2024-12-24.csv,2024-12-24,284,2024-12-24T00:00:00+00:00,2024-12-24T23:55:00+00:00,17638
archive_ext_v2_5m,data/candles_GBPUSD_archive_ext_v2/2024-12-25.csv,2024-12-25,92,2024-12-25T00:00:00+00:00,2024-12-25T23:55:00+00:00,5734
archive_ext_v2_5m,data/candles_GBPUSD_archive_ext_v2/2024-12-26.csv,2024-12-26,288,2024-12-26T00:00:00+00:00,2024-12-26T23:55:00+00:00,17886
archive_ext_v2_5m,data/candles_GBPUSD_archive_ext_v2/2024-12-27.csv,2024-12-27,264,2024-12-27T00:00:00+00:00,2024-12-27T21:55:00+00:00,16398
archive_ext_v2_5m,data/candles_GBPUSD_archive_ext_v2/2024-12-29.csv,2024-12-29,24,2024-12-29T22:00:00+00:00,2024-12-29T23:55:00+00:00,1518
archive_ext_v2_5m,data/candles_GBPUSD_archive_ext_v2/2024-12-30.csv,2024-12-30,288,2024-12-30T00:00:00+00:00,2024-12-30T23:55:00+00:00,17886
archive_ext_v2_5m,data/candles_GBPUSD_archive_ext_v2/2024-12-31.csv,2024-12-31,264,2024-12-31T00:00:00+00:00,2024-12-31T21:55:00+00:00,16398
archive_ext_v2_5m,data/candles_GBPUSD_archive_ext_v2/2025-01-01.csv,2025-01-01,24,2025-01-01T22:00:00+00:00,2025-01-01T23:55:00+00:00,1518
archive_ext_v2_5m,data/candles_GBPUSD_archive_ext_v2/2025-01-02.csv,2025-01-02,288,2025-01-02T00:00:00+00:00,2025-01-02T23:55:00+00:00,17886
archive_ext_v2_5m,data/candles_GBPUSD_archive_ext_v2/2025-01-03.csv,2025-01-03,264,2025-01-03T00:00:00+00:00,2025-01-03T21:55:00+00:00,16398
archive_ext_v2_5m,data/candles_GBPUSD_archive_ext_v2/2025-01-05.csv,2025-01-05,24,2025-01-05T22:00:00+00:00,2025-01-05T23:55:00+00:00,1518
archive_ext_v2_5m,data/candles_GBPUSD_archive_ext_v2/2025-01-06.csv,2025-01-06,288,2025-01-06T00:00:00+00:00,2025-01-06T23:55:00+00:00,17886
archive_ext_v2_5m,data/candles_GBPUSD_archive_ext_v2/2025-01-07.csv,2025-01-07,288,2025-01-07T00:00:00+00:00,2025-01-07T23:55:00+00:00,17886
archive_ext_v2_5m,data/candles_GBPUSD_archive_ext_v2/2025-01-08.csv,2025-01-08,288,2025-01-08T00:00:00+00:00,2025-01-08T23:55:00+00:00,17886
archive_ext_v2_5m,data/candles_GBPUSD_archive_ext_v2/2025-01-09.csv,2025-01-09,288,2025-01-09T00:00:00+00:00,2025-01-09T23:55:00+00:00,17886
archive_ext_v2_5m,data/candles_GBPUSD_archive_ext_v2/2025-01-10.csv,2025-01-10,264,2025-01-10T00:00:00+00:00,2025-01-10T21:55:00+00:00,16398
archive_ext_v2_5m,data/candles_GBPUSD_archive_ext_v2/2025-01-12.csv,2025-01-12,24,2025-01-12T22:00:00+00:00,2025-01-12T23:55:00+00:00,1518
archive_ext_v2_5m,data/candles_GBPUSD_archive_ext_v2/2025-01-13.csv,2025-01-13,288,2025-01-13T00:00:00+00:00,2025-01-13T23:55:00+00:00,17886
archive_ext_v2_5m,data/candles_GBPUSD_archive_ext_v2/2025-01-14.csv,2025-01-14,288,2025-01-14T00:00:00+00:00,2025-01-14T23:55:00+00:00,17886
archive_ext_v2_5m,data/candles_GBPUSD_archive_ext_v2/2025-01-15.csv,2025-01-15,288,2025-01-15T00:00:00+00:00,2025-01-15T23:55:00+00:00,17886
archive_ext_v2_5m,data/candles_GBPUSD_archive_ext_v2/2025-01-16.csv,2025-01-16,288,2025-01-16T00:00:00+00:00,2025-01-16T23:55:00+00:00,17886
archive_ext_v2_5m,data/candles_GBPUSD_archive_ext_v2/2025-01-17.csv,2025-01-17,264,2025-01-17T00:00:00+00:00,2025-01-17T21:55:00+00:00,16398
archive_ext_v2_5m,data/candles_GBPUSD_archive_ext_v2/2025-01-19.csv,2025-01-19,24,2025-01-19T22:00:00+00:00,2025-01-19T23:55:00+00:00,1518
archive_ext_v2_5m,data/candles_GBPUSD_archive_ext_v2/2025-01-20.csv,2025-01-20,288,2025-01-20T00:00:00+00:00,2025-01-20T23:55:00+00:00,17886
archive_ext_v2_5m,data/candles_GBPUSD_archive_ext_v2/2025-01-21.csv,2025-01-21,288,2025-01-21T00:00:00+00:00,2025-01-21T23:55:00+00:00,17886
archive_ext_v2_5m,data/candles_GBPUSD_archive_ext_v2/2025-01-22.csv,2025-01-22,288,2025-01-22T00:00:00+00:00,2025-01-22T23:55:00+00:00,17886
archive_ext_v2_5m,data/candles_GBPUSD_archive_ext_v2/2025-01-23.csv,2025-01-23,288,2025-01-23T00:00:00+00:00,2025-01-23T23:55:00+00:00,17886
archive_ext_v2_5m,data/candles_GBPUSD_archive_ext_v2/2025-01-24.csv,2025-01-24,264,2025-01-24T00:00:00+00:00,2025-01-24T21:55:00+00:00,16398
archive_ext_v2_5m,data/candles_GBPUSD_archive_ext_v2/2025-01-26.csv,2025-01-26,24,2025-01-26T22:00:00+00:00,2025-01-26T23:55:00+00:00,1518
archive_ext_v2_5m,data/candles_GBPUSD_archive_ext_v2/2025-01-27.csv,2025-01-27,288,2025-01-27T00:00:00+00:00,2025-01-27T23:55:00+00:00,17886
archive_ext_v2_5m,data/candles_GBPUSD_archive_ext_v2/2025-01-28.csv,2025-01-28,288,2025-01-28T00:00:00+00:00,2025-01-28T23:55:00+00:00,17886
archive_ext_v2_5m,data/candles_GBPUSD_archive_ext_v2/2025-01-29.csv,2025-01-29,288,2025-01-29T00:00:00+00:00,2025-01-29T23:55:00+00:00,17886
archive_ext_v2_5m,data/candles_GBPUSD_archive_ext_v2/2025-01-30.csv,2025-01-30,288,2025-01-30T00:00:00+00:00,2025-01-30T23:55:00+00:00,17886
archive_ext_v2_5m,data/candles_GBPUSD_archive_ext_v2/2025-01-31.csv,2025-01-31,264,2025-01-31T00:00:00+00:00,2025-01-31T21:55:00+00:00,16398
archive_ext_v2_5m,data/candles_GBPUSD_archive_ext_v2/2025-02-02.csv,2025-02-02,24,2025-02-02T22:00:00+00:00,2025-02-02T23:55:00+00:00,1518
archive_ext_v2_5m,data/candles_GBPUSD_archive_ext_v2/2025-02-03.csv,2025-02-03,288,2025-02-03T00:00:00+00:00,2025-02-03T23:55:00+00:00,17886
archive_ext_v2_5m,data/candles_GBPUSD_archive_ext_v2/2025-02-04.csv,2025-02-04,288,2025-02-04T00:00:00+00:00,2025-02-04T23:55:00+00:00,17886
archive_ext_v2_5m,data/candles_GBPUSD_archive_ext_v2/2025-02-05.csv,2025-02-05,288,2025-02-05T00:00:00+00:00,2025-02-05T23:55:00+00:00,17886
archive_ext_v2_5m,data/candles_GBPUSD_archive_ext_v2/2025-02-06.csv,2025-02-06,288,2025-02-06T00:00:00+00:00,2025-02-06T23:55:00+00:00,17886
archive_ext_v2_5m,data/candles_GBPUSD_archive_ext_v2/2025-02-07.csv,2025-02-07,264,2025-02-07T00:00:00+00:00,2025-02-07T21:55:00+00:00,16398
archive_ext_v2_5m,data/candles_GBPUSD_archive_ext_v2/2025-02-09.csv,2025-02-09,24,2025-02-09T22:00:00+00:00,2025-02-09T23:55:00+00:00,1518
archive_ext_v2_5m,data/candles_GBPUSD_archive_ext_v2/2025-02-10.csv,2025-02-10,288,2025-02-10T00:00:00+00:00,2025-02-10T23:55:00+00:00,17886
archive_ext_v2_5m,data/candles_GBPUSD_archive_ext_v2/2025-02-11.csv,2025-02-11,288,2025-02-11T00:00:00+00:00,2025-02-11T23:55:00+00:00,17886
archive_ext_v2_5m,data/candles_GBPUSD_archive_ext_v2/2025-02-12.csv,2025-02-12,288,2025-02-12T00:00:00+00:00,2025-02-12T23:55:00+00:00,17886
archive_ext_v2_5m,data/candles_GBPUSD_archive_ext_v2/2025-02-13.csv,2025-02-13,288,2025-02-13T00:00:00+00:00,2025-02-13T23:55:00+00:00,17886
archive_ext_v2_5m,data/candles_GBPUSD_archive_ext_v2/2025-02-14.csv,2025-02-14,264,2025-02-14T00:00:00+00:00,2025-02-14T21:55:00+00:00,16398
archive_ext_v2_5m,data/candles_GBPUSD_archive_ext_v2/2025-02-16.csv,2025-02-16,24,2025-02-16T22:00:00+00:00,2025-02-16T23:55:00+00:00,1518
archive_ext_v2_5m,data/candles_GBPUSD_archive_ext_v2/2025-02-17.csv,2025-02-17,288,2025-02-17T00:00:00+00:00,2025-02-17T23:55:00+00:00,17886
archive_ext_v2_5m,data/candles_GBPUSD_archive_ext_v2/2025-02-18.csv,2025-02-18,288,2025-02-18T00:00:00+00:00,2025-02-18T23:55:00+00:00,17886
archive_ext_v2_5m,data/candles_GBPUSD_archive_ext_v2/2025-02-19.csv,2025-02-19,288,2025-02-19T00:00:00+00:00,2025-02-19T23:55:00+00:00,17886
archive_ext_v2_5m,data/candles_GBPUSD_archive_ext_v2/2025-02-20.csv,2025-02-20,288,2025-02-20T00:00:00+00:00,2025-02-20T23:55:00+00:00,17886
archive_ext_v2_5m,data/candles_GBPUSD_archive_ext_v2/2025-02-21.csv,2025-02-21,264,2025-02-21T00:00:00+00:00,2025-02-21T21:55:00+00:00,16398
archive_ext_v2_5m,data/candles_GBPUSD_archive_ext_v2/2025-02-23.csv,2025-02-23,24,2025-02-23T22:00:00+00:00,2025-02-23T23:55:00+00:00,1518
archive_ext_v2_5m,data/candles_GBPUSD_archive_ext_v2/2025-02-24.csv,2025-02-24,288,2025-02-24T00:00:00+00:00,2025-02-24T23:55:00+00:00,17886
archive_ext_v2_5m,data/candles_GBPUSD_archive_ext_v2/2025-02-25.csv,2025-02-25,288,2025-02-25T00:00:00+00:00,2025-02-25T23:55:00+00:00,17886
archive_ext_v2_5m,data/candles_GBPUSD_archive_ext_v2/2025-02-26.csv,2025-02-26,288,2025-02-26T00:00:00+00:00,2025-02-26T23:55:00+00:00,17886
archive_ext_v2_5m,data/candles_GBPUSD_archive_ext_v2/2025-02-27.csv,2025-02-27,288,2025-02-27T00:00:00+00:00,2025-02-27T23:55:00+00:00,17886
archive_ext_v2_5m,data/candles_GBPUSD_archive_ext_v2/2025-02-28.csv,2025-02-28,264,2025-02-28T00:00:00+00:00,2025-02-28T21:55:00+00:00,16398
archive_ext_v2_5m,data/candles_GBPUSD_archive_ext_v2/2025-03-02.csv,2025-03-02,23,2025-03-02T22:00:00+00:00,2025-03-02T23:55:00+00:00,1456
archive_ext_v2_5m,data/candles_GBPUSD_archive_ext_v2/2025-03-03.csv,2025-03-03,288,2025-03-03T00:00:00+00:00,2025-03-03T23:55:00+00:00,17886
archive_ext_v2_5m,data/candles_GBPUSD_archive_ext_v2/2025-03-04.csv,2025-03-04,288,2025-03-04T00:00:00+00:00,2025-03-04T23:55:00+00:00,17886
archive_ext_v2_5m,data/candles_GBPUSD_archive_ext_v2/2025-03-05.csv,2025-03-05,288,2025-03-05T00:00:00+00:00,2025-03-05T23:55:00+00:00,17886
archive_ext_v2_5m,data/candles_GBPUSD_archive_ext_v2/2025-03-06.csv,2025-03-06,288,2025-03-06T00:00:00+00:00,2025-03-06T23:55:00+00:00,17886
archive_ext_v2_5m,data/candles_GBPUSD_archive_ext_v2/2025-03-07.csv,2025-03-07,264,2025-03-07T00:00:00+00:00,2025-03-07T21:55:00+00:00,16398
archive_ext_v2_5m,data/candles_GBPUSD_archive_ext_v2/2025-03-09.csv,2025-03-09,47,2025-03-09T20:05:00+00:00,2025-03-09T23:55:00+00:00,2944
archive_ext_v2_5m,data/candles_GBPUSD_archive_ext_v2/2025-03-10.csv,2025-03-10,288,2025-03-10T00:00:00+00:00,2025-03-10T23:55:00+00:00,17886
archive_ext_v2_5m,data/candles_GBPUSD_archive_ext_v2/2025-03-11.csv,2025-03-11,288,2025-03-11T00:00:00+00:00,2025-03-11T23:55:00+00:00,17886
archive_ext_v2_5m,data/candles_GBPUSD_archive_ext_v2/2025-03-12.csv,2025-03-12,288,2025-03-12T00:00:00+00:00,2025-03-12T23:55:00+00:00,17886
archive_ext_v2_5m,data/candles_GBPUSD_archive_ext_v2/2025-03-13.csv,2025-03-13,288,2025-03-13T00:00:00+00:00,2025-03-13T23:55:00+00:00,17886
archive_ext_v2_5m,data/candles_GBPUSD_archive_ext_v2/2025-03-14.csv,2025-03-14,240,2025-03-14T00:00:00+00:00,2025-03-14T19:55:00+00:00,14910
archive_ext_v2_5m,data/candles_GBPUSD_archive_ext_v2/2025-03-16.csv,2025-03-16,48,2025-03-16T20:00:00+00:00,2025-03-16T23:55:00+00:00,3006
archive_ext_v2_5m,data/candles_GBPUSD_archive_ext_v2/2025-03-17.csv,2025-03-17,288,2025-03-17T00:00:00+00:00,2025-03-17T23:55:00+00:00,17886
archive_ext_v2_5m,data/candles_GBPUSD_archive_ext_v2/2025-03-18.csv,2025-03-18,288,2025-03-18T00:00:00+00:00,2025-03-18T23:55:00+00:00,17886
archive_ext_v2_5m,data/candles_GBPUSD_archive_ext_v2/2025-03-19.csv,2025-03-19,288,2025-03-19T00:00:00+00:00,2025-03-19T23:55:00+00:00,17886
archive_ext_v2_5m,data/candles_GBPUSD_archive_ext_v2/2025-03-20.csv,2025-03-20,288,2025-03-20T00:00:00+00:00,2025-03-20T23:55:00+00:00,17886
archive_ext_v2_5m,data/candles_GBPUSD_archive_ext_v2/2025-03-21.csv,2025-03-21,240,2025-03-21T00:00:00+00:00,2025-03-21T19:55:00+00:00,14910
archive_ext_v2_5m,data/candles_GBPUSD_archive_ext_v2/2025-03-23.csv,2025-03-23,48,2025-03-23T20:00:00+00:00,2025-03-23T23:55:00+00:00,3006
archive_ext_v2_5m,data/candles_GBPUSD_archive_ext_v2/2025-03-24.csv,2025-03-24,288,2025-03-24T00:00:00+00:00,2025-03-24T23:55:00+00:00,17886
archive_ext_v2_5m,data/candles_GBPUSD_archive_ext_v2/2025-03-25.csv,2025-03-25,288,2025-03-25T00:00:00+00:00,2025-03-25T23:55:00+00:00,17886
archive_ext_v2_5m,data/candles_GBPUSD_archive_ext_v2/2025-03-26.csv,2025-03-26,288,2025-03-26T00:00:00+00:00,2025-03-26T23:55:00+00:00,17886
archive_ext_v2_5m,data/candles_GBPUSD_archive_ext_v2/2025-03-27.csv,2025-03-27,288,2025-03-27T00:00:00+00:00,2025-03-27T23:55:00+00:00,17886
archive_ext_v2_5m,data/candles_GBPUSD_archive_ext_v2/2025-03-28.csv,2025-03-28,240,2025-03-28T00:00:00+00:00,2025-03-28T19:55:00+00:00,14910
archive_ext_v2_5m,data/candles_GBPUSD_archive_ext_v2/2025-03-30.csv,2025-03-30,24,2025-03-30T21:00:00+00:00,2025-03-30T22:55:00+00:00,1518
archive_ext_v2_5m,data/candles_GBPUSD_archive_ext_v2/2025-03-31.csv,2025-03-31,288,2025-03-31T00:00:00+00:00,2025-03-31T23:55:00+00:00,17886
archive_ext_v2_5m,data/candles_GBPUSD_archive_ext_v2/2025-04-01.csv,2025-04-01,288,2025-04-01T00:00:00+00:00,2025-04-01T23:55:00+00:00,17886
archive_ext_v2_5m,data/candles_GBPUSD_archive_ext_v2/2025-04-02.csv,2025-04-02,288,2025-04-02T00:00:00+00:00,2025-04-02T23:55:00+00:00,17886
archive_ext_v2_5m,data/candles_GBPUSD_archive_ext_v2/2025-04-03.csv,2025-04-03,288,2025-04-03T00:00:00+00:00,2025-04-03T23:55:00+00:00,17886
archive_ext_v2_5m,data/candles_GBPUSD_archive_ext_v2/2025-04-04.csv,2025-04-04,252,2025-04-04T00:00:00+00:00,2025-04-04T20:55:00+00:00,15654
archive_ext_v2_5m,data/candles_GBPUSD_archive_ext_v2/2025-04-06.csv,2025-04-06,35,2025-04-06T21:05:00+00:00,2025-04-06T23:55:00+00:00,2200
archive_ext_v2_5m,data/candles_GBPUSD_archive_ext_v2/2025-04-07.csv,2025-04-07,288,2025-04-07T00:00:00+00:00,2025-04-07T23:55:00+00:00,17886
archive_ext_v2_5m,data/candles_GBPUSD_archive_ext_v2/2025-04-08.csv,2025-04-08,284,2025-04-08T00:00:00+00:00,2025-04-08T23:55:00+00:00,17638
archive_ext_v2_5m,data/candles_GBPUSD_archive_ext_v2/2025-04-09.csv,2025-04-09,287,2025-04-09T00:00:00+00:00,2025-04-09T23:55:00+00:00,17824
archive_ext_v2_5m,data/candles_GBPUSD_archive_ext_v2/2025-04-10.csv,2025-04-10,288,2025-04-10T00:00:00+00:00,2025-04-10T23:55:00+00:00,17886
archive_ext_v2_5m,data/candles_GBPUSD_archive_ext_v2/2025-04-11.csv,2025-04-11,252,2025-04-11T00:00:00+00:00,2025-04-11T20:55:00+00:00,15654
archive_ext_v2_5m,data/candles_GBPUSD_archive_ext_v2/2025-04-13.csv,2025-04-13,36,2025-04-13T21:00:00+00:00,2025-04-13T23:55:00+00:00,2262
archive_ext_v2_5m,data/candles_GBPUSD_archive_ext_v2/2025-04-14.csv,2025-04-14,288,2025-04-14T00:00:00+00:00,2025-04-14T23:55:00+00:00,17886
archive_ext_v2_5m,data/candles_GBPUSD_archive_ext_v2/2025-04-15.csv,2025-04-15,288,2025-04-15T00:00:00+00:00,2025-04-15T23:55:00+00:00,17886
archive_ext_v2_5m,data/candles_GBPUSD_archive_ext_v2/2025-04-16.csv,2025-04-16,288,2025-04-16T00:00:00+00:00,2025-04-16T23:55:00+00:00,17886
archive_ext_v2_5m,data/candles_GBPUSD_archive_ext_v2/2025-04-17.csv,2025-04-17,288,2025-04-17T00:00:00+00:00,2025-04-17T23:55:00+00:00,17886
archive_ext_v2_5m,data/candles_GBPUSD_archive_ext_v2/2025-04-18.csv,2025-04-18,252,2025-04-18T00:00:00+00:00,2025-04-18T20:55:00+00:00,15654
archive_ext_v2_5m,data/candles_GBPUSD_archive_ext_v2/2025-04-20.csv,2025-04-20,36,2025-04-20T21:00:00+00:00,2025-04-20T23:55:00+00:00,2262
archive_ext_v2_5m,data/candles_GBPUSD_archive_ext_v2/2025-04-21.csv,2025-04-21,288,2025-04-21T00:00:00+00:00,2025-04-21T23:55:00+00:00,17886
archive_ext_v2_5m,data/candles_GBPUSD_archive_ext_v2/2025-04-22.csv,2025-04-22,288,2025-04-22T00:00:00+00:00,2025-04-22T23:55:00+00:00,17886
archive_ext_v2_5m,data/candles_GBPUSD_archive_ext_v2/2025-04-23.csv,2025-04-23,288,2025-04-23T00:00:00+00:00,2025-04-23T23:55:00+00:00,17886
archive_ext_v2_5m,data/candles_GBPUSD_archive_ext_v2/2025-04-24.csv,2025-04-24,288,2025-04-24T00:00:00+00:00,2025-04-24T23:55:00+00:00,17886
archive_ext_v2_5m,data/candles_GBPUSD_archive_ext_v2/2025-04-25.csv,2025-04-25,252,2025-04-25T00:00:00+00:00,2025-04-25T20:55:00+00:00,15654
archive_ext_v2_5m,data/candles_GBPUSD_archive_ext_v2/2025-04-27.csv,2025-04-27,36,2025-04-27T21:00:00+00:00,2025-04-27T23:55:00+00:00,2262
archive_ext_v2_5m,data/candles_GBPUSD_archive_ext_v2/2025-04-28.csv,2025-04-28,288,2025-04-28T00:00:00+00:00,2025-04-28T23:55:00+00:00,17886
archive_ext_v2_5m,data/candles_GBPUSD_archive_ext_v2/2025-04-29.csv,2025-04-29,288,2025-04-29T00:00:00+00:00,2025-04-29T23:55:00+00:00,17886
archive_ext_v2_5m,data/candles_GBPUSD_archive_ext_v2/2025-04-30.csv,2025-04-30,288,2025-04-30T00:00:00+00:00,2025-04-30T23:55:00+00:00,17886
archive_ext_v2_5m,data/candles_GBPUSD_archive_ext_v2/2025-05-01.csv,2025-05-01,286,2025-05-01T00:00:00+00:00,2025-05-01T23:55:00+00:00,17762
archive_ext_v2_5m,data/candles_GBPUSD_archive_ext_v2/2025-05-02.csv,2025-05-02,252,2025-05-02T00:00:00+00:00,2025-05-02T20:55:00+00:00,15654
archive_ext_v2_5m,data/candles_GBPUSD_archive_ext_v2/2025-05-04.csv,2025-05-04,36,2025-05-04T21:00:00+00:00,2025-05-04T23:55:00+00:00,2262
archive_ext_v2_5m,data/candles_GBPUSD_archive_ext_v2/2025-05-05.csv,2025-05-05,288,2025-05-05T00:00:00+00:00,2025-05-05T23:55:00+00:00,17886
archive_ext_v2_5m,data/candles_GBPUSD_archive_ext_v2/2025-05-06.csv,2025-05-06,288,2025-05-06T00:00:00+00:00,2025-05-06T23:55:00+00:00,17886
archive_ext_v2_5m,data/candles_GBPUSD_archive_ext_v2/2025-05-07.csv,2025-05-07,288,2025-05-07T00:00:00+00:00,2025-05-07T23:55:00+00:00,17886
archive_ext_v2_5m,data/candles_GBPUSD_archive_ext_v2/2025-05-08.csv,2025-05-08,288,2025-05-08T00:00:00+00:00,2025-05-08T23:55:00+00:00,17886
archive_ext_v2_5m,data/candles_GBPUSD_archive_ext_v2/2025-05-09.csv,2025-05-09,252,2025-05-09T00:00:00+00:00,2025-05-09T20:55:00+00:00,15654
archive_ext_v2_5m,data/candles_GBPUSD_archive_ext_v2/2025-05-11.csv,2025-05-11,36,2025-05-11T21:00:00+00:00,2025-05-11T23:55:00+00:00,2262
archive_ext_v2_5m,data/candles_GBPUSD_archive_ext_v2/2025-05-12.csv,2025-05-12,288,2025-05-12T00:00:00+00:00,2025-05-12T23:55:00+00:00,17886
archive_ext_v2_5m,data/candles_GBPUSD_archive_ext_v2/2025-05-13.csv,2025-05-13,288,2025-05-13T00:00:00+00:00,2025-05-13T23:55:00+00:00,17886
archive_ext_v2_5m,data/candles_GBPUSD_archive_ext_v2/2025-05-14.csv,2025-05-14,288,2025-05-14T00:00:00+00:00,2025-05-14T23:55:00+00:00,17886
archive_ext_v2_5m,data/candles_GBPUSD_archive_ext_v2/2025-05-15.csv,2025-05-15,288,2025-05-15T00:00:00+00:00,2025-05-15T23:55:00+00:00,17886
archive_ext_v2_5m,data/candles_GBPUSD_archive_ext_v2/2025-05-16.csv,2025-05-16,252,2025-05-16T00:00:00+00:00,2025-05-16T20:55:00+00:00,15654
archive_ext_v2_5m,data/candles_GBPUSD_archive_ext_v2/2025-05-18.csv,2025-05-18,36,2025-05-18T21:00:00+00:00,2025-05-18T23:55:00+00:00,2262
archive_ext_v2_5m,data/candles_GBPUSD_archive_ext_v2/2025-05-19.csv,2025-05-19,288,2025-05-19T00:00:00+00:00,2025-05-19T23:55:00+00:00,17886
archive_ext_v2_5m,data/candles_GBPUSD_archive_ext_v2/2025-05-20.csv,2025-05-20,288,2025-05-20T00:00:00+00:00,2025-05-20T23:55:00+00:00,17886
archive_ext_v2_5m,data/candles_GBPUSD_archive_ext_v2/2025-05-21.csv,2025-05-21,288,2025-05-21T00:00:00+00:00,2025-05-21T23:55:00+00:00,17886
archive_ext_v2_5m,data/candles_GBPUSD_archive_ext_v2/2025-05-22.csv,2025-05-22,288,2025-05-22T00:00:00+00:00,2025-05-22T23:55:00+00:00,17886
archive_ext_v2_5m,data/candles_GBPUSD_archive_ext_v2/2025-05-23.csv,2025-05-23,252,2025-05-23T00:00:00+00:00,2025-05-23T20:55:00+00:00,15654
archive_ext_v2_5m,data/candles_GBPUSD_archive_ext_v2/2025-05-25.csv,2025-05-25,36,2025-05-25T21:00:00+00:00,2025-05-25T23:55:00+00:00,2262
archive_ext_v2_5m,data/candles_GBPUSD_archive_ext_v2/2025-05-26.csv,2025-05-26,288,2025-05-26T00:00:00+00:00,2025-05-26T23:55:00+00:00,17886
archive_ext_v2_5m,data/candles_GBPUSD_archive_ext_v2/2025-05-27.csv,2025-05-27,288,2025-05-27T00:00:00+00:00,2025-05-27T23:55:00+00:00,17886
archive_ext_v2_5m,data/candles_GBPUSD_archive_ext_v2/2025-05-28.csv,2025-05-28,288,2025-05-28T00:00:00+00:00,2025-05-28T23:55:00+00:00,17886
archive_ext_v2_5m,data/candles_GBPUSD_archive_ext_v2/2025-05-29.csv,2025-05-29,287,2025-05-29T00:00:00+00:00,2025-05-29T23:55:00+00:00,17824
archive_ext_v2_5m,data/candles_GBPUSD_archive_ext_v2/2025-05-30.csv,2025-05-30,252,2025-05-30T00:00:00+00:00,2025-05-30T20:55:00+00:00,15654
archive_ext_v2_5m,data/candles_GBPUSD_archive_ext_v2/2025-06-01.csv,2025-06-01,35,2025-06-01T21:00:00+00:00,2025-06-01T23:55:00+00:00,2200
archive_ext_v2_5m,data/candles_GBPUSD_archive_ext_v2/2025-06-02.csv,2025-06-02,288,2025-06-02T00:00:00+00:00,2025-06-02T23:55:00+00:00,17886
archive_ext_v2_5m,data/candles_GBPUSD_archive_ext_v2/2025-06-03.csv,2025-06-03,288,2025-06-03T00:00:00+00:00,2025-06-03T23:55:00+00:00,17886
archive_ext_v2_5m,data/candles_GBPUSD_archive_ext_v2/2025-06-04.csv,2025-06-04,288,2025-06-04T00:00:00+00:00,2025-06-04T23:55:00+00:00,17886
archive_ext_v2_5m,data/candles_GBPUSD_archive_ext_v2/2025-06-05.csv,2025-06-05,288,2025-06-05T00:00:00+00:00,2025-06-05T23:55:00+00:00,17886
archive_ext_v2_5m,data/candles_GBPUSD_archive_ext_v2/2025-06-06.csv,2025-06-06,252,2025-06-06T00:00:00+00:00,2025-06-06T20:55:00+00:00,15654
archive_ext_v2_5m,data/candles_GBPUSD_archive_ext_v2/2025-06-08.csv,2025-06-08,36,2025-06-08T21:00:00+00:00,2025-06-08T23:55:00+00:00,2262
archive_ext_v2_5m,data/candles_GBPUSD_archive_ext_v2/2025-06-09.csv,2025-06-09,288,2025-06-09T00:00:00+00:00,2025-06-09T23:55:00+00:00,17886
archive_ext_v2_5m,data/candles_GBPUSD_archive_ext_v2/2025-06-10.csv,2025-06-10,288,2025-06-10T00:00:00+00:00,2025-06-10T23:55:00+00:00,17886
archive_ext_v2_5m,data/candles_GBPUSD_archive_ext_v2/2025-06-11.csv,2025-06-11,288,2025-06-11T00:00:00+00:00,2025-06-11T23:55:00+00:00,17886
archive_ext_v2_5m,data/candles_GBPUSD_archive_ext_v2/2025-06-12.csv,2025-06-12,288,2025-06-12T00:00:00+00:00,2025-06-12T23:55:00+00:00,17886
archive_ext_v2_5m,data/candles_GBPUSD_archive_ext_v2/2025-06-13.csv,2025-06-13,252,2025-06-13T00:00:00+00:00,2025-06-13T20:55:00+00:00,15654
archive_ext_v2_5m,data/candles_GBPUSD_archive_ext_v2/2025-06-15.csv,2025-06-15,36,2025-06-15T21:00:00+00:00,2025-06-15T23:55:00+00:00,2262
archive_ext_v2_5m,data/candles_GBPUSD_archive_ext_v2/2025-06-16.csv,2025-06-16,288,2025-06-16T00:00:00+00:00,2025-06-16T23:55:00+00:00,17886
archive_ext_v2_5m,data/candles_GBPUSD_archive_ext_v2/2025-06-17.csv,2025-06-17,288,2025-06-17T00:00:00+00:00,2025-06-17T23:55:00+00:00,17886
archive_ext_v2_5m,data/candles_GBPUSD_archive_ext_v2/2025-06-18.csv,2025-06-18,288,2025-06-18T00:00:00+00:00,2025-06-18T23:55:00+00:00,17886
archive_ext_v2_5m,data/candles_GBPUSD_archive_ext_v2/2025-06-19.csv,2025-06-19,288,2025-06-19T00:00:00+00:00,2025-06-19T23:55:00+00:00,17886
archive_ext_v2_5m,data/candles_GBPUSD_archive_ext_v2/2025-06-20.csv,2025-06-20,252,2025-06-20T00:00:00+00:00,2025-06-20T20:55:00+00:00,15654
archive_ext_v2_5m,data/candles_GBPUSD_archive_ext_v2/2025-06-22.csv,2025-06-22,36,2025-06-22T21:00:00+00:00,2025-06-22T23:55:00+00:00,2262
archive_ext_v2_5m,data/candles_GBPUSD_archive_ext_v2/2025-06-23.csv,2025-06-23,288,2025-06-23T00:00:00+00:00,2025-06-23T23:55:00+00:00,17886
archive_ext_v2_5m,data/candles_GBPUSD_archive_ext_v2/2025-06-24.csv,2025-06-24,287,2025-06-24T00:00:00+00:00,2025-06-24T23:55:00+00:00,17824
archive_ext_v2_5m,data/candles_GBPUSD_archive_ext_v2/2025-06-25.csv,2025-06-25,288,2025-06-25T00:00:00+00:00,2025-06-25T23:55:00+00:00,17886
archive_ext_v2_5m,data/candles_GBPUSD_archive_ext_v2/2025-06-26.csv,2025-06-26,288,2025-06-26T00:00:00+00:00,2025-06-26T23:55:00+00:00,17886
archive_ext_v2_5m,data/candles_GBPUSD_archive_ext_v2/2025-06-27.csv,2025-06-27,252,2025-06-27T00:00:00+00:00,2025-06-27T20:55:00+00:00,15654
archive_ext_v2_5m,data/candles_GBPUSD_archive_ext_v2/2025-06-29.csv,2025-06-29,36,2025-06-29T21:00:00+00:00,2025-06-29T23:55:00+00:00,2262
archive_ext_v2_5m,data/candles_GBPUSD_archive_ext_v2/2025-06-30.csv,2025-06-30,288,2025-06-30T00:00:00+00:00,2025-06-30T23:55:00+00:00,17886
archive_ext_v2_5m,data/candles_GBPUSD_archive_ext_v2/2025-07-01.csv,2025-07-01,288,2025-07-01T00:00:00+00:00,2025-07-01T23:55:00+00:00,17886
archive_ext_v2_5m,data/candles_GBPUSD_archive_ext_v2/2025-07-02.csv,2025-07-02,288,2025-07-02T00:00:00+00:00,2025-07-02T23:55:00+00:00,17886
archive_ext_v2_5m,data/candles_GBPUSD_archive_ext_v2/2025-07-03.csv,2025-07-03,288,2025-07-03T00:00:00+00:00,2025-07-03T23:55:00+00:00,17886
archive_ext_v2_5m,data/candles_GBPUSD_archive_ext_v2/2025-07-04.csv,2025-07-04,252,2025-07-04T00:00:00+00:00,2025-07-04T20:55:00+00:00,15654
archive_ext_v2_5m,data/candles_GBPUSD_archive_ext_v2/2025-07-06.csv,2025-07-06,36,2025-07-06T21:00:00+00:00,2025-07-06T23:55:00+00:00,2262
archive_ext_v2_5m,data/candles_GBPUSD_archive_ext_v2/2025-07-07.csv,2025-07-07,288,2025-07-07T00:00:00+00:00,2025-07-07T23:55:00+00:00,17886
archive_ext_v2_5m,data/candles_GBPUSD_archive_ext_v2/2025-07-08.csv,2025-07-08,288,2025-07-08T00:00:00+00:00,2025-07-08T23:55:00+00:00,17886
archive_ext_v2_5m,data/candles_GBPUSD_archive_ext_v2/2025-07-09.csv,2025-07-09,288,2025-07-09T00:00:00+00:00,2025-07-09T23:55:00+00:00,17886
archive_ext_v2_5m,data/candles_GBPUSD_archive_ext_v2/2025-07-10.csv,2025-07-10,288,2025-07-10T00:00:00+00:00,2025-07-10T23:55:00+00:00,17886
archive_ext_v2_5m,data/candles_GBPUSD_archive_ext_v2/2025-07-11.csv,2025-07-11,252,2025-07-11T00:00:00+00:00,2025-07-11T20:55:00+00:00,15654
archive_ext_v2_5m,data/candles_GBPUSD_archive_ext_v2/2025-07-13.csv,2025-07-13,36,2025-07-13T21:00:00+00:00,2025-07-13T23:55:00+00:00,2262
archive_ext_v2_5m,data/candles_GBPUSD_archive_ext_v2/2025-07-14.csv,2025-07-14,288,2025-07-14T00:00:00+00:00,2025-07-14T23:55:00+00:00,17886
archive_ext_v2_5m,data/candles_GBPUSD_archive_ext_v2/2025-07-15.csv,2025-07-15,288,2025-07-15T00:00:00+00:00,2025-07-15T23:55:00+00:00,17886
archive_ext_v2_5m,data/candles_GBPUSD_archive_ext_v2/2025-07-16.csv,2025-07-16,288,2025-07-16T00:00:00+00:00,2025-07-16T23:55:00+00:00,17886
archive_ext_v2_5m,data/candles_GBPUSD_archive_ext_v2/2025-07-17.csv,2025-07-17,288,2025-07-17T00:00:00+00:00,2025-07-17T23:55:00+00:00,17886
archive_ext_v2_5m,data/candles_GBPUSD_archive_ext_v2/2025-07-18.csv,2025-07-18,252,2025-07-18T00:00:00+00:00,2025-07-18T20:55:00+00:00,15654
archive_ext_v2_5m,data/candles_GBPUSD_archive_ext_v2/2025-07-20.csv,2025-07-20,35,2025-07-20T21:05:00+00:00,2025-07-20T23:55:00+00:00,2200
archive_ext_v2_5m,data/candles_GBPUSD_archive_ext_v2/2025-07-21.csv,2025-07-21,288,2025-07-21T00:00:00+00:00,2025-07-21T23:55:00+00:00,17886
archive_ext_v2_5m,data/candles_GBPUSD_archive_ext_v2/2025-07-22.csv,2025-07-22,288,2025-07-22T00:00:00+00:00,2025-07-22T23:55:00+00:00,17886
archive_ext_v2_5m,data/candles_GBPUSD_archive_ext_v2/2025-07-23.csv,2025-07-23,288,2025-07-23T00:00:00+00:00,2025-07-23T23:55:00+00:00,17886
archive_ext_v2_5m,data/candles_GBPUSD_archive_ext_v2/2025-07-24.csv,2025-07-24,288,2025-07-24T00:00:00+00:00,2025-07-24T23:55:00+00:00,17886
archive_ext_v2_5m,data/candles_GBPUSD_archive_ext_v2/2025-07-25.csv,2025-07-25,252,2025-07-25T00:00:00+00:00,2025-07-25T20:55:00+00:00,15654
archive_ext_v2_5m,data/candles_GBPUSD_archive_ext_v2/2025-07-27.csv,2025-07-27,36,2025-07-27T21:00:00+00:00,2025-07-27T23:55:00+00:00,2262
archive_ext_v2_5m,data/candles_GBPUSD_archive_ext_v2/2025-07-28.csv,2025-07-28,288,2025-07-28T00:00:00+00:00,2025-07-28T23:55:00+00:00,17886
archive_ext_v2_5m,data/candles_GBPUSD_archive_ext_v2/2025-07-29.csv,2025-07-29,288,2025-07-29T00:00:00+00:00,2025-07-29T23:55:00+00:00,17886
archive_ext_v2_5m,data/candles_GBPUSD_archive_ext_v2/2025-07-30.csv,2025-07-30,288,2025-07-30T00:00:00+00:00,2025-07-30T23:55:00+00:00,17886
archive_ext_v2_5m,data/candles_GBPUSD_archive_ext_v2/2025-07-31.csv,2025-07-31,288,2025-07-31T00:00:00+00:00,2025-07-31T23:55:00+00:00,17886
archive_ext_v2_5m,data/candles_GBPUSD_archive_ext_v2/2025-08-01.csv,2025-08-01,252,2025-08-01T00:00:00+00:00,2025-08-01T20:55:00+00:00,15654
archive_ext_v2_5m,data/candles_GBPUSD_archive_ext_v2/2025-08-03.csv,2025-08-03,36,2025-08-03T21:00:00+00:00,2025-08-03T23:55:00+00:00,2262
archive_ext_v2_5m,data/candles_GBPUSD_archive_ext_v2/2025-08-04.csv,2025-08-04,288,2025-08-04T00:00:00+00:00,2025-08-04T23:55:00+00:00,17886
archive_ext_v2_5m,data/candles_GBPUSD_archive_ext_v2/2025-08-05.csv,2025-08-05,288,2025-08-05T00:00:00+00:00,2025-08-05T23:55:00+00:00,17886
archive_ext_v2_5m,data/candles_GBPUSD_archive_ext_v2/2025-08-06.csv,2025-08-06,288,2025-08-06T00:00:00+00:00,2025-08-06T23:55:00+00:00,17886
archive_ext_v2_5m,data/candles_GBPUSD_archive_ext_v2/2025-08-07.csv,2025-08-07,288,2025-08-07T00:00:00+00:00,2025-08-07T23:55:00+00:00,17886
archive_ext_v2_5m,data/candles_GBPUSD_archive_ext_v2/2025-08-08.csv,2025-08-08,252,2025-08-08T00:00:00+00:00,2025-08-08T20:55:00+00:00,15654
archive_ext_v2_5m,data/candles_GBPUSD_archive_ext_v2/2025-08-10.csv,2025-08-10,36,2025-08-10T21:00:00+00:00,2025-08-10T23:55:00+00:00,2262
archive_ext_v2_5m,data/candles_GBPUSD_archive_ext_v2/2025-08-11.csv,2025-08-11,288,2025-08-11T00:00:00+00:00,2025-08-11T23:55:00+00:00,17886
archive_ext_v2_5m,data/candles_GBPUSD_archive_ext_v2/2025-08-12.csv,2025-08-12,288,2025-08-12T00:00:00+00:00,2025-08-12T23:55:00+00:00,17886
archive_ext_v2_5m,data/candles_GBPUSD_archive_ext_v2/2025-08-13.csv,2025-08-13,288,2025-08-13T00:00:00+00:00,2025-08-13T23:55:00+00:00,17886
archive_ext_v2_5m,data/candles_GBPUSD_archive_ext_v2/2025-08-14.csv,2025-08-14,288,2025-08-14T00:00:00+00:00,2025-08-14T23:55:00+00:00,17886
archive_ext_v2_5m,data/candles_GBPUSD_archive_ext_v2/2025-08-15.csv,2025-08-15,252,2025-08-15T00:00:00+00:00,2025-08-15T20:55:00+00:00,15654
archive_ext_v2_5m,data/candles_GBPUSD_archive_ext_v2/2025-08-17.csv,2025-08-17,36,2025-08-17T21:00:00+00:00,2025-08-17T23:55:00+00:00,2262
archive_ext_v2_5m,data/candles_GBPUSD_archive_ext_v2/2025-08-18.csv,2025-08-18,288,2025-08-18T00:00:00+00:00,2025-08-18T23:55:00+00:00,17886
archive_ext_v2_5m,data/candles_GBPUSD_archive_ext_v2/2025-08-19.csv,2025-08-19,288,2025-08-19T00:00:00+00:00,2025-08-19T23:55:00+00:00,17886
archive_ext_v2_5m,data/candles_GBPUSD_archive_ext_v2/2025-08-20.csv,2025-08-20,288,2025-08-20T00:00:00+00:00,2025-08-20T23:55:00+00:00,17886
archive_ext_v2_5m,data/candles_GBPUSD_archive_ext_v2/2025-08-21.csv,2025-08-21,288,2025-08-21T00:00:00+00:00,2025-08-21T23:55:00+00:00,17886
archive_ext_v2_5m,data/candles_GBPUSD_archive_ext_v2/2025-08-22.csv,2025-08-22,252,2025-08-22T00:00:00+00:00,2025-08-22T20:55:00+00:00,15654
archive_ext_v2_5m,data/candles_GBPUSD_archive_ext_v2/2025-08-24.csv,2025-08-24,36,2025-08-24T21:00:00+00:00,2025-08-24T23:55:00+00:00,2262
archive_ext_v2_5m,data/candles_GBPUSD_archive_ext_v2/2025-08-25.csv,2025-08-25,288,2025-08-25T00:00:00+00:00,2025-08-25T23:55:00+00:00,17886
archive_ext_v2_5m,data/candles_GBPUSD_archive_ext_v2/2025-08-26.csv,2025-08-26,288,2025-08-26T00:00:00+00:00,2025-08-26T23:55:00+00:00,17886
archive_ext_v2_5m,data/candles_GBPUSD_archive_ext_v2/2025-08-27.csv,2025-08-27,288,2025-08-27T00:00:00+00:00,2025-08-27T23:55:00+00:00,17886
archive_ext_v2_5m,data/candles_GBPUSD_archive_ext_v2/2025-08-28.csv,2025-08-28,288,2025-08-28T00:00:00+00:00,2025-08-28T23:55:00+00:00,17886
archive_ext_v2_5m,data/candles_GBPUSD_archive_ext_v2/2025-08-29.csv,2025-08-29,252,2025-08-29T00:00:00+00:00,2025-08-29T20:55:00+00:00,15654
archive_ext_v2_5m,data/candles_GBPUSD_archive_ext_v2/2025-08-31.csv,2025-08-31,36,2025-08-31T21:00:00+00:00,2025-08-31T23:55:00+00:00,2262
archive_ext_v2_5m,data/candles_GBPUSD_archive_ext_v2/2025-09-01.csv,2025-09-01,288,2025-09-01T00:00:00+00:00,2025-09-01T23:55:00+00:00,17886
archive_ext_v2_5m,data/candles_GBPUSD_archive_ext_v2/2025-09-02.csv,2025-09-02,288,2025-09-02T00:00:00+00:00,2025-09-02T23:55:00+00:00,17886
archive_ext_v2_5m,data/candles_GBPUSD_archive_ext_v2/2025-09-03.csv,2025-09-03,288,2025-09-03T00:00:00+00:00,2025-09-03T23:55:00+00:00,17886
archive_ext_v2_5m,data/candles_GBPUSD_archive_ext_v2/2025-09-04.csv,2025-09-04,288,2025-09-04T00:00:00+00:00,2025-09-04T23:55:00+00:00,17886
archive_ext_v2_5m,data/candles_GBPUSD_archive_ext_v2/2025-09-05.csv,2025-09-05,252,2025-09-05T00:00:00+00:00,2025-09-05T20:55:00+00:00,15654
archive_ext_v2_5m,data/candles_GBPUSD_archive_ext_v2/2025-09-07.csv,2025-09-07,36,2025-09-07T21:00:00+00:00,2025-09-07T23:55:00+00:00,2262
archive_ext_v2_5m,data/candles_GBPUSD_archive_ext_v2/2025-09-08.csv,2025-09-08,288,2025-09-08T00:00:00+00:00,2025-09-08T23:55:00+00:00,17886
archive_ext_v2_5m,data/candles_GBPUSD_archive_ext_v2/2025-09-09.csv,2025-09-09,288,2025-09-09T00:00:00+00:00,2025-09-09T23:55:00+00:00,17886
archive_ext_v2_5m,data/candles_GBPUSD_archive_ext_v2/2025-09-10.csv,2025-09-10,288,2025-09-10T00:00:00+00:00,2025-09-10T23:55:00+00:00,17886
archive_ext_v2_5m,data/candles_GBPUSD_archive_ext_v2/2025-09-11.csv,2025-09-11,288,2025-09-11T00:00:00+00:00,2025-09-11T23:55:00+00:00,17886
archive_ext_v2_5m,data/candles_GBPUSD_archive_ext_v2/2025-09-12.csv,2025-09-12,252,2025-09-12T00:00:00+00:00,2025-09-12T20:55:00+00:00,15654
archive_ext_v2_5m,data/candles_GBPUSD_archive_ext_v2/2025-09-14.csv,2025-09-14,35,2025-09-14T21:05:00+00:00,2025-09-14T23:55:00+00:00,2200
archive_ext_v2_5m,data/candles_GBPUSD_archive_ext_v2/2025-09-15.csv,2025-09-15,288,2025-09-15T00:00:00+00:00,2025-09-15T23:55:00+00:00,17886
archive_ext_v2_5m,data/candles_GBPUSD_archive_ext_v2/2025-09-16.csv,2025-09-16,288,2025-09-16T00:00:00+00:00,2025-09-16T23:55:00+00:00,17886
archive_ext_v2_5m,data/candles_GBPUSD_archive_ext_v2/2025-09-17.csv,2025-09-17,288,2025-09-17T00:00:00+00:00,2025-09-17T23:55:00+00:00,17886
archive_ext_v2_5m,data/candles_GBPUSD_archive_ext_v2/2025-09-18.csv,2025-09-18,288,2025-09-18T00:00:00+00:00,2025-09-18T23:55:00+00:00,17886
archive_ext_v2_5m,data/candles_GBPUSD_archive_ext_v2/2025-09-19.csv,2025-09-19,252,2025-09-19T00:00:00+00:00,2025-09-19T20:55:00+00:00,15654
archive_ext_v2_5m,data/candles_GBPUSD_archive_ext_v2/2025-09-21.csv,2025-09-21,36,2025-09-21T21:00:00+00:00,2025-09-21T23:55:00+00:00,2262
archive_ext_v2_5m,data/candles_GBPUSD_archive_ext_v2/2025-09-22.csv,2025-09-22,288,2025-09-22T00:00:00+00:00,2025-09-22T23:55:00+00:00,17886
archive_ext_v2_5m,data/candles_GBPUSD_archive_ext_v2/2025-09-23.csv,2025-09-23,288,2025-09-23T00:00:00+00:00,2025-09-23T23:55:00+00:00,17886
archive_ext_v2_5m,data/candles_GBPUSD_archive_ext_v2/2025-09-24.csv,2025-09-24,288,2025-09-24T00:00:00+00:00,2025-09-24T23:55:00+00:00,17886
archive_ext_v2_5m,data/candles_GBPUSD_archive_ext_v2/2025-09-25.csv,2025-09-25,288,2025-09-25T00:00:00+00:00,2025-09-25T23:55:00+00:00,17886
archive_ext_v2_5m,data/candles_GBPUSD_archive_ext_v2/2025-09-26.csv,2025-09-26,252,2025-09-26T00:00:00+00:00,2025-09-26T20:55:00+00:00,15654
archive_ext_v2_5m,data/candles_GBPUSD_archive_ext_v2/2025-09-28.csv,2025-09-28,36,2025-09-28T21:00:00+00:00,2025-09-28T23:55:00+00:00,2262
archive_ext_v2_5m,data/candles_GBPUSD_archive_ext_v2/2025-09-29.csv,2025-09-29,288,2025-09-29T00:00:00+00:00,2025-09-29T23:55:00+00:00,17886
archive_ext_v2_5m,data/candles_GBPUSD_archive_ext_v2/2025-09-30.csv,2025-09-30,288,2025-09-30T00:00:00+00:00,2025-09-30T23:55:00+00:00,17886
archive_ext_v2_5m,data/candles_GBPUSD_archive_ext_v2/2025-10-01.csv,2025-10-01,288,2025-10-01T00:00:00+00:00,2025-10-01T23:55:00+00:00,17886
archive_ext_v2_5m,data/candles_GBPUSD_archive_ext_v2/2025-10-02.csv,2025-10-02,288,2025-10-02T00:00:00+00:00,2025-10-02T23:55:00+00:00,17886
archive_ext_v2_5m,data/candles_GBPUSD_archive_ext_v2/2025-10-03.csv,2025-10-03,252,2025-10-03T00:00:00+00:00,2025-10-03T20:55:00+00:00,15654
archive_ext_v2_5m,data/candles_GBPUSD_archive_ext_v2/2025-10-05.csv,2025-10-05,36,2025-10-05T21:00:00+00:00,2025-10-05T23:55:00+00:00,2262
archive_ext_v2_5m,data/candles_GBPUSD_archive_ext_v2/2025-10-06.csv,2025-10-06,288,2025-10-06T00:00:00+00:00,2025-10-06T23:55:00+00:00,17886
archive_ext_v2_5m,data/candles_GBPUSD_archive_ext_v2/2025-10-07.csv,2025-10-07,288,2025-10-07T00:00:00+00:00,2025-10-07T23:55:00+00:00,17886
archive_ext_v2_5m,data/candles_GBPUSD_archive_ext_v2/2025-10-08.csv,2025-10-08,288,2025-10-08T00:00:00+00:00,2025-10-08T23:55:00+00:00,17886
archive_ext_v2_5m,data/candles_GBPUSD_archive_ext_v2/2025-10-09.csv,2025-10-09,288,2025-10-09T00:00:00+00:00,2025-10-09T23:55:00+00:00,17886
archive_ext_v2_5m,data/candles_GBPUSD_archive_ext_v2/2025-10-10.csv,2025-10-10,252,2025-10-10T00:00:00+00:00,2025-10-10T20:55:00+00:00,15654
archive_ext_v2_5m,data/candles_GBPUSD_archive_ext_v2/2025-10-12.csv,2025-10-12,36,2025-10-12T21:00:00+00:00,2025-10-12T23:55:00+00:00,2262
archive_ext_v2_5m,data/candles_GBPUSD_archive_ext_v2/2025-10-13.csv,2025-10-13,288,2025-10-13T00:00:00+00:00,2025-10-13T23:55:00+00:00,17886
archive_ext_v2_5m,data/candles_GBPUSD_archive_ext_v2/2025-10-14.csv,2025-10-14,288,2025-10-14T00:00:00+00:00,2025-10-14T23:55:00+00:00,17886
archive_ext_v2_5m,data/candles_GBPUSD_archive_ext_v2/2025-10-15.csv,2025-10-15,288,2025-10-15T00:00:00+00:00,2025-10-15T23:55:00+00:00,17886
archive_ext_v2_5m,data/candles_GBPUSD_archive_ext_v2/2025-10-16.csv,2025-10-16,288,2025-10-16T00:00:00+00:00,2025-10-16T23:55:00+00:00,17886
archive_ext_v2_5m,data/candles_GBPUSD_archive_ext_v2/2025-10-17.csv,2025-10-17,252,2025-10-17T00:00:00+00:00,2025-10-17T20:55:00+00:00,15654
archive_ext_v2_5m,data/candles_GBPUSD_archive_ext_v2/2025-10-19.csv,2025-10-19,36,2025-10-19T21:00:00+00:00,2025-10-19T23:55:00+00:00,2262
archive_ext_v2_5m,data/candles_GBPUSD_archive_ext_v2/2025-10-20.csv,2025-10-20,288,2025-10-20T00:00:00+00:00,2025-10-20T23:55:00+00:00,17886
archive_ext_v2_5m,data/candles_GBPUSD_archive_ext_v2/2025-10-21.csv,2025-10-21,288,2025-10-21T00:00:00+00:00,2025-10-21T23:55:00+00:00,17886
archive_ext_v2_5m,data/candles_GBPUSD_archive_ext_v2/2025-10-22.csv,2025-10-22,288,2025-10-22T00:00:00+00:00,2025-10-22T23:55:00+00:00,17886
archive_ext_v2_5m,data/candles_GBPUSD_archive_ext_v2/2025-10-23.csv,2025-10-23,288,2025-10-23T00:00:00+00:00,2025-10-23T23:55:00+00:00,17886
archive_ext_v2_5m,data/candles_GBPUSD_archive_ext_v2/2025-10-24.csv,2025-10-24,252,2025-10-24T00:00:00+00:00,2025-10-24T20:55:00+00:00,15654
archive_ext_v2_5m,data/candles_GBPUSD_archive_ext_v2/2025-10-26.csv,2025-10-26,47,2025-10-26T20:00:00+00:00,2025-10-26T23:55:00+00:00,2944
archive_ext_v2_5m,data/candles_GBPUSD_archive_ext_v2/2025-10-27.csv,2025-10-27,288,2025-10-27T00:00:00+00:00,2025-10-27T23:55:00+00:00,17886
archive_ext_v2_5m,data/candles_GBPUSD_archive_ext_v2/2025-10-28.csv,2025-10-28,288,2025-10-28T00:00:00+00:00,2025-10-28T23:55:00+00:00,17886
archive_ext_v2_5m,data/candles_GBPUSD_archive_ext_v2/2025-10-29.csv,2025-10-29,288,2025-10-29T00:00:00+00:00,2025-10-29T23:55:00+00:00,17886
archive_ext_v2_5m,data/candles_GBPUSD_archive_ext_v2/2025-10-30.csv,2025-10-30,288,2025-10-30T00:00:00+00:00,2025-10-30T23:55:00+00:00,17886
archive_ext_v2_5m,data/candles_GBPUSD_archive_ext_v2/2025-10-31.csv,2025-10-31,240,2025-10-31T00:00:00+00:00,2025-10-31T19:55:00+00:00,14910
archive_ext_v2_5m,data/candles_GBPUSD_archive_ext_v2/2025-11-02.csv,2025-11-02,24,2025-11-02T22:00:00+00:00,2025-11-02T23:55:00+00:00,1518
archive_ext_v2_5m,data/candles_GBPUSD_archive_ext_v2/2025-11-03.csv,2025-11-03,288,2025-11-03T00:00:00+00:00,2025-11-03T23:55:00+00:00,17886
archive_ext_v2_5m,data/candles_GBPUSD_archive_ext_v2/2025-11-04.csv,2025-11-04,288,2025-11-04T00:00:00+00:00,2025-11-04T23:55:00+00:00,17886
archive_ext_v2_5m,data/candles_GBPUSD_archive_ext_v2/2025-11-05.csv,2025-11-05,288,2025-11-05T00:00:00+00:00,2025-11-05T23:55:00+00:00,17886
archive_ext_v2_5m,data/candles_GBPUSD_archive_ext_v2/2025-11-06.csv,2025-11-06,288,2025-11-06T00:00:00+00:00,2025-11-06T23:55:00+00:00,17886
archive_ext_v2_5m,data/candles_GBPUSD_archive_ext_v2/2025-11-07.csv,2025-11-07,264,2025-11-07T00:00:00+00:00,2025-11-07T21:55:00+00:00,16398
archive_ext_v2_5m,data/candles_GBPUSD_archive_ext_v2/2025-11-09.csv,2025-11-09,24,2025-11-09T22:00:00+00:00,2025-11-09T23:55:00+00:00,1518
archive_ext_v2_5m,data/candles_GBPUSD_archive_ext_v2/2025-11-10.csv,2025-11-10,288,2025-11-10T00:00:00+00:00,2025-11-10T23:55:00+00:00,17886
archive_ext_v2_5m,data/candles_GBPUSD_archive_ext_v2/2025-11-11.csv,2025-11-11,288,2025-11-11T00:00:00+00:00,2025-11-11T23:55:00+00:00,17886
archive_ext_v2_5m,data/candles_GBPUSD_archive_ext_v2/2025-11-12.csv,2025-11-12,288,2025-11-12T00:00:00+00:00,2025-11-12T23:55:00+00:00,17886
archive_ext_v2_5m,data/candles_GBPUSD_archive_ext_v2/2025-11-13.csv,2025-11-13,288,2025-11-13T00:00:00+00:00,2025-11-13T23:55:00+00:00,17886
archive_ext_v2_5m,data/candles_GBPUSD_archive_ext_v2/2025-11-14.csv,2025-11-14,264,2025-11-14T00:00:00+00:00,2025-11-14T21:55:00+00:00,16398
archive_ext_v2_5m,data/candles_GBPUSD_archive_ext_v2/2025-11-16.csv,2025-11-16,24,2025-11-16T22:00:00+00:00,2025-11-16T23:55:00+00:00,1518
archive_ext_v2_5m,data/candles_GBPUSD_archive_ext_v2/2025-11-17.csv,2025-11-17,288,2025-11-17T00:00:00+00:00,2025-11-17T23:55:00+00:00,17886
archive_ext_v2_5m,data/candles_GBPUSD_archive_ext_v2/2025-11-18.csv,2025-11-18,288,2025-11-18T00:00:00+00:00,2025-11-18T23:55:00+00:00,17886
archive_ext_v2_5m,data/candles_GBPUSD_archive_ext_v2/2025-11-19.csv,2025-11-19,288,2025-11-19T00:00:00+00:00,2025-11-19T23:55:00+00:00,17886
archive_ext_v2_5m,data/candles_GBPUSD_archive_ext_v2/2025-11-20.csv,2025-11-20,288,2025-11-20T00:00:00+00:00,2025-11-20T23:55:00+00:00,17886
archive_ext_v2_5m,data/candles_GBPUSD_archive_ext_v2/2025-11-21.csv,2025-11-21,264,2025-11-21T00:00:00+00:00,2025-11-21T21:55:00+00:00,16398
archive_ext_v2_5m,data/candles_GBPUSD_archive_ext_v2/2025-11-23.csv,2025-11-23,24,2025-11-23T22:00:00+00:00,2025-11-23T23:55:00+00:00,1518
archive_ext_v2_5m,data/candles_GBPUSD_archive_ext_v2/2025-11-24.csv,2025-11-24,288,2025-11-24T00:00:00+00:00,2025-11-24T23:55:00+00:00,17886
archive_ext_v2_5m,data/candles_GBPUSD_archive_ext_v2/2025-11-25.csv,2025-11-25,288,2025-11-25T00:00:00+00:00,2025-11-25T23:55:00+00:00,17886
archive_ext_v2_5m,data/candles_GBPUSD_archive_ext_v2/2025-11-26.csv,2025-11-26,288,2025-11-26T00:00:00+00:00,2025-11-26T23:55:00+00:00,17886
archive_ext_v2_5m,data/candles_GBPUSD_archive_ext_v2/2025-11-27.csv,2025-11-27,288,2025-11-27T00:00:00+00:00,2025-11-27T23:55:00+00:00,17886
archive_ext_v2_5m,data/candles_GBPUSD_archive_ext_v2/2025-11-28.csv,2025-11-28,264,2025-11-28T00:00:00+00:00,2025-11-28T21:55:00+00:00,16398
archive_ext_v2_5m,data/candles_GBPUSD_archive_ext_v2/2025-11-30.csv,2025-11-30,24,2025-11-30T22:00:00+00:00,2025-11-30T23:55:00+00:00,1518
archive_ext_v2_5m,data/candles_GBPUSD_archive_ext_v2/2025-12-01.csv,2025-12-01,288,2025-12-01T00:00:00+00:00,2025-12-01T23:55:00+00:00,17886
archive_ext_v2_5m,data/candles_GBPUSD_archive_ext_v2/2025-12-02.csv,2025-12-02,288,2025-12-02T00:00:00+00:00,2025-12-02T23:55:00+00:00,17886
archive_ext_v2_5m,data/candles_GBPUSD_archive_ext_v2/2025-12-03.csv,2025-12-03,288,2025-12-03T00:00:00+00:00,2025-12-03T23:55:00+00:00,17886
archive_ext_v2_5m,data/candles_GBPUSD_archive_ext_v2/2025-12-04.csv,2025-12-04,288,2025-12-04T00:00:00+00:00,2025-12-04T23:55:00+00:00,17886
archive_ext_v2_5m,data/candles_GBPUSD_archive_ext_v2/2025-12-05.csv,2025-12-05,264,2025-12-05T00:00:00+00:00,2025-12-05T21:55:00+00:00,16398
archive_ext_v2_5m,data/candles_GBPUSD_archive_ext_v2/2025-12-07.csv,2025-12-07,24,2025-12-07T22:00:00+00:00,2025-12-07T23:55:00+00:00,1518
archive_ext_v2_5m,data/candles_GBPUSD_archive_ext_v2/2025-12-08.csv,2025-12-08,288,2025-12-08T00:00:00+00:00,2025-12-08T23:55:00+00:00,17886
archive_ext_v2_5m,data/candles_GBPUSD_archive_ext_v2/2025-12-09.csv,2025-12-09,288,2025-12-09T00:00:00+00:00,2025-12-09T23:55:00+00:00,17886
archive_ext_v2_5m,data/candles_GBPUSD_archive_ext_v2/2025-12-10.csv,2025-12-10,288,2025-12-10T00:00:00+00:00,2025-12-10T23:55:00+00:00,17886
archive_ext_v2_5m,data/candles_GBPUSD_archive_ext_v2/2025-12-11.csv,2025-12-11,288,2025-12-11T00:00:00+00:00,2025-12-11T23:55:00+00:00,17886
archive_ext_v2_5m,data/candles_GBPUSD_archive_ext_v2/2025-12-12.csv,2025-12-12,264,2025-12-12T00:00:00+00:00,2025-12-12T21:55:00+00:00,16398
archive_ext_v2_5m,data/candles_GBPUSD_archive_ext_v2/2025-12-14.csv,2025-12-14,24,2025-12-14T22:00:00+00:00,2025-12-14T23:55:00+00:00,1518
archive_ext_v2_5m,data/candles_GBPUSD_archive_ext_v2/2025-12-15.csv,2025-12-15,288,2025-12-15T00:00:00+00:00,2025-12-15T23:55:00+00:00,17886
archive_ext_v2_5m,data/candles_GBPUSD_archive_ext_v2/2025-12-16.csv,2025-12-16,288,2025-12-16T00:00:00+00:00,2025-12-16T23:55:00+00:00,17886
archive_ext_v2_5m,data/candles_GBPUSD_archive_ext_v2/2025-12-17.csv,2025-12-17,288,2025-12-17T00:00:00+00:00,2025-12-17T23:55:00+00:00,17886
archive_ext_v2_5m,data/candles_GBPUSD_archive_ext_v2/2025-12-18.csv,2025-12-18,288,2025-12-18T00:00:00+00:00,2025-12-18T23:55:00+00:00,17886
archive_ext_v2_5m,data/candles_GBPUSD_archive_ext_v2/2025-12-19.csv,2025-12-19,264,2025-12-19T00:00:00+00:00,2025-12-19T21:55:00+00:00,16398
archive_ext_v2_5m,data/candles_GBPUSD_archive_ext_v2/2025-12-21.csv,2025-12-21,23,2025-12-21T22:05:00+00:00,2025-12-21T23:55:00+00:00,1456
archive_ext_v2_5m,data/candles_GBPUSD_archive_ext_v2/2025-12-22.csv,2025-12-22,288,2025-12-22T00:00:00+00:00,2025-12-22T23:55:00+00:00,17886
archive_ext_v2_5m,data/candles_GBPUSD_archive_ext_v2/2025-12-23.csv,2025-12-23,288,2025-12-23T00:00:00+00:00,2025-12-23T23:55:00+00:00,17886
archive_ext_v2_5m,data/candles_GBPUSD_archive_ext_v2/2025-12-24.csv,2025-12-24,276,2025-12-24T00:00:00+00:00,2025-12-24T23:55:00+00:00,17142
archive_ext_v2_5m,data/candles_GBPUSD_archive_ext_v2/2025-12-25.csv,2025-12-25,99,2025-12-25T00:00:00+00:00,2025-12-25T23:55:00+00:00,6168
archive_ext_v2_5m,data/candles_GBPUSD_archive_ext_v2/2025-12-26.csv,2025-12-26,264,2025-12-26T00:00:00+00:00,2025-12-26T21:55:00+00:00,16398
archive_ext_v2_5m,data/candles_GBPUSD_archive_ext_v2/2025-12-28.csv,2025-12-28,24,2025-12-28T22:00:00+00:00,2025-12-28T23:55:00+00:00,1518
archive_ext_v2_5m,data/candles_GBPUSD_archive_ext_v2/2025-12-29.csv,2025-12-29,288,2025-12-29T00:00:00+00:00,2025-12-29T23:55:00+00:00,17886
archive_ext_v2_5m,data/candles_GBPUSD_archive_ext_v2/2025-12-30.csv,2025-12-30,288,2025-12-30T00:00:00+00:00,2025-12-30T23:55:00+00:00,17886
archive_ext_v2_5m,data/candles_GBPUSD_archive_ext_v2/2025-12-31.csv,2025-12-31,264,2025-12-31T00:00:00+00:00,2025-12-31T21:55:00+00:00,16398
