timestamp,bid_open,bid_high,bid_low,bid_close,ask_open,ask_high,ask_low,ask_close,volume
2026-09-24T23:00:00+00:00,11376.9,11377.2,11376.8,11376.9,11377.5,11377.8,11377.4,11377.5,15.0
2026-09-24T23:01:00+00:00,11377.0,11377.0,11376.8,11376.9,11377.6,11377.6,11377.4,11377.5,10.0
2026-09-24T23:02:00+00:00,11377.0,11377.1,11377.0,11377.0,11377.6,11377.7,11377.6,11377.6,5.0
2026-09-24T23:03:00+00:00,11377.1,11377.5,11377.1,11377.1,11377.7,11378.1,11377.7,11377.7,5.0
2026-09-24T23:04:00+00:00,11376.9,11377.2,11376.9,11377.2,11377.5,11377.8,11377.5,11377.8,5.0
2026-09-24T23:05:00+00:00,11377.0,11377.2,11377.0,11377.1,11377.6,11377.8,11377.6,11377.7,4.0
2026-09-24T23:06:00+00:00,11377.0,11377.1,11376.9,11376.9,11377.6,11377.7,11377.5,11377.5,4.0
2026-09-24T23:07:00+00:00,11377.1,11377.2,11377.0,11377.0,11377.7,11377.8,11377.6,11377.6,5.0
2026-09-24T23:08:00+00:00,11376.9,11376.9,11376.9,11376.9,11377.5,11377.5,11377.5,11377.5,1.0
2026-09-24T23:09:00+00:00,11376.7,11376.7,11376.7,11376.7,11377.3,11377.3,11377.3,11377.3,1.0
2026-09-24T23:10:00+00:00,11376.8,11377.2,11376.8,11377.1,11377.4,11377.8,11377.4,11377.7,7.0
2026-09-24T23:11:00+00:00,11376.8,11376.8,11376.6,11376.7,11377.4,11377.4,11377.2,11377.3,4.0
2026-09-24T23:12:00+00:00,11376.6,11377.3,11376.4,11377.1,11377.2,11377.9,11377.0,11377.7,13.0
2026-09-24T23:13:00+00:00,11377.2,11377.2,11376.6,11376.6,11377.8,11377.8,11377.2,11377.2,3.0
2026-09-24T23:15:00+00:00,11376.3,11376.3,11376.2,11376.3,11376.9,11376.9,11376.8,11376.9,3.0
2026-09-24T23:16:00+00:00,11376.4,11376.8,11376.3,11376.8,11377.0,11377.4,11376.9,11377.4,8.0
2026-09-24T23:17:00+00:00,11376.7,11376.7,11375.8,11375.8,11377.3,11377.3,11376.4,11376.4,10.0
2026-09-24T23:18:00+00:00,11375.7,11375.7,11375.5,11375.5,11376.3,11376.3,11376.1,11376.1,3.0
2026-09-24T23:19:00+00:00,11375.6,11375.6,11375.5,11375.6,11376.2,11376.2,11376.1,11376.2,5.0
2026-09-24T23:20:00+00:00,11375.7,11376.1,11375.7,11376.1,11376.3,11376.7,11376.3,11376.7,6.0
2026-09-24T23:21:00+00:00,11376.3,11376.6,11376.3,11376.6,11376.9,11377.2,11376.9,11377.2,3.0
2026-09-24T23:22:00+00:00,11376.5,11376.5,11376.0,11376.0,11377.1,11377.1,11376.6,11376.6,3.0
2026-09-24T23:23:00+00:00,11376.1,11376.4,11376.1,11376.4,11376.7,11377.0,11376.7,11377.0,2.0
2026-09-24T23:24:00+00:00,11376.2,11376.2,11376.0,11376.0,11376.8,11376.8,11376.6,11376.6,3.0
2026-09-24T23:25:00+00:00,11375.9,11376.1,11375.6,11375.9,11376.5,11376.7,11376.2,11376.5,7.0
2026-09-24T23:26:00+00:00,11376.0,11376.0,11375.8,11375.9,11376.6,11376.6,11376.4,11376.5,4.0
2026-09-24T23:27:00+00:00,11376.0,11376.0,11375.9,11376.0,11376.6,11376.6,11376.5,11376.6,3.0
2026-09-24T23:28:00+00:00,11376.2,11376.5,11376.2,11376.4,11376.8,11377.1,11376.8,11377.0,6.0
2026-09-24T23:29:00+00:00,11376.3,11376.6,11376.1,11376.6,11376.9,11377.2,11376.7,11377.2,5.0
2026-09-24T23:30:00+00:00,11377.0,11377.0,11376.8,11376.8,11377.6,11377.6,11377.4,11377.4,3.0
2026-09-24T23:31:00+00:00,11376.5,11376.5,11376.5,11376.5,11377.1,11377.1,11377.1,11377.1,1.0
2026-09-24T23:32:00+00:00,11376.4,11376.5,11376.4,11376.5,11377.0,11377.1,11377.0,11377.1,2.0
2026-09-24T23:33:00+00:00,11376.8,11377.1,11376.8,11377.1,11377.4,11378.0,11377.4,11378.0,16.0
2026-09-24T23:34:00+00:00,11377.0,11377.1,11377.0,11377.0,11377.9,11378.0,11377.6,11377.6,5.0
2026-09-24T23:35:00+00:00,11376.9,11377.1,11376.9,11377.0,11377.5,11377.7,11377.5,11377.6,12.0
2026-09-24T23:36:00+00:00,11376.9,11377.6,11376.9,11377.6,11377.5,11378.2,11377.5,11378.2,4.0
2026-09-24T23:37:00+00:00,11377.5,11377.6,11377.5,11377.5,11378.1,11378.2,11378.1,11378.1,3.0
2026-09-24T23:38:00+00:00,11377.6,11377.6,11377.5,11377.6,11378.2,11378.2,11378.1,11378.2,3.0
2026-09-24T23:39:00+00:00,11378.2,11378.2,11377.7,11377.8,11378.8,11378.8,11378.3,11378.4,11.0
2026-09-24T23:40:00+00:00,11377.7,11377.9,11377.7,11377.7,11378.3,11378.5,11378.3,11378.3,6.0
2026-09-24T23:41:00+00:00,11377.6,11377.6,11377.2,11377.3,11378.2,11378.2,11377.8,11377.9,8.0
2026-09-24T23:42:00+00:00,11377.2,11377.3,11377.1,11377.3,11377.8,11377.9,11377.7,11377.9,11.0
2026-09-24T23:43:00+00:00,11377.4,11377.7,11377.2,11377.6,11378.0,11378.3,11377.8,11378.2,8.0
2026-09-24T23:44:00+00:00,11377.3,11377.3,11377.0,11377.1,11377.9,11377.9,11377.6,11377.7,13.0
2026-09-24T23:45:00+00:00,11377.0,11377.2,11376.8,11376.8,11377.6,11377.8,11377.4,11377.4,9.0
2026-09-24T23:46:00+00:00,11376.7,11376.8,11376.6,11376.8,11377.3,11377.4,11377.2,11377.4,6.0
2026-09-24T23:47:00+00:00,11376.7,11376.7,11376.4,11376.6,11377.3,11377.3,11377.0,11377.2,9.0
2026-09-24T23:48:00+00:00,11376.5,11376.9,11376.5,11376.7,11377.1,11377.5,11377.1,11377.3,15.0
2026-09-24T23:49:00+00:00,11376.6,11376.8,11376.6,11376.7,11377.2,11377.4,11377.2,11377.3,18.0
2026-09-24T23:50:00+00:00,11376.8,11376.8,11376.5,11376.7,11377.4,11377.4,11377.1,11377.3,10.0
2026-09-24T23:51:00+00:00,11376.6,11376.7,11376.6,11376.6,11377.2,11377.3,11377.2,11377.2,5.0
2026-09-24T23:52:00+00:00,11376.7,11377.1,11376.7,11377.1,11377.3,11377.7,11377.3,11377.7,5.0
2026-09-24T23:53:00+00:00,11377.0,11377.0,11376.0,11376.1,11377.6,11377.6,11376.6,11376.7,14.0
2026-09-24T23:54:00+00:00,11376.2,11376.2,11376.1,11376.1,11376.8,11376.8,11376.7,11376.7,10.0
2026-09-24T23:55:00+00:00,11375.7,11375.7,11375.2,11375.2,11376.3,11376.3,11375.8,11375.8,5.0
2026-09-24T23:56:00+00:00,11375.6,11375.6,11375.2,11375.2,11376.2,11376.2,11375.8,11375.8,15.0
2026-09-24T23:57:00+00:00,11374.9,11374.9,11374.5,11374.5,11375.5,11375.5,11375.1,11375.1,5.0
2026-09-24T23:58:00+00:00,11374.3,11374.3,11373.2,11373.2,11374.9,11374.9,11373.8,11373.8,23.0
2026-09-24T23:59:00+00:00,11373.3,11373.4,11372.9,11373.0,11373.9,11374.0,11373.5,11373.6,14.0
2026-09-25T00:00:00+00:00,11373.5,11373.7,11373.0,11373.5,11374.1,11374.3,11373.6,11374.1,24.0
2026-09-25T00:01:00+00:00,11373.6,11375.0,11373.5,11374.5,11374.2,11375.6,11374.1,11375.1,38.0
2026-09-25T00:02:00+00:00,11374.6,11375.0,11374.3,11374.7,11375.2,11375.6,11374.9,11375.3,38.0
2026-09-25T00:03:00+00:00,11374.8,11375.5,11374.5,11375.4,11375.4,11376.1,11375.1,11376.0,24.0
2026-09-25T00:04:00+00:00,11375.3,11375.6,11375.0,11375.0,11375.9,11376.2,11375.6,11375.6,15.0
2026-09-25T00:05:00+00:00,11374.9,11374.9,11373.7,11373.9,11375.5,11375.5,11374.3,11374.5,19.0
2026-09-25T00:06:00+00:00,11374.0,11374.4,11373.4,11373.7,11374.6,11375.0,11374.0,11374.3,20.0
2026-09-25T00:07:00+00:00,11373.6,11373.9,11373.2,11373.8,11374.2,11374.5,11373.8,11374.4,13.0
2026-09-25T00:08:00+00:00,11373.7,11374.3,11373.2,11374.2,11374.3,11374.9,11373.8,11374.8,16.0
2026-09-25T00:09:00+00:00,11374.3,11374.3,11373.8,11373.8,11374.9,11374.9,11374.4,11374.4,11.0
2026-09-25T00:10:00+00:00,11373.6,11374.1,11373.0,11373.2,11374.2,11374.7,11373.6,11373.8,20.0
2026-09-25T00:11:00+00:00,11373.1,11373.6,11373.1,11373.2,11373.7,11374.2,11373.7,11373.8,11.0
2026-09-25T00:12:00+00:00,11373.3,11373.3,11372.6,11372.7,11373.9,11373.9,11373.2,11373.3,10.0
2026-09-25T00:13:00+00:00,11373.1,11373.1,11372.6,11373.1,11373.7,11373.7,11373.2,11373.7,9.0
2026-09-25T00:14:00+00:00,11373.0,11373.1,11372.4,11372.5,11373.6,11373.7,11373.0,11373.1,20.0
2026-09-25T00:15:00+00:00,11372.1,11372.4,11371.5,11372.3,11372.7,11373.0,11372.1,11372.9,17.0
2026-09-25T00:16:00+00:00,11372.5,11372.8,11372.1,11372.8,11373.1,11373.4,11372.7,11373.4,32.0
2026-09-25T00:17:00+00:00,11372.7,11373.0,11372.0,11372.2,11373.3,11373.6,11372.6,11372.8,30.0
2026-09-25T00:18:00+00:00,11372.3,11372.4,11371.6,11371.9,11372.9,11373.0,11372.2,11372.5,33.0
2026-09-25T00:19:00+00:00,11372.0,11372.1,11371.5,11371.8,11372.6,11372.7,11372.1,11372.4,10.0
2026-09-25T00:20:00+00:00,11371.6,11371.8,11371.5,11371.6,11372.2,11372.4,11372.1,11372.2,10.0
2026-09-25T00:21:00+00:00,11371.8,11372.2,11371.5,11371.5,11372.4,11372.8,11372.1,11372.1,10.0
2026-09-25T00:22:00+00:00,11371.4,11371.6,11371.0,11371.5,11372.0,11372.2,11371.6,11372.1,18.0
2026-09-25T00:23:00+00:00,11371.9,11372.4,11371.9,11372.0,11372.5,11373.0,11372.5,11372.6,14.0
2026-09-25T00:24:00+00:00,11371.9,11372.3,11371.5,11371.5,11372.5,11372.9,11372.1,11372.1,19.0
2026-09-25T00:25:00+00:00,11371.6,11371.7,11371.1,11371.7,11372.2,11372.3,11371.7,11372.3,24.0
2026-09-25T00:26:00+00:00,11371.6,11371.9,11371.5,11371.5,11372.2,11372.5,11372.1,11372.1,7.0
2026-09-25T00:27:00+00:00,11371.6,11372.5,11371.5,11372.0,11372.2,11373.1,11372.1,11372.6,11.0
2026-09-25T00:28:00+00:00,11372.1,11372.4,11371.9,11372.0,11372.7,11373.0,11372.5,11372.6,28.0
2026-09-25T00:29:00+00:00,11371.9,11372.3,11371.9,11371.9,11372.5,11372.9,11372.5,11372.5,17.0
2026-09-25T00:30:00+00:00,11372.4,11372.4,11371.8,11372.0,11373.0,11373.0,11372.4,11372.6,12.0
2026-09-25T00:31:00+00:00,11372.1,11372.2,11371.9,11372.2,11372.7,11372.8,11372.5,11372.8,4.0
2026-09-25T00:32:00+00:00,11372.1,11372.1,11370.9,11371.0,11372.7,11372.7,11371.5,11371.6,10.0
2026-09-25T00:33:00+00:00,11371.2,11371.8,11371.1,11371.7,11371.8,11372.4,11371.7,11372.3,5.0
2026-09-25T00:34:00+00:00,11371.5,11371.6,11371.4,11371.6,11372.1,11372.2,11372.0,11372.2,4.0
2026-09-25T00:35:00+00:00,11371.7,11371.7,11371.6,11371.6,11372.3,11372.3,11372.2,11372.2,6.0
2026-09-25T00:36:00+00:00,11371.2,11371.4,11371.1,11371.1,11371.8,11372.0,11371.7,11371.7,6.0
2026-09-25T00:37:00+00:00,11371.0,11371.1,11370.6,11370.6,11371.6,11371.7,11371.2,11371.2,14.0
2026-09-25T00:38:00+00:00,11370.7,11371.0,11370.3,11370.6,11371.3,11371.6,11370.9,11371.2,10.0
2026-09-25T00:39:00+00:00,11370.8,11370.8,11370.4,11370.7,11371.4,11371.4,11371.0,11371.3,9.0
2026-09-25T00:40:00+00:00,11370.6,11371.1,11370.5,11371.0,11371.2,11371.7,11371.1,11371.6,12.0
2026-09-25T00:41:00+00:00,11370.9,11371.3,11370.4,11371.1,11371.5,11371.9,11371.0,11371.7,22.0
2026-09-25T00:42:00+00:00,11371.0,11371.4,11370.9,11371.4,11371.6,11372.0,11371.5,11372.0,4.0
2026-09-25T00:43:00+00:00,11371.2,11371.2,11370.6,11370.8,11371.8,11371.8,11371.2,11371.4,7.0
2026-09-25T00:44:00+00:00,11371.0,11371.3,11370.8,11371.3,11371.6,11371.9,11371.4,11371.9,5.0
2026-09-25T00:45:00+00:00,11371.4,11371.5,11371.2,11371.3,11372.0,11372.1,11371.8,11371.9,10.0
2026-09-25T00:46:00+00:00,11371.2,11371.2,11370.7,11370.8,11371.8,11371.8,11371.3,11371.4,6.0
2026-09-25T00:47:00+00:00,11370.9,11371.1,11369.9,11370.0,11371.5,11371.7,11370.5,11370.6,16.0
2026-09-25T00:48:00+00:00,11370.1,11370.5,11370.0,11370.2,11370.7,11371.1,11370.6,11370.8,13.0
2026-09-25T00:49:00+00:00,11370.0,11370.8,11370.0,11370.6,11370.6,11371.4,11370.6,11371.2,16.0
2026-09-25T00:50:00+00:00,11370.7,11371.6,11370.5,11371.5,11371.3,11372.2,11371.1,11372.1,15.0
2026-09-25T00:51:00+00:00,11371.6,11372.5,11371.5,11371.5,11372.2,11373.1,11372.1,11372.1,19.0
2026-09-25T00:52:00+00:00,11371.6,11372.3,11371.6,11372.3,11372.2,11372.9,11372.2,11372.9,20.0
2026-09-25T00:53:00+00:00,11372.4,11372.6,11371.9,11372.4,11373.0,11373.2,11372.5,11373.0,26.0
2026-09-25T00:54:00+00:00,11372.2,11372.6,11372.1,11372.6,11372.8,11373.2,11372.7,11373.2,19.0
2026-09-25T00:55:00+00:00,11372.5,11373.7,11372.1,11373.7,11373.1,11374.3,11372.7,11374.3,22.0
2026-09-25T00:56:00+00:00,11373.6,11374.1,11373.5,11374.0,11374.2,11374.7,11374.1,11374.6,17.0
2026-09-25T00:57:00+00:00,11374.1,11374.4,11373.3,11374.3,11374.7,11375.0,11373.9,11374.9,31.0
2026-09-25T00:58:00+00:00,11374.4,11375.2,11373.7,11375.0,11375.0,11375.8,11374.3,11375.6,25.0
2026-09-25T00:59:00+00:00,11375.1,11375.3,11374.4,11374.6,11375.7,11375.9,11375.0,11375.2,15.0
2026-09-25T01:00:00+00:00,11374.8,11375.2,11374.0,11375.1,11375.4,11375.8,11374.6,11375.7,31.0
2026-09-25T01:01:00+00:00,11375.0,11375.2,11374.6,11375.1,11375.6,11375.8,11375.2,11375.7,15.0
2026-09-25T01:02:00+00:00,11375.0,11375.2,11374.4,11374.4,11375.6,11375.8,11375.0,11375.0,18.0
2026-09-25T01:03:00+00:00,11374.5,11376.0,11374.5,11376.0,11375.1,11376.6,11375.1,11376.6,17.0
2026-09-25T01:04:00+00:00,11376.1,11378.1,11376.1,11377.5,11376.7,11378.7,11376.7,11378.1,29.0
2026-09-25T01:05:00+00:00,11377.2,11379.0,11377.2,11378.6,11377.8,11379.6,11377.8,11379.2,36.0
2026-09-25T01:06:00+00:00,11378.9,11379.3,11378.6,11379.1,11379.5,11379.9,11379.2,11379.7,18.0
2026-09-25T01:07:00+00:00,11379.0,11379.4,11378.6,11379.2,11379.6,11380.0,11379.2,11379.8,10.0
2026-09-25T01:08:00+00:00,11379.3,11379.5,11378.7,11378.9,11379.9,11380.1,11379.3,11379.5,17.0
2026-09-25T01:09:00+00:00,11378.7,11379.5,11378.7,11379.1,11379.3,11380.1,11379.3,11379.7,19.0
2026-09-25T01:10:00+00:00,11379.0,11379.5,11378.7,11379.1,11379.6,11380.1,11379.3,11379.7,22.0
2026-09-25T01:11:00+00:00,11379.2,11380.7,11379.1,11380.7,11379.8,11381.3,11379.7,11381.3,31.0
2026-09-25T01:12:00+00:00,11380.6,11380.7,11379.7,11380.0,11381.2,11381.3,11380.3,11380.6,19.0
2026-09-25T01:13:00+00:00,11380.1,11381.7,11380.1,11381.5,11380.7,11382.3,11380.7,11382.1,21.0
2026-09-25T01:14:00+00:00,11381.7,11382.2,11381.6,11381.9,11382.3,11382.8,11382.2,11382.5,25.0
2026-09-25T01:15:00+00:00,11381.8,11382.1,11381.4,11381.6,11382.4,11382.7,11382.0,11382.2,21.0
2026-09-25T01:16:00+00:00,11381.7,11381.7,11380.1,11380.6,11382.3,11382.3,11380.7,11381.2,22.0
2026-09-25T01:17:00+00:00,11380.7,11381.6,11380.6,11381.1,11381.3,11382.2,11381.2,11381.7,21.0
2026-09-25T01:18:00+00:00,11381.0,11381.0,11379.8,11379.9,11381.6,11381.6,11380.4,11380.5,17.0
2026-09-25T01:19:00+00:00,11379.8,11379.8,11378.8,11378.8,11380.4,11380.4,11379.4,11379.4,11.0
2026-09-25T01:20:00+00:00,11378.6,11379.5,11378.6,11379.1,11379.2,11380.1,11379.2,11379.7,19.0
2026-09-25T01:21:00+00:00,11379.3,11379.5,11378.8,11379.5,11379.9,11380.1,11379.4,11380.1,11.0
2026-09-25T01:22:00+00:00,11379.6,11380.0,11379.5,11379.5,11380.2,11380.6,11380.1,11380.1,16.0
2026-09-25T01:23:00+00:00,11379.4,11379.7,11379.2,11379.5,11380.0,11380.3,11379.8,11380.1,11.0
2026-09-25T01:24:00+00:00,11379.6,11379.7,11379.0,11379.0,11380.2,11380.3,11379.6,11379.6,15.0
2026-09-25T01:25:00+00:00,11378.9,11379.4,11378.6,11378.6,11379.5,11380.0,11379.2,11379.2,23.0
2026-09-25T01:26:00+00:00,11378.5,11378.8,11378.4,11378.8,11379.1,11379.4,11379.0,11379.4,13.0
2026-09-25T01:27:00+00:00,11378.7,11378.9,11378.6,11378.8,11379.3,11379.5,11379.2,11379.4,10.0
2026-09-25T01:28:00+00:00,11378.7,11378.8,11377.3,11377.3,11379.3,11379.4,11377.9,11377.9,15.0
2026-09-25T01:29:00+00:00,11377.4,11377.4,11376.8,11377.1,11378.0,11378.0,11377.4,11377.7,15.0
2026-09-25T01:30:00+00:00,11377.0,11377.0,11375.7,11375.7,11377.6,11377.6,11376.3,11376.3,19.0
2026-09-25T01:31:00+00:00,11375.6,11376.1,11375.2,11376.0,11376.2,11376.7,11375.8,11376.6,19.0
2026-09-25T01:32:00+00:00,11375.9,11376.2,11375.6,11375.7,11376.5,11376.8,11376.2,11376.3,11.0
2026-09-25T01:33:00+00:00,11375.6,11375.7,11375.1,11375.1,11376.2,11376.3,11375.7,11375.7,14.0
2026-09-25T01:34:00+00:00,11375.0,11375.0,11374.8,11374.9,11375.6,11375.6,11375.4,11375.5,12.0
2026-09-25T01:35:00+00:00,11374.8,11376.3,11374.8,11376.3,11375.4,11376.9,11375.4,11376.9,16.0
2026-09-25T01:36:00+00:00,11376.2,11376.5,11376.0,11376.0,11376.8,11377.1,11376.6,11376.6,18.0
2026-09-25T01:37:00+00:00,11376.2,11377.1,11376.2,11377.0,11376.8,11377.7,11376.8,11377.6,19.0
2026-09-25T01:38:00+00:00,11376.9,11377.4,11376.9,11377.4,11377.5,11378.0,11377.5,11378.0,12.0
2026-09-25T01:39:00+00:00,11377.2,11377.4,11376.8,11377.3,11377.8,11378.0,11377.4,11377.9,13.0
2026-09-25T01:40:00+00:00,11377.1,11377.3,11376.6,11376.7,11377.7,11377.9,11377.2,11377.3,11.0
2026-09-25T01:41:00+00:00,11376.5,11376.9,11376.5,11376.9,11377.1,11377.5,11377.1,11377.5,15.0
2026-09-25T01:42:00+00:00,11376.8,11376.9,11376.5,11376.5,11377.4,11377.5,11377.1,11377.1,12.0
2026-09-25T01:43:00+00:00,11376.7,11376.9,11376.6,11376.9,11377.3,11377.5,11377.2,11377.5,11.0
2026-09-25T01:44:00+00:00,11376.8,11377.0,11375.3,11375.3,11377.4,11377.6,11375.9,11375.9,15.0
2026-09-25T01:45:00+00:00,11375.1,11375.5,11375.1,11375.5,11375.7,11376.1,11375.7,11376.1,13.0
2026-09-25T01:46:00+00:00,11375.4,11375.4,11374.4,11374.5,11376.0,11376.0,11375.0,11375.1,13.0
2026-09-25T01:47:00+00:00,11374.4,11374.9,11374.2,11374.9,11375.0,11375.5,11374.8,11375.5,22.0
2026-09-25T01:48:00+00:00,11374.8,11374.9,11374.7,11374.7,11375.4,11375.5,11375.3,11375.3,8.0
2026-09-25T01:49:00+00:00,11374.8,11375.1,11374.8,11375.1,11375.4,11375.7,11375.4,11375.7,19.0
2026-09-25T01:50:00+00:00,11374.9,11374.9,11374.7,11374.9,11375.5,11375.5,11375.3,11375.5,15.0
2026-09-25T01:51:00+00:00,11374.8,11374.8,11373.9,11374.2,11375.4,11375.4,11374.5,11374.8,18.0
2026-09-25T01:52:00+00:00,11374.3,11374.3,11374.0,11374.2,11374.9,11374.9,11374.6,11374.8,7.0
2026-09-25T01:53:00+00:00,11374.3,11374.7,11374.3,11374.7,11374.9,11375.3,11374.9,11375.3,6.0
2026-09-25T01:54:00+00:00,11374.6,11374.7,11374.5,11374.5,11375.2,11375.3,11375.1,11375.1,7.0
2026-09-25T01:55:00+00:00,11374.4,11374.6,11374.2,11374.4,11375.0,11375.2,11374.8,11375.0,10.0
2026-09-25T01:56:00+00:00,11374.3,11374.3,11373.6,11373.7,11374.9,11374.9,11374.2,11374.3,14.0
2026-09-25T01:57:00+00:00,11373.8,11374.2,11373.7,11374.1,11374.4,11374.8,11374.3,11374.7,12.0
2026-09-25T01:58:00+00:00,11374.2,11374.9,11374.2,11374.9,11374.8,11375.5,11374.8,11375.5,13.0
2026-09-25T01:59:00+00:00,11375.2,11375.4,11374.9,11375.3,11375.8,11376.0,11375.5,11375.9,8.0
2026-09-25T02:00:00+00:00,11375.4,11375.6,11375.0,11375.2,11376.0,11376.2,11375.6,11375.8,15.0
2026-09-25T02:01:00+00:00,11375.0,11375.0,11374.8,11374.8,11375.6,11375.6,11375.4,11375.4,9.0
2026-09-25T02:02:00+00:00,11374.9,11375.4,11374.9,11375.4,11375.5,11376.0,11375.5,11376.0,11.0
2026-09-25T02:03:00+00:00,11375.3,11376.1,11375.3,11375.8,11375.9,11376.7,11375.9,11376.4,13.0
2026-09-25T02:04:00+00:00,11375.9,11375.9,11375.0,11375.2,11376.5,11376.5,11375.6,11375.8,12.0
2026-09-25T02:05:00+00:00,11375.3,11376.5,11375.2,11376.5,11375.9,11377.1,11375.8,11377.1,25.0
2026-09-25T02:06:00+00:00,11376.6,11378.3,11376.2,11377.7,11377.2,11378.9,11376.8,11378.3,46.0
2026-09-25T02:07:00+00:00,11377.9,11379.0,11377.8,11378.7,11378.5,11379.6,11378.4,11379.3,35.0
2026-09-25T02:08:00+00:00,11378.6,11378.7,11377.9,11378.3,11379.2,11379.3,11378.5,11378.9,20.0
2026-09-25T02:09:00+00:00,11378.4,11378.8,11378.4,11378.5,11379.0,11379.4,11379.0,11379.1,16.0
2026-09-25T02:10:00+00:00,11378.4,11378.8,11377.8,11377.9,11379.0,11379.4,11378.4,11378.5,17.0
2026-09-25T02:11:00+00:00,11377.8,11377.9,11376.9,11377.4,11378.4,11378.5,11377.5,11378.0,14.0
2026-09-25T02:12:00+00:00,11377.5,11378.1,11377.4,11377.7,11378.1,11378.7,11378.0,11378.3,25.0
2026-09-25T02:13:00+00:00,11377.5,11378.0,11377.4,11377.6,11378.1,11378.6,11378.0,11378.2,15.0
2026-09-25T02:14:00+00:00,11377.7,11378.0,11377.6,11378.0,11378.3,11378.6,11378.2,11378.6,14.0
2026-09-25T02:15:00+00:00,11378.1,11378.3,11376.8,11377.1,11378.7,11378.9,11377.4,11377.7,16.0
2026-09-25T02:16:00+00:00,11377.0,11377.2,11376.3,11376.3,11377.6,11377.8,11376.9,11376.9,12.0
2026-09-25T02:17:00+00:00,11376.2,11376.7,11376.1,11376.7,11376.8,11377.3,11376.7,11377.3,14.0
2026-09-25T02:18:00+00:00,11376.6,11377.2,11376.6,11377.2,11377.2,11377.8,11377.2,11377.8,10.0
2026-09-25T02:19:00+00:00,11377.1,11377.2,11376.7,11376.7,11377.7,11377.8,11377.3,11377.3,7.0
2026-09-25T02:20:00+00:00,11376.6,11376.8,11376.6,11376.7,11377.2,11377.4,11377.2,11377.3,12.0
2026-09-25T02:21:00+00:00,11376.6,11377.1,11376.3,11377.1,11377.2,11377.7,11376.9,11377.7,15.0
2026-09-25T02:22:00+00:00,11377.0,11378.7,11377.0,11378.4,11377.6,11379.3,11377.6,11379.0,22.0
2026-09-25T02:23:00+00:00,11378.1,11378.1,11376.6,11376.6,11378.7,11378.7,11377.2,11377.2,12.0
2026-09-25T02:24:00+00:00,11376.5,11377.0,11376.5,11376.9,11377.1,11377.6,11377.1,11377.5,12.0
2026-09-25T02:25:00+00:00,11376.8,11376.8,11376.5,11376.8,11377.4,11377.4,11377.1,11377.4,8.0
2026-09-25T02:26:00+00:00,11376.7,11376.7,11376.2,11376.6,11377.3,11377.3,11376.8,11377.2,16.0
2026-09-25T02:27:00+00:00,11376.4,11376.5,11376.3,11376.4,11377.0,11377.1,11376.9,11377.0,19.0
2026-09-25T02:28:00+00:00,11376.6,11377.3,11376.6,11376.9,11377.2,11377.9,11377.2,11377.5,21.0
2026-09-25T02:29:00+00:00,11376.8,11377.1,11376.5,11376.7,11377.4,11377.7,11377.1,11377.3,19.0
2026-09-25T02:30:00+00:00,11376.2,11376.7,11376.2,11376.7,11376.8,11377.3,11376.8,11377.3,9.0
2026-09-25T02:31:00+00:00,11376.6,11376.6,11376.2,11376.3,11377.2,11377.2,11376.8,11376.9,4.0
2026-09-25T02:32:00+00:00,11376.6,11376.8,11376.5,11376.7,11377.2,11377.4,11377.1,11377.3,11.0
2026-09-25T02:33:00+00:00,11376.8,11377.0,11376.6,11376.9,11377.4,11377.6,11377.2,11377.5,11.0
2026-09-25T02:34:00+00:00,11376.8,11377.0,11376.5,11376.6,11377.4,11377.6,11377.1,11377.2,14.0
2026-09-25T02:35:00+00:00,11376.5,11376.6,11376.1,11376.1,11377.1,11377.2,11376.7,11376.7,11.0
2026-09-25T02:36:00+00:00,11376.2,11376.3,11375.6,11375.7,11376.8,11376.9,11376.2,11376.3,21.0
2026-09-25T02:37:00+00:00,11375.6,11375.7,11374.9,11375.6,11376.2,11376.3,11375.5,11376.2,17.0
2026-09-25T02:38:00+00:00,11375.8,11375.9,11375.4,11375.9,11376.4,11376.5,11376.0,11376.5,8.0
2026-09-25T02:39:00+00:00,11375.7,11376.0,11375.6,11375.6,11376.3,11376.6,11376.2,11376.2,11.0
2026-09-25T02:40:00+00:00,11375.7,11375.7,11374.7,11374.8,11376.3,11376.3,11375.3,11375.4,22.0
2026-09-25T02:41:00+00:00,11374.7,11375.7,11374.7,11375.7,11375.3,11376.3,11375.3,11376.3,15.0
2026-09-25T02:42:00+00:00,11375.8,11375.9,11375.7,11375.8,11376.4,11376.5,11376.3,11376.4,5.0
2026-09-25T02:43:00+00:00,11375.9,11376.8,11375.9,11376.8,11376.5,11377.4,11376.5,11377.4,17.0
2026-09-25T02:44:00+00:00,11376.9,11376.9,11376.5,11376.7,11377.5,11377.5,11377.1,11377.3,13.0
2026-09-25T02:45:00+00:00,11376.8,11376.8,11376.2,11376.2,11377.4,11377.4,11376.8,11376.8,7.0
2026-09-25T02:46:00+00:00,11376.1,11376.1,11374.8,11375.0,11376.7,11376.7,11375.4,11375.6,17.0
2026-09-25T02:47:00+00:00,11375.1,11375.3,11374.8,11374.8,11375.7,11375.9,11375.4,11375.4,16.0
2026-09-25T02:48:00+00:00,11374.7,11375.8,11374.7,11375.3,11375.3,11376.4,11375.3,11375.9,15.0
2026-09-25T02:49:00+00:00,11375.2,11375.3,11374.4,11374.4,11375.8,11375.9,11375.0,11375.0,17.0
2026-09-25T02:50:00+00:00,11374.2,11374.7,11374.2,11374.5,11374.8,11375.3,11374.8,11375.1,13.0
2026-09-25T02:51:00+00:00,11374.3,11374.3,11372.9,11372.9,11374.9,11374.9,11373.5,11373.5,13.0
2026-09-25T02:52:00+00:00,11373.1,11373.1,11372.4,11372.4,11373.7,11373.7,11373.0,11373.0,8.0
2026-09-25T02:53:00+00:00,11372.3,11372.8,11372.3,11372.3,11372.9,11373.4,11372.9,11372.9,15.0
2026-09-25T02:54:00+00:00,11372.2,11372.5,11371.9,11372.4,11372.8,11373.1,11372.5,11373.0,12.0
2026-09-25T02:55:00+00:00,11372.2,11372.3,11372.1,11372.2,11372.8,11372.9,11372.7,11372.8,7.0
2026-09-25T02:56:00+00:00,11372.1,11372.1,11371.9,11372.0,11372.7,11372.7,11372.5,11372.6,10.0
2026-09-25T02:57:00+00:00,11371.9,11372.1,11371.6,11371.7,11372.5,11372.7,11372.2,11372.3,10.0
2026-09-25T02:58:00+00:00,11371.6,11371.7,11371.5,11371.5,11372.2,11372.3,11372.1,11372.1,4.0
2026-09-25T02:59:00+00:00,11371.4,11371.6,11371.3,11371.6,11372.0,11372.2,11371.9,11372.2,9.0
2026-09-25T03:00:00+00:00,11372.1,11372.1,11370.5,11370.6,11372.7,11372.7,11371.1,11371.2,21.0
2026-09-25T03:01:00+00:00,11370.7,11370.7,11370.3,11370.6,11371.3,11371.3,11370.9,11371.2,17.0
2026-09-25T03:02:00+00:00,11370.7,11370.7,11369.9,11370.1,11371.3,11371.3,11370.5,11370.7,14.0
2026-09-25T03:03:00+00:00,11370.2,11370.3,11370.1,11370.2,11370.8,11370.9,11370.7,11370.8,7.0
2026-09-25T03:04:00+00:00,11370.1,11371.0,11370.1,11371.0,11370.7,11371.6,11370.7,11371.6,13.0
2026-09-25T03:05:00+00:00,11371.1,11372.3,11371.0,11372.0,11371.7,11372.9,11371.6,11372.6,20.0
2026-09-25T03:06:00+00:00,11372.1,11372.1,11371.6,11371.7,11372.7,11372.7,11372.2,11372.3,14.0
2026-09-25T03:07:00+00:00,11371.9,11372.2,11371.7,11372.2,11372.5,11372.8,11372.3,11372.8,21.0
2026-09-25T03:08:00+00:00,11372.3,11372.3,11371.5,11371.5,11372.9,11372.9,11372.1,11372.1,9.0
2026-09-25T03:09:00+00:00,11371.7,11371.7,11371.1,11371.3,11372.3,11372.3,11371.7,11371.9,18.0
2026-09-25T03:10:00+00:00,11371.1,11371.1,11370.7,11370.8,11371.7,11371.7,11371.3,11371.4,14.0
2026-09-25T03:11:00+00:00,11370.7,11370.8,11370.3,11370.3,11371.3,11371.4,11370.9,11370.9,10.0
2026-09-25T03:12:00+00:00,11370.7,11370.7,11370.3,11370.3,11371.3,11371.3,11370.9,11370.9,13.0
2026-09-25T03:13:00+00:00,11369.9,11370.2,11369.8,11370.1,11370.5,11370.8,11370.4,11370.7,10.0
2026-09-25T03:14:00+00:00,11370.2,11370.2,11369.3,11369.3,11370.8,11370.8,11369.9,11369.9,23.0
2026-09-25T03:15:00+00:00,11369.4,11369.6,11369.2,11369.5,11370.0,11370.2,11369.8,11370.1,15.0
2026-09-25T03:16:00+00:00,11369.7,11369.9,11369.3,11369.7,11370.3,11370.5,11369.9,11370.3,14.0
2026-09-25T03:17:00+00:00,11369.6,11369.9,11369.5,11369.6,11370.2,11370.5,11370.1,11370.2,8.0
2026-09-25T03:18:00+00:00,11369.5,11369.8,11369.5,11369.6,11370.1,11370.4,11370.1,11370.2,8.0
2026-09-25T03:19:00+00:00,11369.7,11369.7,11369.4,11369.6,11370.3,11370.3,11370.0,11370.2,8.0
2026-09-25T03:20:00+00:00,11369.7,11370.1,11369.6,11369.8,11370.3,11370.7,11370.2,11370.4,11.0
2026-09-25T03:21:00+00:00,11369.9,11370.7,11369.8,11370.3,11370.5,11371.3,11370.4,11370.9,15.0
2026-09-25T03:22:00+00:00,11370.4,11370.5,11370.0,11370.1,11371.0,11371.1,11370.6,11370.7,14.0
2026-09-25T03:23:00+00:00,11370.0,11370.0,11369.5,11369.5,11370.6,11370.6,11370.1,11370.1,8.0
2026-09-25T03:24:00+00:00,11369.8,11369.8,11369.4,11369.4,11370.4,11370.4,11370.0,11370.0,11.0
2026-09-25T03:25:00+00:00,11369.8,11369.8,11369.2,11369.2,11370.4,11370.4,11369.8,11369.8,6.0
2026-09-25T03:26:00+00:00,11369.3,11369.7,11369.2,11369.5,11369.9,11370.3,11369.8,11370.1,8.0
2026-09-25T03:27:00+00:00,11369.6,11370.0,11369.6,11369.6,11370.2,11370.6,11370.2,11370.2,19.0
2026-09-25T03:28:00+00:00,11369.4,11369.5,11368.9,11369.1,11370.0,11370.1,11369.5,11369.7,15.0
2026-09-25T03:29:00+00:00,11369.2,11369.2,11368.8,11368.8,11369.8,11369.8,11369.4,11369.4,14.0
2026-09-25T03:30:00+00:00,11369.1,11369.1,11368.3,11368.4,11369.7,11369.7,11368.9,11369.0,8.0
2026-09-25T03:31:00+00:00,11368.5,11368.5,11368.4,11368.4,11369.1,11369.1,11369.0,11369.0,4.0
2026-09-25T03:32:00+00:00,11368.6,11368.6,11368.5,11368.5,11369.2,11369.2,11369.1,11369.1,2.0
2026-09-25T03:33:00+00:00,11368.6,11369.3,11368.6,11369.0,11369.2,11369.9,11369.2,11369.6,12.0
2026-09-25T03:34:00+00:00,11369.1,11369.4,11369.1,11369.4,11369.7,11370.0,11369.7,11370.0,3.0
2026-09-25T03:35:00+00:00,11369.2,11369.4,11369.2,11369.4,11369.8,11370.0,11369.8,11370.0,3.0
2026-09-25T03:36:00+00:00,11369.8,11369.8,11368.9,11369.0,11370.4,11370.4,11369.5,11369.6,11.0
2026-09-25T03:37:00+00:00,11369.1,11369.4,11369.0,11369.4,11369.7,11370.0,11369.6,11370.0,28.0
2026-09-25T03:38:00+00:00,11369.5,11369.7,11369.4,11369.5,11370.1,11370.3,11370.0,11370.1,8.0
2026-09-25T03:39:00+00:00,11369.4,11369.6,11369.4,11369.5,11370.0,11370.2,11370.0,11370.1,15.0
2026-09-25T03:40:00+00:00,11369.4,11369.6,11369.2,11369.6,11370.0,11370.2,11369.8,11370.2,14.0
2026-09-25T03:41:00+00:00,11369.1,11369.1,11368.8,11369.1,11369.7,11369.7,11369.4,11369.7,4.0
2026-09-25T03:42:00+00:00,11369.2,11369.6,11369.1,11369.6,11369.8,11370.2,11369.7,11370.2,11.0
2026-09-25T03:43:00+00:00,11369.5,11369.6,11369.5,11369.6,11370.1,11370.2,11370.1,11370.2,2.0
2026-09-25T03:44:00+00:00,11369.7,11369.7,11369.1,11369.1,11370.3,11370.3,11369.7,11369.7,7.0
2026-09-25T03:45:00+00:00,11369.0,11369.1,11368.9,11369.0,11369.6,11369.7,11369.5,11369.6,5.0
2026-09-25T03:46:00+00:00,11369.1,11369.7,11369.0,11369.7,11369.7,11370.3,11369.6,11370.3,10.0
2026-09-25T03:47:00+00:00,11369.6,11369.9,11369.5,11369.5,11370.2,11370.5,11370.1,11370.1,8.0
2026-09-25T03:48:00+00:00,11369.4,11369.4,11368.9,11368.9,11370.0,11370.0,11369.5,11369.5,9.0
2026-09-25T03:49:00+00:00,11369.0,11369.1,11368.9,11369.0,11369.6,11369.7,11369.5,11369.6,11.0
2026-09-25T03:50:00+00:00,11368.9,11369.1,11368.6,11368.9,11369.5,11369.7,11369.2,11369.5,14.0
2026-09-25T03:51:00+00:00,11368.8,11368.8,11368.4,11368.5,11369.4,11369.4,11369.0,11369.1,5.0
2026-09-25T03:52:00+00:00,11368.9,11368.9,11368.5,11368.5,11369.5,11369.5,11369.1,11369.1,5.0
2026-09-25T03:53:00+00:00,11368.6,11369.0,11368.6,11369.0,11369.2,11369.6,11369.2,11369.6,5.0
2026-09-25T03:54:00+00:00,11369.3,11370.0,11369.3,11369.5,11369.9,11370.6,11369.9,11370.1,15.0
2026-09-25T03:55:00+00:00,11369.4,11369.8,11369.2,11369.8,11370.0,11370.4,11369.8,11370.4,9.0
2026-09-25T03:56:00+00:00,11369.5,11370.1,11369.5,11369.6,11370.1,11370.7,11370.1,11370.2,10.0
2026-09-25T03:57:00+00:00,11369.5,11369.9,11369.1,11369.5,11370.1,11370.5,11369.7,11370.1,15.0
2026-09-25T03:58:00+00:00,11369.6,11369.6,11369.2,11369.6,11370.2,11370.2,11369.8,11370.2,7.0
2026-09-25T03:59:00+00:00,11369.8,11369.8,11369.0,11369.1,11370.4,11370.4,11369.6,11369.7,7.0
2026-09-25T04:00:00+00:00,11369.0,11369.1,11368.5,11368.5,11369.6,11369.7,11369.1,11369.1,6.0
2026-09-25T04:01:00+00:00,11368.6,11368.9,11368.5,11368.7,11369.2,11369.5,11369.1,11369.3,11.0
2026-09-25T04:02:00+00:00,11368.8,11369.4,11368.8,11369.0,11369.4,11370.0,11369.4,11369.6,7.0
2026-09-25T04:03:00+00:00,11369.2,11369.2,11368.8,11369.0,11369.8,11369.8,11369.4,11369.6,8.0
2026-09-25T04:04:00+00:00,11369.1,11369.6,11369.1,11369.5,11369.7,11370.2,11369.7,11370.1,6.0
2026-09-25T04:05:00+00:00,11369.6,11370.1,11369.6,11370.0,11370.2,11370.7,11370.2,11370.6,5.0
2026-09-25T04:06:00+00:00,11369.9,11370.0,11369.9,11370.0,11370.5,11370.6,11370.5,11370.6,2.0
2026-09-25T04:07:00+00:00,11370.1,11370.1,11370.0,11370.1,11370.7,11370.7,11370.6,11370.7,3.0
2026-09-25T04:08:00+00:00,11370.2,11370.5,11370.1,11370.4,11370.8,11371.1,11370.7,11371.0,6.0
2026-09-25T04:09:00+00:00,11370.3,11371.1,11370.3,11370.9,11370.9,11371.7,11370.9,11371.5,16.0
2026-09-25T04:10:00+00:00,11370.8,11371.0,11370.7,11370.7,11371.4,11371.6,11371.3,11371.3,11.0
2026-09-25T04:11:00+00:00,11370.6,11370.7,11370.4,11370.5,11371.2,11371.3,11371.0,11371.1,10.0
2026-09-25T04:12:00+00:00,11370.6,11371.0,11370.4,11370.5,11371.2,11371.6,11371.0,11371.1,9.0
2026-09-25T04:13:00+00:00,11370.6,11370.6,11369.7,11369.7,11371.2,11371.2,11370.3,11370.3,14.0
2026-09-25T04:14:00+00:00,11369.8,11370.1,11369.8,11370.1,11370.4,11370.7,11370.4,11370.7,5.0
2026-09-25T04:15:00+00:00,11370.0,11370.0,11369.6,11369.9,11370.6,11370.6,11370.2,11370.5,8.0
2026-09-25T04:16:00+00:00,11370.0,11370.0,11369.6,11369.8,11370.6,11370.6,11370.2,11370.4,9.0
2026-09-25T04:17:00+00:00,11369.7,11369.7,11369.6,11369.7,11370.3,11370.3,11370.2,11370.3,3.0
2026-09-25T04:18:00+00:00,11369.6,11369.8,11369.2,11369.2,11370.2,11370.4,11369.8,11369.8,10.0
2026-09-25T04:19:00+00:00,11369.4,11369.5,11369.2,11369.5,11370.0,11370.1,11369.8,11370.1,7.0
2026-09-25T04:20:00+00:00,11369.4,11369.9,11369.4,11369.8,11370.0,11370.5,11370.0,11370.4,7.0
2026-09-25T04:21:00+00:00,11369.7,11369.7,11368.5,11368.5,11370.3,11370.3,11369.1,11369.1,14.0
2026-09-25T04:22:00+00:00,11368.6,11369.2,11368.6,11369.2,11369.2,11369.8,11369.2,11369.8,8.0
2026-09-25T04:23:00+00:00,11369.0,11369.0,11368.5,11368.6,11369.6,11369.6,11369.1,11369.2,8.0
2026-09-25T04:24:00+00:00,11368.5,11368.7,11368.4,11368.5,11369.1,11369.3,11369.0,11369.1,6.0
2026-09-25T04:25:00+00:00,11368.6,11369.5,11368.6,11368.9,11369.2,11370.1,11369.2,11369.5,15.0
2026-09-25T04:26:00+00:00,11368.7,11368.7,11368.5,11368.5,11369.3,11369.3,11369.1,11369.1,5.0
2026-09-25T04:27:00+00:00,11368.7,11369.2,11368.7,11369.1,11369.3,11369.8,11369.3,11369.7,9.0
2026-09-25T04:28:00+00:00,11369.3,11369.3,11369.2,11369.3,11369.9,11369.9,11369.8,11369.9,3.0
2026-09-25T04:29:00+00:00,11369.4,11369.4,11369.0,11369.0,11370.0,11370.0,11369.6,11369.6,5.0
2026-09-25T04:30:00+00:00,11369.1,11369.1,11368.9,11369.0,11369.7,11369.7,11369.5,11369.6,5.0
2026-09-25T04:31:00+00:00,11368.9,11369.1,11368.8,11369.1,11369.5,11369.7,11369.4,11369.7,14.0
2026-09-25T04:32:00+00:00,11369.0,11369.2,11369.0,11369.1,11369.6,11369.8,11369.6,11369.7,5.0
2026-09-25T04:33:00+00:00,11369.2,11369.5,11369.2,11369.5,11369.8,11370.1,11369.8,11370.1,5.0
2026-09-25T04:34:00+00:00,11369.7,11370.0,11369.6,11369.7,11370.3,11370.6,11370.2,11370.3,4.0
2026-09-25T04:35:00+00:00,11369.8,11370.0,11369.6,11369.7,11370.4,11370.6,11370.2,11370.3,22.0
2026-09-25T04:36:00+00:00,11369.4,11369.4,11369.2,11369.2,11370.0,11370.0,11369.8,11369.8,2.0
2026-09-25T04:37:00+00:00,11369.3,11369.3,11369.1,11369.1,11369.9,11369.9,11369.7,11369.7,5.0
2026-09-25T04:38:00+00:00,11369.0,11369.3,11368.7,11368.7,11369.6,11369.9,11369.3,11369.3,11.0
2026-09-25T04:39:00+00:00,11368.3,11368.8,11368.3,11368.8,11368.9,11369.4,11368.9,11369.4,11.0
2026-09-25T04:40:00+00:00,11368.9,11369.6,11368.9,11369.6,11369.5,11370.2,11369.5,11370.2,13.0
2026-09-25T04:41:00+00:00,11369.5,11369.8,11369.2,11369.2,11370.1,11370.4,11369.8,11369.8,12.0
2026-09-25T04:42:00+00:00,11369.4,11370.0,11369.4,11370.0,11370.0,11370.6,11370.0,11370.6,9.0
2026-09-25T04:43:00+00:00,11369.9,11369.9,11369.5,11369.6,11370.5,11370.5,11370.1,11370.2,4.0
2026-09-25T04:44:00+00:00,11369.7,11369.8,11369.7,11369.7,11370.3,11370.4,11370.3,11370.3,3.0
2026-09-25T04:45:00+00:00,11369.8,11370.3,11369.8,11370.2,11370.4,11370.9,11370.4,11370.8,7.0
2026-09-25T04:46:00+00:00,11370.3,11370.4,11370.2,11370.4,11370.9,11371.0,11370.8,11371.0,4.0
2026-09-25T04:47:00+00:00,11370.5,11371.0,11370.3,11370.7,11371.1,11371.6,11370.9,11371.3,9.0
2026-09-25T04:48:00+00:00,11370.6,11370.6,11370.5,11370.5,11371.2,11371.2,11371.1,11371.1,2.0
2026-09-25T04:49:00+00:00,11370.6,11370.6,11370.4,11370.4,11371.2,11371.2,11371.0,11371.0,3.0
2026-09-25T04:50:00+00:00,11370.5,11370.5,11369.9,11369.9,11371.1,11371.1,11370.5,11370.5,6.0
2026-09-25T04:51:00+00:00,11370.0,11370.4,11370.0,11370.1,11370.6,11371.0,11370.6,11370.7,6.0
2026-09-25T04:52:00+00:00,11370.0,11370.1,11369.9,11370.1,11370.6,11370.7,11370.5,11370.7,6.0
2026-09-25T04:53:00+00:00,11370.3,11370.5,11370.1,11370.4,11370.9,11371.1,11370.7,11371.0,11.0
2026-09-25T04:54:00+00:00,11370.5,11370.6,11370.2,11370.5,11371.1,11371.2,11370.8,11371.1,7.0
2026-09-25T04:55:00+00:00,11370.3,11370.3,11369.5,11369.5,11370.9,11370.9,11370.1,11370.1,16.0
2026-09-25T04:56:00+00:00,11369.6,11369.6,11368.5,11368.5,11370.2,11370.2,11369.1,11369.1,17.0
2026-09-25T04:57:00+00:00,11368.6,11369.0,11368.4,11368.5,11369.2,11369.6,11369.0,11369.1,13.0
2026-09-25T04:58:00+00:00,11368.6,11369.5,11368.6,11369.5,11369.2,11370.1,11369.2,11370.1,10.0
2026-09-25T04:59:00+00:00,11369.6,11370.1,11369.6,11369.9,11370.2,11370.7,11370.2,11370.5,16.0
2026-09-25T05:00:00+00:00,11370.4,11370.5,11369.8,11369.8,11371.0,11371.1,11370.4,11370.4,17.0
2026-09-25T05:01:00+00:00,11369.9,11370.6,11369.9,11370.3,11370.5,11371.2,11370.5,11370.9,22.0
2026-09-25T05:02:00+00:00,11370.2,11370.9,11370.2,11370.9,11370.8,11371.5,11370.8,11371.5,19.0
2026-09-25T05:03:00+00:00,11371.1,11371.3,11370.8,11370.8,11371.7,11371.9,11371.4,11371.4,14.0
2026-09-25T05:04:00+00:00,11370.9,11371.4,11370.9,11371.2,11371.5,11372.0,11371.5,11371.8,6.0
2026-09-25T05:05:00+00:00,11371.3,11371.5,11370.7,11371.3,11371.9,11372.1,11371.3,11371.9,15.0
2026-09-25T05:06:00+00:00,11371.4,11371.4,11370.9,11371.0,11372.0,11372.0,11371.5,11371.6,11.0
2026-09-25T05:07:00+00:00,11370.9,11371.8,11370.9,11371.6,11371.5,11372.4,11371.5,11372.2,14.0
2026-09-25T05:08:00+00:00,11371.7,11371.7,11371.0,11371.6,11372.3,11372.3,11371.6,11372.2,13.0
2026-09-25T05:09:00+00:00,11371.9,11372.4,11371.9,11372.2,11372.5,11373.0,11372.5,11372.8,15.0
2026-09-25T05:10:00+00:00,11372.3,11372.5,11371.8,11372.0,11372.9,11373.1,11372.4,11372.6,21.0
2026-09-25T05:11:00+00:00,11372.2,11372.7,11372.1,11372.4,11372.8,11373.3,11372.7,11373.0,17.0
2026-09-25T05:12:00+00:00,11372.5,11372.6,11371.9,11372.5,11373.1,11373.2,11372.5,11373.1,13.0
2026-09-25T05:13:00+00:00,11372.4,11373.2,11372.3,11373.1,11373.0,11373.8,11372.9,11373.7,17.0
2026-09-25T05:14:00+00:00,11373.2,11373.2,11372.2,11372.9,11373.8,11373.8,11372.8,11373.5,29.0
2026-09-25T05:15:00+00:00,11373.7,11374.2,11373.4,11374.2,11374.3,11374.8,11374.0,11374.8,54.0
2026-09-25T05:16:00+00:00,11374.1,11374.2,11373.7,11374.1,11374.7,11374.8,11374.3,11374.7,49.0
2026-09-25T05:17:00+00:00,11374.0,11374.2,11373.5,11373.8,11374.6,11374.8,11374.1,11374.4,88.0
2026-09-25T05:18:00+00:00,11373.9,11374.6,11373.4,11373.8,11374.5,11375.2,11374.0,11374.4,103.0
2026-09-25T05:19:00+00:00,11373.7,11373.9,11373.2,11373.6,11374.3,11374.5,11373.8,11374.2,138.0
2026-09-25T05:20:00+00:00,11373.7,11374.1,11372.4,11372.4,11374.3,11374.7,11373.0,11373.0,153.0
2026-09-25T05:21:00+00:00,11372.5,11373.5,11372.4,11373.2,11373.1,11374.1,11373.0,11373.8,153.0
2026-09-25T05:22:00+00:00,11373.1,11373.2,11372.1,11372.2,11373.7,11373.8,11372.7,11372.8,174.0
2026-09-25T05:23:00+00:00,11372.3,11372.8,11372.1,11372.2,11372.9,11373.4,11372.7,11372.8,175.0
2026-09-25T05:24:00+00:00,11372.4,11373.2,11372.0,11373.0,11373.0,11373.8,11372.6,11373.6,200.0
2026-09-25T05:25:00+00:00,11372.9,11373.2,11372.5,11372.6,11373.5,11373.8,11373.1,11373.2,219.0
2026-09-25T05:26:00+00:00,11372.7,11373.1,11372.1,11372.7,11373.3,11373.7,11372.7,11373.3,190.0
2026-09-25T05:27:00+00:00,11372.8,11373.0,11371.1,11371.6,11373.4,11373.6,11371.7,11372.2,228.0
2026-09-25T05:28:00+00:00,11371.7,11372.6,11371.7,11372.3,11372.3,11373.2,11372.3,11372.9,220.0
2026-09-25T05:29:00+00:00,11372.2,11372.6,11371.7,11372.3,11372.8,11373.2,11372.3,11372.9,205.0
2026-09-25T05:30:00+00:00,11372.2,11373.2,11371.1,11372.8,11372.8,11373.8,11371.7,11373.4,239.0
2026-09-25T05:31:00+00:00,11372.9,11373.8,11372.6,11372.6,11373.5,11374.4,11373.2,11373.2,217.0
2026-09-25T05:32:00+00:00,11372.7,11374.5,11372.6,11374.3,11373.3,11375.1,11373.2,11374.9,216.0
2026-09-25T05:33:00+00:00,11374.2,11375.5,11374.0,11375.5,11374.8,11376.1,11374.6,11376.1,200.0
2026-09-25T05:34:00+00:00,11375.4,11375.6,11373.9,11374.3,11376.0,11376.2,11374.5,11374.9,237.0
2026-09-25T05:35:00+00:00,11374.2,11374.6,11373.3,11373.5,11374.8,11375.2,11373.9,11374.1,242.0
2026-09-25T05:36:00+00:00,11373.6,11374.5,11373.4,11374.2,11374.2,11375.1,11374.0,11374.8,209.0
2026-09-25T05:37:00+00:00,11374.3,11374.5,11373.5,11373.9,11374.9,11375.1,11374.1,11374.5,213.0
2026-09-25T05:38:00+00:00,11373.8,11374.2,11372.6,11372.8,11374.4,11374.8,11373.2,11373.4,192.0
2026-09-25T05:39:00+00:00,11372.9,11373.5,11372.0,11372.6,11373.5,11374.1,11372.6,11373.2,235.0
2026-09-25T05:40:00+00:00,11372.7,11373.5,11372.5,11373.4,11373.3,11374.1,11373.1,11374.0,192.0
2026-09-25T05:41:00+00:00,11373.3,11373.5,11372.4,11373.2,11373.9,11374.1,11373.0,11373.8,254.0
2026-09-25T05:42:00+00:00,11373.3,11373.8,11373.0,11373.7,11373.9,11374.4,11373.6,11374.3,169.0
2026-09-25T05:43:00+00:00,11373.8,11375.0,11373.3,11374.7,11374.4,11375.6,11373.9,11375.3,190.0
2026-09-25T05:44:00+00:00,11374.6,11375.3,11374.3,11375.0,11375.2,11375.9,11374.9,11375.6,227.0
2026-09-25T05:45:00+00:00,11375.1,11375.6,11374.6,11374.9,11375.7,11376.2,11375.2,11375.5,38.0
2026-09-25T05:46:00+00:00,11374.8,11375.3,11374.8,11374.8,11375.4,11375.9,11375.4,11375.4,11.0
2026-09-25T05:47:00+00:00,11374.9,11374.9,11374.8,11374.9,11375.5,11375.5,11375.4,11375.5,3.0
2026-09-25T05:48:00+00:00,11375.0,11375.4,11374.8,11375.0,11375.6,11376.0,11375.4,11375.6,7.0
2026-09-25T05:49:00+00:00,11374.9,11374.9,11373.8,11373.9,11375.5,11375.5,11374.4,11374.5,15.0
2026-09-25T05:50:00+00:00,11373.8,11374.6,11373.8,11374.4,11374.4,11375.2,11374.4,11375.0,12.0
2026-09-25T05:51:00+00:00,11374.6,11375.6,11374.4,11375.6,11375.2,11376.2,11375.0,11376.2,9.0
2026-09-25T05:52:00+00:00,11375.7,11376.1,11375.4,11375.4,11376.3,11376.7,11376.0,11376.0,15.0
2026-09-25T05:53:00+00:00,11375.3,11375.5,11375.2,11375.5,11375.9,11376.1,11375.8,11376.1,6.0
2026-09-25T05:54:00+00:00,11375.6,11376.2,11375.5,11375.5,11376.2,11376.8,11376.1,11376.1,15.0
2026-09-25T05:55:00+00:00,11375.1,11375.1,11373.6,11373.8,11375.7,11375.7,11374.2,11374.4,26.0
2026-09-25T05:56:00+00:00,11373.9,11374.0,11373.4,11373.5,11374.5,11374.6,11374.0,11374.1,17.0
2026-09-25T05:57:00+00:00,11373.4,11373.7,11372.9,11373.2,11374.0,11374.3,11373.5,11373.8,20.0
2026-09-25T05:58:00+00:00,11373.3,11375.0,11373.2,11374.5,11373.9,11375.6,11373.8,11375.1,34.0
2026-09-25T05:59:00+00:00,11374.6,11374.7,11374.3,11374.7,11375.2,11375.3,11374.9,11375.3,10.0
2026-09-25T06:00:00+00:00,11374.8,11375.8,11374.6,11374.6,11375.4,11376.4,11375.2,11375.2,37.0
2026-09-25T06:01:00+00:00,11374.7,11376.1,11374.7,11376.0,11375.3,11376.7,11375.3,11376.6,18.0
2026-09-25T06:02:00+00:00,11376.1,11376.6,11375.8,11376.5,11376.7,11377.2,11376.4,11377.1,24.0
2026-09-25T06:03:00+00:00,11376.4,11376.4,11376.0,11376.1,11377.0,11377.0,11376.6,11376.7,32.0
2026-09-25T06:04:00+00:00,11376.2,11377.5,11375.8,11377.5,11376.8,11378.1,11376.4,11378.1,42.0
2026-09-25T06:05:00+00:00,11377.4,11377.5,11376.7,11377.0,11378.0,11378.1,11377.3,11377.6,55.0
2026-09-25T06:06:00+00:00,11376.9,11377.5,11376.6,11377.2,11377.5,11378.1,11377.2,11377.8,35.0
2026-09-25T06:07:00+00:00,11377.3,11377.4,11376.5,11377.3,11377.9,11378.0,11377.1,11377.9,45.0
2026-09-25T06:08:00+00:00,11377.2,11377.4,11376.3,11376.3,11377.8,11378.0,11376.9,11376.9,51.0
2026-09-25T06:09:00+00:00,11376.2,11376.4,11375.6,11375.6,11376.8,11377.0,11376.2,11376.2,36.0
2026-09-25T06:10:00+00:00,11375.5,11378.2,11375.5,11378.0,11376.1,11378.8,11376.1,11378.6,46.0
2026-09-25T06:11:00+00:00,11378.1,11379.0,11378.1,11379.0,11378.7,11379.6,11378.7,11379.6,41.0
2026-09-25T06:12:00+00:00,11379.2,11379.8,11379.0,11379.8,11379.8,11380.4,11379.6,11380.4,21.0
2026-09-25T06:13:00+00:00,11379.7,11381.4,11379.4,11381.4,11380.3,11382.0,11380.0,11382.0,42.0
2026-09-25T06:14:00+00:00,11381.1,11381.6,11380.6,11381.1,11381.7,11382.2,11381.2,11381.7,50.0
2026-09-25T06:15:00+00:00,11381.0,11383.1,11381.0,11383.0,11381.6,11383.7,11381.6,11383.6,50.0
2026-09-25T06:16:00+00:00,11382.9,11383.8,11382.4,11383.5,11383.5,11384.4,11383.0,11384.1,31.0
2026-09-25T06:17:00+00:00,11383.6,11384.2,11383.3,11384.1,11384.2,11384.8,11383.9,11384.7,34.0
2026-09-25T06:18:00+00:00,11384.0,11384.0,11383.1,11383.9,11384.6,11384.6,11383.7,11384.5,22.0
2026-09-25T06:19:00+00:00,11384.1,11384.4,11383.8,11384.0,11384.7,11385.0,11384.4,11384.6,18.0
2026-09-25T06:20:00+00:00,11384.1,11384.4,11384.0,11384.4,11384.7,11385.0,11384.6,11385.0,22.0
2026-09-25T06:21:00+00:00,11384.5,11385.1,11383.8,11383.9,11385.1,11385.7,11384.4,11384.5,27.0
2026-09-25T06:22:00+00:00,11383.8,11383.9,11381.9,11382.0,11384.4,11384.5,11382.5,11382.6,31.0
2026-09-25T06:23:00+00:00,11381.8,11383.3,11381.8,11383.2,11382.4,11383.9,11382.4,11383.8,25.0
2026-09-25T06:24:00+00:00,11383.3,11385.9,11383.2,11385.7,11383.9,11386.5,11383.8,11386.3,36.0
2026-09-25T06:25:00+00:00,11385.6,11385.8,11383.6,11383.8,11386.2,11386.4,11384.2,11384.4,30.0
2026-09-25T06:26:00+00:00,11384.3,11384.6,11383.4,11383.8,11384.9,11385.2,11384.0,11384.4,35.0
2026-09-25T06:27:00+00:00,11383.9,11385.3,11383.8,11384.8,11384.5,11385.9,11384.4,11385.4,18.0
2026-09-25T06:28:00+00:00,11384.7,11384.7,11384.0,11384.4,11385.3,11385.3,11384.6,11385.0,25.0
2026-09-25T06:29:00+00:00,11384.3,11384.3,11383.7,11383.9,11384.9,11384.9,11384.3,11384.5,16.0
2026-09-25T06:30:00+00:00,11383.8,11384.6,11383.5,11384.3,11384.4,11385.2,11384.1,11384.9,23.0
2026-09-25T06:31:00+00:00,11384.4,11384.4,11383.8,11383.9,11385.0,11385.0,11384.4,11384.5,14.0
2026-09-25T06:32:00+00:00,11383.7,11383.7,11382.7,11382.9,11384.3,11384.3,11383.3,11383.5,19.0
2026-09-25T06:33:00+00:00,11383.0,11383.2,11382.3,11382.7,11383.6,11383.8,11382.9,11383.3,19.0
2026-09-25T06:34:00+00:00,11382.6,11383.2,11382.1,11383.2,11383.2,11383.8,11382.7,11383.8,15.0
2026-09-25T06:35:00+00:00,11383.5,11383.5,11381.8,11381.9,11384.1,11384.1,11382.4,11382.5,22.0
2026-09-25T06:36:00+00:00,11382.1,11382.6,11380.8,11380.9,11382.7,11383.2,11381.4,11381.5,32.0
2026-09-25T06:37:00+00:00,11380.8,11381.4,11380.7,11381.3,11381.4,11382.0,11381.3,11381.9,22.0
2026-09-25T06:38:00+00:00,11381.2,11381.8,11380.8,11381.8,11381.8,11382.4,11381.4,11382.4,19.0
2026-09-25T06:39:00+00:00,11381.5,11382.3,11380.8,11382.3,11382.1,11382.9,11381.4,11382.9,21.0
2026-09-25T06:40:00+00:00,11382.4,11383.3,11382.4,11383.3,11383.0,11383.9,11383.0,11383.9,17.0
2026-09-25T06:41:00+00:00,11383.6,11383.7,11382.8,11383.2,11384.2,11384.3,11383.4,11383.8,26.0
2026-09-25T06:42:00+00:00,11383.1,11383.9,11382.7,11383.9,11383.7,11384.5,11383.3,11384.5,15.0
2026-09-25T06:43:00+00:00,11384.3,11384.3,11383.7,11383.7,11384.9,11384.9,11384.3,11384.3,16.0
2026-09-25T06:44:00+00:00,11383.9,11384.2,11383.7,11384.0,11384.5,11384.8,11384.3,11384.6,20.0
2026-09-25T06:45:00+00:00,11384.1,11384.2,11383.1,11384.0,11384.7,11384.8,11383.7,11384.6,25.0
2026-09-25T06:46:00+00:00,11383.9,11385.2,11383.9,11385.2,11384.5,11385.8,11384.5,11385.8,20.0
2026-09-25T06:47:00+00:00,11385.3,11385.3,11384.3,11384.4,11385.9,11385.9,11384.9,11385.0,27.0
2026-09-25T06:48:00+00:00,11384.5,11384.6,11383.9,11384.6,11385.1,11385.2,11384.5,11385.2,21.0
2026-09-25T06:49:00+00:00,11384.5,11384.8,11384.4,11384.8,11385.1,11385.4,11385.0,11385.4,11.0
2026-09-25T06:50:00+00:00,11384.9,11384.9,11383.2,11383.2,11385.5,11385.5,11383.8,11383.8,20.0
2026-09-25T06:51:00+00:00,11383.3,11384.5,11383.3,11383.7,11383.9,11385.1,11383.9,11384.3,23.0
2026-09-25T06:52:00+00:00,11383.6,11383.6,11382.5,11383.1,11384.2,11384.2,11383.1,11383.7,12.0
2026-09-25T06:53:00+00:00,11383.2,11383.7,11383.1,11383.7,11383.8,11384.3,11383.7,11384.3,13.0
2026-09-25T06:54:00+00:00,11383.8,11385.1,11383.6,11385.1,11384.4,11385.7,11384.2,11385.7,19.0
2026-09-25T06:55:00+00:00,11385.2,11387.3,11385.1,11387.3,11385.8,11387.9,11385.7,11387.9,31.0
2026-09-25T06:56:00+00:00,11387.4,11388.1,11387.3,11387.9,11388.0,11388.7,11387.9,11388.5,36.0
2026-09-25T06:57:00+00:00,11388.0,11389.2,11387.9,11389.1,11388.6,11389.8,11388.5,11389.7,34.0
2026-09-25T06:58:00+00:00,11389.2,11389.5,11385.6,11385.6,11389.8,11390.1,11386.2,11386.2,46.0
2026-09-25T06:59:00+00:00,11385.5,11385.5,11384.4,11385.2,11386.1,11386.1,11385.0,11385.8,45.0
2026-09-25T07:00:00+00:00,11385.3,11386.7,11384.7,11386.5,11385.9,11387.3,11385.3,11387.1,77.0
2026-09-25T07:01:00+00:00,11386.6,11386.6,11384.9,11385.0,11387.2,11387.2,11385.5,11385.6,30.0
2026-09-25T07:02:00+00:00,11384.9,11384.9,11380.7,11381.1,11385.5,11385.5,11381.3,11381.7,67.0
2026-09-25T07:03:00+00:00,11381.2,11381.3,11379.6,11381.1,11381.8,11381.9,11380.2,11381.7,46.0
2026-09-25T07:04:00+00:00,11381.2,11381.2,11379.8,11380.5,11381.8,11381.8,11380.4,11381.1,24.0
2026-09-25T07:05:00+00:00,11380.4,11382.8,11380.0,11381.8,11381.0,11383.4,11380.6,11382.4,34.0
2026-09-25T07:06:00+00:00,11381.9,11382.2,11381.2,11382.1,11382.5,11382.8,11381.8,11382.7,39.0
2026-09-25T07:07:00+00:00,11381.9,11382.6,11381.9,11382.1,11382.5,11383.2,11382.5,11382.7,16.0
2026-09-25T07:08:00+00:00,11382.0,11382.0,11380.5,11380.6,11382.6,11382.6,11381.1,11381.2,23.0
2026-09-25T07:09:00+00:00,11380.5,11381.4,11380.3,11381.3,11381.1,11382.0,11380.9,11381.9,32.0
2026-09-25T07:10:00+00:00,11381.4,11382.0,11380.5,11380.5,11382.0,11382.6,11381.1,11381.1,25.0
2026-09-25T07:11:00+00:00,11380.4,11381.3,11379.8,11380.9,11381.0,11381.9,11380.4,11381.5,31.0
2026-09-25T07:12:00+00:00,11380.8,11380.8,11379.4,11380.4,11381.4,11381.4,11380.0,11381.0,26.0
2026-09-25T07:13:00+00:00,11380.5,11381.7,11380.4,11380.7,11381.1,11382.3,11381.0,11381.3,44.0
2026-09-25T07:14:00+00:00,11380.8,11382.1,11380.2,11382.1,11381.4,11382.7,11380.8,11382.7,29.0
2026-09-25T07:15:00+00:00,11382.0,11382.7,11381.0,11382.4,11382.6,11383.3,11381.6,11383.0,32.0
2026-09-25T07:16:00+00:00,11382.2,11382.3,11381.6,11382.0,11382.8,11382.9,11382.2,11382.6,24.0
2026-09-25T07:17:00+00:00,11381.9,11382.1,11381.5,11382.1,11382.5,11382.7,11382.1,11382.7,9.0
2026-09-25T07:18:00+00:00,11382.0,11382.9,11381.9,11382.1,11382.6,11383.5,11382.5,11382.7,23.0
2026-09-25T07:19:00+00:00,11382.2,11382.2,11379.6,11380.2,11382.8,11382.8,11380.2,11380.8,26.0
2026-09-25T07:20:00+00:00,11380.1,11381.1,11380.1,11381.1,11380.7,11381.7,11380.7,11381.7,22.0
2026-09-25T07:21:00+00:00,11381.0,11381.0,11379.3,11379.3,11381.6,11381.6,11379.9,11379.9,21.0
2026-09-25T07:22:00+00:00,11379.5,11379.5,11378.6,11378.9,11380.1,11380.1,11379.2,11379.5,35.0
2026-09-25T07:23:00+00:00,11379.0,11379.0,11378.0,11378.5,11379.6,11379.6,11378.6,11379.1,27.0
2026-09-25T07:24:00+00:00,11378.6,11379.2,11377.9,11378.6,11379.2,11379.8,11378.5,11379.2,37.0
2026-09-25T07:25:00+00:00,11378.7,11379.7,11378.6,11379.2,11379.3,11380.3,11379.2,11379.8,37.0
2026-09-25T07:26:00+00:00,11379.0,11380.4,11378.9,11379.5,11379.6,11381.0,11379.5,11380.1,31.0
2026-09-25T07:27:00+00:00,11379.3,11379.3,11377.9,11379.1,11379.9,11379.9,11378.5,11379.7,32.0
2026-09-25T07:28:00+00:00,11379.0,11379.7,11379.0,11379.5,11379.6,11380.3,11379.6,11380.1,15.0
2026-09-25T07:29:00+00:00,11379.4,11380.5,11379.2,11380.1,11380.0,11381.1,11379.8,11380.7,21.0
2026-09-25T07:30:00+00:00,11380.2,11382.2,11379.9,11381.5,11380.8,11382.8,11380.5,11382.1,45.0
2026-09-25T07:31:00+00:00,11381.6,11383.4,11381.3,11383.2,11382.2,11384.0,11381.9,11383.8,36.0
2026-09-25T07:32:00+00:00,11383.3,11383.9,11382.2,11382.4,11383.9,11384.5,11382.8,11383.0,32.0
2026-09-25T07:33:00+00:00,11382.6,11383.4,11381.6,11381.7,11383.2,11384.0,11382.2,11382.3,31.0
2026-09-25T07:34:00+00:00,11381.6,11382.3,11380.6,11382.3,11382.2,11382.9,11381.2,11382.9,42.0
2026-09-25T07:35:00+00:00,11382.4,11383.7,11382.1,11383.2,11383.0,11384.3,11382.7,11383.8,38.0
2026-09-25T07:36:00+00:00,11383.4,11383.5,11382.3,11382.7,11384.0,11384.1,11382.9,11383.3,40.0
2026-09-25T07:37:00+00:00,11382.8,11383.6,11382.2,11383.1,11383.4,11384.2,11382.8,11383.7,38.0
2026-09-25T07:38:00+00:00,11383.2,11384.1,11383.0,11383.7,11383.8,11384.7,11383.6,11384.3,40.0
2026-09-25T07:39:00+00:00,11383.6,11383.6,11380.8,11381.2,11384.2,11384.2,11381.4,11381.8,51.0
2026-09-25T07:40:00+00:00,11381.3,11382.1,11380.8,11381.6,11381.9,11382.7,11381.4,11382.2,32.0
2026-09-25T07:41:00+00:00,11381.5,11382.8,11381.5,11382.6,11382.1,11383.4,11382.1,11383.2,23.0
2026-09-25T07:42:00+00:00,11382.7,11384.2,11382.7,11383.6,11383.3,11384.8,11383.3,11384.2,18.0
2026-09-25T07:43:00+00:00,11383.5,11384.1,11383.5,11384.1,11384.1,11384.7,11384.1,11384.7,19.0
2026-09-25T07:44:00+00:00,11384.0,11385.0,11383.7,11384.9,11384.6,11385.6,11384.3,11385.5,24.0
2026-09-25T07:45:00+00:00,11385.1,11387.2,11385.0,11386.9,11385.7,11387.8,11385.6,11387.5,36.0
2026-09-25T07:46:00+00:00,11386.8,11387.7,11386.2,11387.7,11387.4,11388.3,11386.8,11388.3,28.0
2026-09-25T07:47:00+00:00,11387.6,11387.7,11387.2,11387.2,11388.2,11388.3,11387.8,11387.8,25.0
2026-09-25T07:48:00+00:00,11387.0,11387.0,11384.8,11385.1,11387.6,11387.6,11385.4,11385.7,25.0
2026-09-25T07:49:00+00:00,11385.0,11386.8,11385.0,11386.1,11385.6,11387.4,11385.6,11386.7,27.0
2026-09-25T07:50:00+00:00,11386.0,11386.5,11385.3,11385.4,11386.6,11387.1,11385.9,11386.0,24.0
2026-09-25T07:51:00+00:00,11385.5,11386.8,11385.5,11386.6,11386.1,11387.4,11386.1,11387.2,17.0
2026-09-25T07:52:00+00:00,11386.7,11386.9,11386.0,11386.9,11387.3,11387.5,11386.6,11387.5,16.0
2026-09-25T07:53:00+00:00,11386.8,11387.2,11386.6,11387.0,11387.4,11387.8,11387.2,11387.6,15.0
2026-09-25T07:54:00+00:00,11386.8,11387.1,11386.3,11386.6,11387.4,11387.7,11386.9,11387.2,23.0
2026-09-25T07:55:00+00:00,11386.8,11388.3,11386.8,11388.1,11387.4,11388.9,11387.4,11388.7,27.0
2026-09-25T07:56:00+00:00,11388.3,11389.0,11388.3,11388.7,11388.9,11389.6,11388.9,11389.3,25.0
2026-09-25T07:57:00+00:00,11388.9,11390.4,11388.9,11389.2,11389.5,11391.0,11389.5,11389.8,31.0
2026-09-25T07:58:00+00:00,11389.1,11389.4,11388.7,11389.2,11389.7,11390.0,11389.3,11389.8,27.0
2026-09-25T07:59:00+00:00,11389.5,11389.9,11389.1,11389.6,11390.1,11390.5,11389.7,11390.2,20.0
2026-09-25T08:00:00+00:00,11389.7,11389.8,11387.5,11387.5,11390.3,11390.4,11388.1,11388.1,41.0
2026-09-25T08:01:00+00:00,11387.6,11388.5,11387.4,11387.4,11388.2,11389.1,11388.0,11388.0,31.0
2026-09-25T08:02:00+00:00,11387.9,11388.3,11387.5,11388.0,11388.5,11388.9,11388.1,11388.6,32.0
2026-09-25T08:03:00+00:00,11388.1,11389.0,11388.1,11388.6,11388.7,11389.6,11388.7,11389.2,21.0
2026-09-25T08:04:00+00:00,11388.7,11388.7,11387.0,11387.8,11389.3,11389.3,11387.6,11388.4,22.0
2026-09-25T08:05:00+00:00,11388.0,11390.4,11388.0,11389.4,11388.6,11391.0,11388.6,11390.0,38.0
2026-09-25T08:06:00+00:00,11389.3,11389.3,11388.2,11389.1,11389.9,11389.9,11388.8,11389.7,26.0
2026-09-25T08:07:00+00:00,11389.0,11390.0,11389.0,11390.0,11389.6,11390.6,11389.6,11390.6,26.0
2026-09-25T08:08:00+00:00,11389.8,11391.1,11389.5,11390.6,11390.4,11391.7,11390.1,11391.2,29.0
2026-09-25T08:09:00+00:00,11390.4,11391.0,11389.9,11390.2,11391.0,11391.6,11390.5,11390.8,34.0
2026-09-25T08:10:00+00:00,11390.3,11390.7,11389.8,11390.2,11390.9,11391.3,11390.4,11390.8,27.0
2026-09-25T08:11:00+00:00,11390.4,11391.4,11390.4,11391.0,11391.0,11392.0,11391.0,11391.6,24.0
2026-09-25T08:12:00+00:00,11390.8,11392.0,11390.0,11391.7,11391.4,11392.6,11390.6,11392.3,32.0
2026-09-25T08:13:00+00:00,11391.6,11392.5,11391.4,11392.0,11392.2,11393.1,11392.0,11392.6,37.0
2026-09-25T08:14:00+00:00,11392.1,11392.6,11391.6,11392.3,11392.7,11393.2,11392.2,11392.9,29.0
2026-09-25T08:15:00+00:00,11392.1,11393.5,11392.1,11393.4,11392.7,11394.1,11392.7,11394.0,13.0
2026-09-25T08:16:00+00:00,11393.5,11393.5,11392.7,11393.4,11394.1,11394.1,11393.3,11394.0,29.0
2026-09-25T08:17:00+00:00,11393.5,11393.5,11390.9,11391.0,11394.1,11394.1,11391.5,11391.6,39.0
2026-09-25T08:18:00+00:00,11390.9,11391.6,11390.3,11390.9,11391.5,11392.2,11390.9,11391.5,34.0
2026-09-25T08:19:00+00:00,11391.0,11391.8,11391.0,11391.8,11391.6,11392.7,11391.6,11392.4,27.0
2026-09-25T08:20:00+00:00,11392.2,11392.4,11391.7,11392.3,11392.8,11393.0,11392.3,11392.9,13.0
2026-09-25T08:21:00+00:00,11392.8,11392.8,11391.2,11391.3,11393.4,11393.4,11391.8,11391.9,19.0
2026-09-25T08:22:00+00:00,11391.2,11391.4,11389.8,11391.4,11391.8,11392.0,11390.4,11392.0,26.0
2026-09-25T08:23:00+00:00,11391.6,11391.6,11390.6,11391.1,11392.2,11392.2,11391.2,11391.7,31.0
2026-09-25T08:24:00+00:00,11390.7,11390.8,11390.2,11390.7,11391.3,11391.4,11390.8,11391.3,20.0
2026-09-25T08:25:00+00:00,11391.3,11391.3,11390.5,11390.7,11391.9,11391.9,11391.1,11391.3,23.0
2026-09-25T08:26:00+00:00,11390.6,11390.6,11387.9,11389.3,11391.2,11391.2,11388.5,11389.9,31.0
2026-09-25T08:27:00+00:00,11389.2,11389.3,11388.5,11389.0,11389.8,11389.9,11389.1,11389.6,25.0
2026-09-25T08:28:00+00:00,11389.1,11389.4,11388.8,11389.3,11389.7,11390.0,11389.4,11389.9,35.0
2026-09-25T08:29:00+00:00,11389.4,11389.5,11388.9,11388.9,11390.0,11390.1,11389.5,11389.5,22.0
2026-09-25T08:30:00+00:00,11389.0,11389.4,11388.5,11389.0,11389.6,11390.0,11389.1,11389.6,40.0
2026-09-25T08:31:00+00:00,11389.1,11390.3,11389.0,11390.1,11389.7,11390.9,11389.6,11390.7,29.0
2026-09-25T08:32:00+00:00,11390.0,11390.6,11389.7,11390.2,11390.6,11391.2,11390.3,11390.8,25.0
2026-09-25T08:33:00+00:00,11390.5,11391.6,11390.5,11391.6,11391.1,11392.2,11391.1,11392.2,24.0
2026-09-25T08:34:00+00:00,11391.4,11391.5,11389.0,11389.2,11392.0,11392.1,11389.6,11389.8,21.0
2026-09-25T08:35:00+00:00,11389.1,11389.3,11387.9,11387.9,11389.7,11389.9,11388.5,11388.5,21.0
2026-09-25T08:36:00+00:00,11387.8,11388.1,11386.7,11386.8,11388.4,11388.7,11387.3,11387.4,36.0
2026-09-25T08:37:00+00:00,11387.0,11387.9,11387.0,11387.6,11387.6,11388.5,11387.6,11388.2,14.0
2026-09-25T08:38:00+00:00,11387.5,11388.1,11387.1,11387.7,11388.1,11388.7,11387.7,11388.3,21.0
2026-09-25T08:39:00+00:00,11387.6,11387.6,11386.6,11387.2,11388.2,11388.2,11387.2,11387.8,25.0
2026-09-25T08:40:00+00:00,11387.1,11388.1,11387.1,11388.0,11387.7,11388.7,11387.7,11388.6,17.0
2026-09-25T08:41:00+00:00,11387.9,11388.8,11387.8,11388.4,11388.5,11389.4,11388.4,11389.0,24.0
2026-09-25T08:42:00+00:00,11388.6,11389.1,11388.1,11389.1,11389.2,11389.7,11388.7,11389.7,20.0
2026-09-25T08:43:00+00:00,11388.4,11388.4,11387.7,11388.4,11389.0,11389.0,11388.3,11389.0,13.0
2026-09-25T08:44:00+00:00,11388.7,11389.0,11388.7,11388.7,11389.3,11389.6,11389.3,11389.3,10.0
2026-09-25T08:45:00+00:00,11388.9,11391.2,11388.7,11390.5,11389.5,11391.8,11389.3,11391.1,50.0
2026-09-25T08:46:00+00:00,11390.4,11390.7,11389.6,11390.1,11391.0,11391.3,11390.2,11390.7,44.0
2026-09-25T08:47:00+00:00,11390.0,11391.3,11389.8,11391.2,11390.6,11391.9,11390.4,11391.8,32.0
2026-09-25T08:48:00+00:00,11391.1,11392.4,11390.2,11391.6,11391.7,11393.0,11390.8,11392.2,31.0
2026-09-25T08:49:00+00:00,11391.7,11392.5,11391.3,11391.4,11392.3,11393.1,11391.9,11392.0,42.0
2026-09-25T08:50:00+00:00,11391.6,11392.0,11391.1,11391.9,11392.2,11392.6,11391.7,11392.5,35.0
2026-09-25T08:51:00+00:00,11391.8,11392.3,11391.6,11392.1,11392.4,11392.9,11392.2,11392.7,30.0
2026-09-25T08:52:00+00:00,11392.0,11392.4,11391.5,11391.6,11392.6,11393.0,11392.1,11392.2,37.0
2026-09-25T08:53:00+00:00,11391.5,11391.7,11390.7,11390.7,11392.1,11392.3,11391.3,11391.3,33.0
2026-09-25T08:54:00+00:00,11390.8,11391.8,11390.8,11391.8,11391.4,11392.4,11391.4,11392.4,18.0
2026-09-25T08:55:00+00:00,11392.0,11392.6,11391.5,11392.0,11392.6,11393.2,11392.1,11392.6,34.0
2026-09-25T08:56:00+00:00,11392.2,11393.3,11391.7,11392.9,11392.8,11393.9,11392.3,11393.5,32.0
2026-09-25T08:57:00+00:00,11392.8,11392.8,11390.9,11390.9,11393.4,11393.4,11391.5,11391.5,34.0
2026-09-25T08:58:00+00:00,11390.7,11391.9,11390.7,11391.8,11391.3,11392.5,11391.3,11392.4,33.0
2026-09-25T08:59:00+00:00,11391.9,11391.9,11390.8,11391.4,11392.5,11392.5,11391.4,11392.0,35.0
2026-09-25T09:00:00+00:00,11391.1,11391.9,11390.6,11391.9,11391.7,11392.5,11391.2,11392.5,52.0
2026-09-25T09:01:00+00:00,11392.0,11392.0,11390.4,11390.9,11392.6,11392.6,11391.0,11391.5,42.0
2026-09-25T09:02:00+00:00,11391.0,11392.0,11390.7,11391.8,11391.6,11392.6,11391.3,11392.4,40.0
2026-09-25T09:03:00+00:00,11391.6,11392.7,11391.5,11391.9,11392.2,11393.3,11392.1,11392.5,26.0
2026-09-25T09:04:00+00:00,11392.0,11392.5,11389.8,11389.8,11392.6,11393.1,11390.4,11390.4,23.0
2026-09-25T09:05:00+00:00,11389.9,11390.2,11388.3,11389.9,11390.5,11390.8,11388.9,11390.5,58.0
2026-09-25T09:06:00+00:00,11389.8,11390.7,11389.5,11390.6,11390.4,11391.3,11390.1,11391.2,33.0
2026-09-25T09:07:00+00:00,11390.5,11391.8,11390.5,11390.6,11391.1,11392.4,11391.1,11391.2,47.0
2026-09-25T09:08:00+00:00,11390.4,11392.3,11390.2,11392.1,11391.0,11392.9,11390.8,11392.7,45.0
2026-09-25T09:09:00+00:00,11392.0,11393.4,11391.8,11393.0,11392.6,11394.0,11392.4,11393.6,57.0
2026-09-25T09:10:00+00:00,11393.1,11393.1,11391.9,11392.5,11393.7,11393.7,11392.5,11393.1,28.0
2026-09-25T09:11:00+00:00,11392.6,11393.4,11392.4,11393.4,11393.2,11394.0,11393.0,11394.0,45.0
2026-09-25T09:12:00+00:00,11393.5,11393.5,11392.5,11393.3,11394.1,11394.1,11393.1,11393.9,43.0
2026-09-25T09:13:00+00:00,11393.4,11393.7,11392.7,11393.5,11394.0,11394.3,11393.3,11394.1,40.0
2026-09-25T09:14:00+00:00,11393.4,11393.5,11392.9,11393.2,11394.0,11394.1,11393.5,11393.8,26.0
2026-09-25T09:15:00+00:00,11392.9,11393.5,11391.9,11392.1,11393.5,11394.1,11392.5,11392.7,48.0
2026-09-25T09:16:00+00:00,11392.0,11392.0,11390.3,11390.3,11392.6,11392.6,11390.9,11390.9,26.0
2026-09-25T09:17:00+00:00,11390.4,11391.1,11390.3,11391.1,11391.0,11391.7,11390.9,11391.7,27.0
2026-09-25T09:18:00+00:00,11391.2,11394.0,11390.5,11392.3,11391.8,11394.6,11391.1,11392.9,55.0
2026-09-25T09:19:00+00:00,11392.2,11393.5,11392.1,11392.6,11392.8,11394.1,11392.7,11393.2,62.0
2026-09-25T09:20:00+00:00,11392.7,11392.9,11390.8,11390.8,11393.3,11393.5,11391.4,11391.4,32.0
2026-09-25T09:21:00+00:00,11390.6,11391.9,11390.6,11391.6,11391.2,11392.5,11391.2,11392.2,49.0
2026-09-25T09:22:00+00:00,11391.5,11392.6,11391.2,11392.5,11392.1,11393.2,11391.8,11393.1,34.0
2026-09-25T09:23:00+00:00,11392.6,11392.6,11390.6,11391.2,11393.2,11393.2,11391.2,11391.8,43.0
2026-09-25T09:24:00+00:00,11391.1,11392.7,11391.1,11392.6,11391.7,11393.3,11391.7,11393.2,22.0
2026-09-25T09:25:00+00:00,11392.7,11392.7,11391.1,11391.2,11393.3,11393.3,11391.7,11391.8,26.0
2026-09-25T09:26:00+00:00,11391.3,11391.3,11391.1,11391.1,11391.9,11391.9,11391.7,11391.7,9.0
2026-09-25T09:27:00+00:00,11391.0,11391.1,11390.3,11390.7,11391.6,11391.7,11390.9,11391.3,21.0
2026-09-25T09:28:00+00:00,11390.6,11390.6,11388.6,11388.7,11391.2,11391.2,11389.2,11389.3,22.0
2026-09-25T09:29:00+00:00,11388.6,11388.7,11388.0,11388.0,11389.2,11389.3,11388.6,11388.6,17.0
2026-09-25T09:30:00+00:00,11388.6,11389.8,11387.7,11389.5,11389.2,11390.4,11388.3,11390.1,40.0
2026-09-25T09:31:00+00:00,11389.3,11389.3,11388.4,11389.0,11389.9,11389.9,11389.0,11389.6,27.0
2026-09-25T09:32:00+00:00,11388.9,11391.4,11388.9,11391.1,11389.5,11392.0,11389.5,11391.7,35.0
2026-09-25T09:33:00+00:00,11391.2,11391.3,11390.0,11390.1,11391.8,11391.9,11390.6,11390.7,29.0
2026-09-25T09:34:00+00:00,11390.0,11390.6,11389.6,11390.6,11390.6,11391.2,11390.2,11391.2,17.0
2026-09-25T09:35:00+00:00,11390.1,11391.2,11389.6,11391.2,11390.7,11391.8,11390.2,11391.8,28.0
2026-09-25T09:36:00+00:00,11391.3,11391.3,11390.1,11390.9,11391.9,11391.9,11390.7,11391.5,25.0
2026-09-25T09:37:00+00:00,11390.8,11391.9,11390.6,11390.7,11391.4,11392.5,11391.2,11391.3,30.0
2026-09-25T09:38:00+00:00,11390.6,11392.2,11390.1,11390.5,11391.2,11392.8,11390.7,11391.1,36.0
2026-09-25T09:39:00+00:00,11390.3,11390.3,11389.1,11389.9,11390.9,11390.9,11389.7,11390.5,27.0
2026-09-25T09:40:00+00:00,11390.0,11390.0,11389.2,11389.6,11390.6,11390.6,11389.8,11390.2,12.0
2026-09-25T09:41:00+00:00,11389.7,11391.6,11389.6,11391.0,11390.3,11392.2,11390.2,11391.6,34.0
2026-09-25T09:42:00+00:00,11390.9,11391.5,11390.6,11390.6,11391.5,11392.1,11391.2,11391.2,30.0
2026-09-25T09:43:00+00:00,11391.0,11391.6,11390.3,11391.6,11391.6,11392.2,11390.9,11392.2,39.0
2026-09-25T09:44:00+00:00,11391.4,11391.5,11388.7,11388.7,11392.0,11392.1,11389.3,11389.3,34.0
2026-09-25T09:45:00+00:00,11389.0,11389.5,11388.2,11389.0,11389.6,11390.1,11388.8,11389.6,34.0
2026-09-25T09:46:00+00:00,11388.9,11388.9,11387.2,11387.2,11389.5,11389.5,11387.8,11387.8,30.0
2026-09-25T09:47:00+00:00,11387.1,11387.8,11386.1,11387.2,11387.7,11388.4,11386.7,11387.8,32.0
2026-09-25T09:48:00+00:00,11387.5,11389.8,11387.4,11389.8,11388.1,11390.4,11388.0,11390.4,45.0
2026-09-25T09:49:00+00:00,11389.6,11390.0,11388.4,11388.6,11390.2,11390.6,11389.0,11389.2,45.0
2026-09-25T09:50:00+00:00,11388.3,11389.2,11387.4,11387.7,11388.9,11389.8,11388.0,11388.3,25.0
2026-09-25T09:51:00+00:00,11387.8,11388.8,11387.4,11388.1,11388.4,11389.4,11388.0,11388.7,26.0
2026-09-25T09:52:00+00:00,11388.2,11388.7,11387.7,11388.7,11388.8,11389.3,11388.3,11389.3,23.0
2026-09-25T09:53:00+00:00,11388.8,11389.3,11388.3,11389.1,11389.4,11389.9,11388.9,11389.7,21.0
2026-09-25T09:54:00+00:00,11389.2,11389.2,11388.7,11389.1,11389.8,11389.8,11389.3,11389.7,13.0
2026-09-25T09:55:00+00:00,11388.8,11389.1,11387.8,11388.0,11389.4,11389.7,11388.4,11388.6,24.0
2026-09-25T09:56:00+00:00,11387.9,11389.7,11387.9,11389.5,11388.5,11390.3,11388.5,11390.1,17.0
2026-09-25T09:57:00+00:00,11389.6,11389.7,11389.1,11389.7,11390.2,11390.3,11389.7,11390.3,11.0
2026-09-25T09:58:00+00:00,11389.8,11392.0,11389.8,11390.7,11390.4,11392.6,11390.4,11391.3,55.0
2026-09-25T09:59:00+00:00,11390.6,11391.1,11390.6,11390.7,11391.2,11391.7,11391.2,11391.3,15.0
2026-09-25T10:00:00+00:00,11390.6,11391.1,11390.6,11390.7,11391.2,11391.7,11391.2,11391.3,19.0
2026-09-25T10:01:00+00:00,11390.6,11391.1,11390.6,11391.1,11391.2,11391.7,11391.2,11391.7,11.0
2026-09-25T10:02:00+00:00,11391.2,11392.7,11391.2,11392.3,11391.8,11393.3,11391.8,11392.9,36.0
2026-09-25T10:03:00+00:00,11392.2,11392.7,11392.1,11392.7,11392.8,11393.3,11392.7,11393.3,29.0
2026-09-25T10:04:00+00:00,11393.2,11393.2,11392.3,11392.7,11393.8,11393.8,11392.9,11393.3,17.0
2026-09-25T10:05:00+00:00,11392.9,11394.1,11392.8,11394.1,11393.5,11394.7,11393.4,11394.7,18.0
2026-09-25T10:06:00+00:00,11394.2,11394.2,11393.0,11393.5,11394.8,11394.8,11393.6,11394.1,24.0
2026-09-25T10:07:00+00:00,11393.6,11394.1,11393.4,11393.9,11394.2,11394.7,11394.0,11394.5,19.0
2026-09-25T10:08:00+00:00,11394.0,11395.7,11393.9,11395.7,11394.6,11396.3,11394.5,11396.3,34.0
2026-09-25T10:09:00+00:00,11395.6,11397.7,11395.5,11397.7,11396.2,11398.3,11396.1,11398.3,39.0
2026-09-25T10:10:00+00:00,11397.8,11398.2,11397.5,11397.7,11398.4,11398.8,11398.1,11398.3,25.0
2026-09-25T10:11:00+00:00,11397.9,11398.6,11397.6,11398.2,11398.5,11399.2,11398.2,11398.8,40.0
2026-09-25T10:12:00+00:00,11398.3,11398.3,11397.7,11398.0,11398.9,11398.9,11398.3,11398.6,23.0
2026-09-25T10:13:00+00:00,11397.9,11398.4,11397.7,11398.4,11398.5,11399.0,11398.3,11399.0,30.0
2026-09-25T10:14:00+00:00,11398.5,11398.6,11397.5,11398.6,11399.1,11399.2,11398.1,11399.2,35.0
2026-09-25T10:15:00+00:00,11398.7,11398.7,11396.8,11396.9,11399.3,11399.3,11397.4,11397.5,35.0
2026-09-25T10:16:00+00:00,11397.0,11398.5,11397.0,11398.1,11397.6,11399.1,11397.6,11398.7,14.0
2026-09-25T10:17:00+00:00,11397.8,11399.2,11397.8,11399.1,11398.4,11399.8,11398.4,11399.7,17.0
2026-09-25T10:18:00+00:00,11399.0,11400.0,11398.1,11398.1,11399.6,11400.6,11398.7,11398.7,31.0
2026-09-25T10:19:00+00:00,11398.0,11398.0,11396.7,11397.2,11398.6,11398.6,11397.3,11397.8,24.0
2026-09-25T10:20:00+00:00,11397.4,11397.7,11397.2,11397.5,11398.0,11398.3,11397.8,11398.1,16.0
2026-09-25T10:21:00+00:00,11397.6,11400.1,11397.6,11400.1,11398.2,11400.7,11398.2,11400.7,42.0
2026-09-25T10:22:00+00:00,11400.0,11400.0,11397.4,11397.8,11400.6,11400.6,11398.0,11398.4,35.0
2026-09-25T10:23:00+00:00,11397.7,11398.1,11397.5,11397.9,11398.3,11398.7,11398.1,11398.5,26.0
2026-09-25T10:24:00+00:00,11397.8,11398.1,11397.4,11397.7,11398.4,11398.7,11398.0,11398.3,20.0
2026-09-25T10:25:00+00:00,11397.6,11398.7,11397.5,11397.8,11398.2,11399.3,11398.1,11398.4,14.0
2026-09-25T10:26:00+00:00,11397.6,11397.8,11397.2,11397.2,11398.2,11398.4,11397.8,11397.8,17.0
2026-09-25T10:27:00+00:00,11397.3,11397.6,11397.0,11397.3,11397.9,11398.2,11397.6,11397.9,20.0
2026-09-25T10:28:00+00:00,11397.2,11397.3,11396.9,11397.2,11397.8,11397.9,11397.5,11397.8,8.0
2026-09-25T10:29:00+00:00,11397.1,11397.2,11396.8,11396.8,11397.7,11397.8,11397.4,11397.4,12.0
2026-09-25T10:30:00+00:00,11396.5,11397.1,11396.5,11397.0,11397.1,11397.7,11397.1,11397.6,33.0
2026-09-25T10:31:00+00:00,11396.9,11397.0,11396.4,11397.0,11397.5,11397.6,11397.0,11397.6,13.0
2026-09-25T10:32:00+00:00,11396.9,11396.9,11396.3,11396.6,11397.5,11397.5,11396.9,11397.2,17.0
2026-09-25T10:33:00+00:00,11396.5,11397.5,11396.0,11397.0,11397.1,11398.1,11396.6,11397.6,32.0
2026-09-25T10:34:00+00:00,11396.6,11397.4,11395.9,11397.0,11397.2,11398.0,11396.5,11397.6,44.0
2026-09-25T10:35:00+00:00,11396.9,11397.2,11395.8,11395.8,11397.5,11397.8,11396.4,11396.4,17.0
2026-09-25T10:36:00+00:00,11396.0,11396.0,11394.6,11395.1,11396.6,11396.6,11395.2,11395.7,35.0
2026-09-25T10:37:00+00:00,11395.2,11395.8,11395.0,11395.8,11395.8,11396.4,11395.6,11396.4,19.0
2026-09-25T10:38:00+00:00,11395.9,11396.0,11395.0,11395.1,11396.5,11396.6,11395.6,11395.7,30.0
2026-09-25T10:39:00+00:00,11395.2,11395.7,11395.2,11395.5,11395.8,11396.3,11395.8,11396.1,22.0
2026-09-25T10:40:00+00:00,11395.4,11395.6,11394.1,11394.1,11396.0,11396.2,11394.7,11394.7,25.0
2026-09-25T10:41:00+00:00,11394.3,11395.0,11394.3,11394.9,11394.9,11395.6,11394.9,11395.5,13.0
2026-09-25T10:42:00+00:00,11394.8,11395.3,11394.5,11394.9,11395.4,11395.9,11395.1,11395.5,10.0
2026-09-25T10:43:00+00:00,11394.8,11396.1,11394.8,11396.1,11395.4,11396.7,11395.4,11396.7,26.0
2026-09-25T10:44:00+00:00,11396.2,11397.8,11396.1,11397.8,11396.8,11398.4,11396.7,11398.4,13.0
2026-09-25T10:45:00+00:00,11397.0,11397.3,11396.4,11396.4,11397.6,11397.9,11397.0,11397.0,27.0
2026-09-25T10:46:00+00:00,11396.3,11396.4,11395.2,11395.2,11396.9,11397.0,11395.8,11395.8,17.0
2026-09-25T10:47:00+00:00,11395.3,11396.1,11395.1,11396.0,11395.9,11396.7,11395.7,11396.6,14.0
2026-09-25T10:48:00+00:00,11396.1,11396.9,11395.8,11395.8,11396.7,11397.5,11396.4,11396.4,19.0
2026-09-25T10:49:00+00:00,11395.7,11395.9,11394.6,11394.8,11396.3,11396.5,11395.2,11395.4,35.0
2026-09-25T10:50:00+00:00,11394.7,11395.4,11394.6,11395.3,11395.3,11396.0,11395.2,11395.9,41.0
2026-09-25T10:51:00+00:00,11395.4,11396.3,11395.2,11396.1,11396.0,11396.9,11395.8,11396.7,18.0
2026-09-25T10:52:00+00:00,11396.0,11396.7,11396.0,11396.1,11396.6,11397.3,11396.6,11396.7,14.0
2026-09-25T10:53:00+00:00,11396.0,11396.7,11395.7,11396.5,11396.6,11397.3,11396.3,11397.1,18.0
2026-09-25T10:54:00+00:00,11396.2,11397.6,11396.1,11397.6,11396.8,11398.2,11396.7,11398.2,21.0
2026-09-25T10:55:00+00:00,11397.3,11397.5,11397.2,11397.5,11397.9,11398.1,11397.8,11398.1,15.0
2026-09-25T10:56:00+00:00,11397.4,11397.4,11396.6,11397.2,11398.0,11398.0,11397.2,11397.8,16.0
2026-09-25T10:57:00+00:00,11397.3,11397.7,11397.1,11397.7,11397.9,11398.3,11397.7,11398.3,4.0
2026-09-25T10:58:00+00:00,11397.6,11398.1,11397.6,11398.1,11398.2,11398.7,11398.2,11398.7,7.0
2026-09-25T10:59:00+00:00,11398.7,11398.7,11397.6,11397.6,11399.3,11399.3,11398.2,11398.2,14.0
2026-09-25T11:00:00+00:00,11397.8,11397.8,11397.1,11397.7,11398.4,11398.4,11397.7,11398.3,28.0
2026-09-25T11:01:00+00:00,11397.6,11398.4,11397.6,11398.0,11398.2,11399.0,11398.2,11398.6,10.0
2026-09-25T11:02:00+00:00,11398.1,11399.3,11398.1,11398.7,11398.7,11399.9,11398.7,11399.3,37.0
2026-09-25T11:03:00+00:00,11398.6,11401.3,11398.3,11400.5,11399.2,11401.9,11398.9,11401.1,45.0
2026-09-25T11:04:00+00:00,11400.4,11402.2,11400.4,11402.2,11401.0,11402.8,11401.0,11402.8,49.0
2026-09-25T11:05:00+00:00,11402.3,11402.3,11401.6,11402.2,11402.9,11402.9,11402.2,11402.8,33.0
2026-09-25T11:06:00+00:00,11402.0,11404.2,11402.0,11404.0,11402.6,11404.8,11402.6,11404.6,50.0
2026-09-25T11:07:00+00:00,11404.1,11405.7,11404.0,11405.6,11404.7,11406.3,11404.6,11406.2,48.0
2026-09-25T11:08:00+00:00,11405.5,11407.2,11405.1,11407.1,11406.1,11407.8,11405.7,11407.7,56.0
2026-09-25T11:09:00+00:00,11407.0,11408.1,11406.7,11406.9,11407.6,11408.7,11407.3,11407.5,52.0
2026-09-25T11:10:00+00:00,11406.8,11407.7,11405.6,11406.3,11407.4,11408.3,11406.2,11406.9,42.0
2026-09-25T11:11:00+00:00,11406.4,11407.1,11406.1,11406.8,11407.0,11407.7,11406.7,11407.4,35.0
2026-09-25T11:12:00+00:00,11406.6,11407.5,11406.2,11407.5,11407.2,11408.1,11406.8,11408.1,20.0
2026-09-25T11:13:00+00:00,11407.3,11407.8,11407.3,11407.6,11407.9,11408.4,11407.9,11408.2,16.0
2026-09-25T11:14:00+00:00,11407.5,11407.8,11406.8,11407.4,11408.1,11408.4,11407.4,11408.0,30.0
2026-09-25T11:15:00+00:00,11407.5,11408.6,11407.3,11408.1,11408.1,11409.2,11407.9,11408.7,39.0
2026-09-25T11:16:00+00:00,11408.2,11409.1,11407.6,11407.6,11408.8,11409.7,11408.2,11408.2,29.0
2026-09-25T11:17:00+00:00,11407.5,11407.7,11406.4,11407.2,11408.1,11408.3,11407.0,11407.8,30.0
2026-09-25T11:18:00+00:00,11406.9,11407.5,11406.3,11407.0,11407.5,11408.1,11406.9,11407.6,31.0
2026-09-25T11:19:00+00:00,11406.7,11407.1,11406.1,11406.1,11407.3,11407.7,11406.7,11406.7,22.0
2026-09-25T11:20:00+00:00,11406.2,11407.9,11406.2,11407.6,11406.8,11408.5,11406.8,11408.2,33.0
2026-09-25T11:21:00+00:00,11407.5,11408.8,11407.4,11407.8,11408.1,11409.4,11408.0,11408.4,41.0
2026-09-25T11:22:00+00:00,11407.7,11408.2,11407.5,11407.5,11408.3,11408.8,11408.1,11408.1,23.0
2026-09-25T11:23:00+00:00,11407.3,11408.1,11407.2,11407.4,11407.9,11408.7,11407.8,11408.0,33.0
2026-09-25T11:24:00+00:00,11407.2,11408.0,11406.3,11407.2,11407.8,11408.6,11406.9,11407.8,34.0
2026-09-25T11:25:00+00:00,11407.1,11407.8,11405.9,11406.2,11407.7,11408.4,11406.5,11406.8,29.0
2026-09-25T11:26:00+00:00,11406.3,11407.4,11406.0,11407.1,11406.9,11408.0,11406.6,11407.7,24.0
2026-09-25T11:27:00+00:00,11406.8,11407.1,11406.3,11406.5,11407.4,11407.7,11406.9,11407.1,26.0
2026-09-25T11:28:00+00:00,11406.4,11406.7,11405.5,11405.7,11407.0,11407.3,11406.1,11406.3,27.0
2026-09-25T11:29:00+00:00,11405.6,11405.7,11405.1,11405.5,11406.2,11406.3,11405.7,11406.1,19.0
2026-09-25T11:30:00+00:00,11405.3,11406.8,11405.2,11406.7,11405.9,11407.4,11405.8,11407.3,23.0
2026-09-25T11:31:00+00:00,11406.9,11407.4,11406.3,11407.3,11407.5,11408.0,11406.9,11407.9,26.0
2026-09-25T11:32:00+00:00,11407.1,11407.5,11406.8,11407.0,11407.7,11408.1,11407.4,11407.6,16.0
2026-09-25T11:33:00+00:00,11407.1,11407.2,11406.2,11406.8,11407.7,11407.8,11406.8,11407.4,29.0
2026-09-25T11:34:00+00:00,11406.9,11407.0,11406.0,11406.0,11407.5,11407.6,11406.6,11406.6,33.0
2026-09-25T11:35:00+00:00,11406.1,11410.2,11406.0,11407.1,11406.7,11410.8,11406.6,11407.7,53.0
2026-09-25T11:36:00+00:00,11407.0,11407.1,11403.3,11403.3,11407.6,11407.7,11403.9,11403.9,54.0
2026-09-25T11:37:00+00:00,11403.5,11403.7,11403.2,11403.7,11404.1,11404.3,11403.8,11404.3,19.0
2026-09-25T11:38:00+00:00,11403.8,11404.4,11403.2,11403.2,11404.4,11405.0,11403.8,11403.8,34.0
2026-09-25T11:39:00+00:00,11403.1,11403.5,11402.4,11402.6,11403.7,11404.1,11403.0,11403.2,21.0
2026-09-25T11:40:00+00:00,11402.8,11403.4,11402.7,11403.0,11403.4,11404.0,11403.3,11403.6,22.0
2026-09-25T11:41:00+00:00,11402.9,11404.3,11402.1,11403.6,11403.5,11404.9,11402.7,11404.2,38.0
2026-09-25T11:42:00+00:00,11403.3,11403.9,11402.9,11403.7,11403.9,11404.5,11403.5,11404.3,21.0
2026-09-25T11:43:00+00:00,11403.6,11403.9,11403.6,11403.7,11404.2,11404.5,11404.2,11404.3,9.0
2026-09-25T11:44:00+00:00,11403.8,11404.1,11403.1,11404.0,11404.4,11404.7,11403.7,11404.6,21.0
2026-09-25T11:45:00+00:00,11404.3,11404.3,11401.5,11401.5,11404.9,11404.9,11402.1,11402.1,20.0
2026-09-25T11:46:00+00:00,11401.6,11402.5,11401.6,11402.5,11402.2,11403.1,11402.2,11403.1,22.0
2026-09-25T11:47:00+00:00,11402.6,11404.0,11402.0,11403.2,11403.2,11404.6,11402.6,11403.8,44.0
2026-09-25T11:48:00+00:00,11403.3,11404.0,11403.1,11404.0,11403.9,11404.6,11403.7,11404.6,34.0
2026-09-25T11:49:00+00:00,11404.7,11404.9,11403.7,11403.7,11405.3,11405.5,11404.3,11404.3,29.0
2026-09-25T11:50:00+00:00,11403.6,11404.2,11403.2,11403.2,11404.2,11404.8,11403.8,11403.8,39.0
2026-09-25T11:51:00+00:00,11403.3,11404.6,11403.3,11404.4,11403.9,11405.2,11403.9,11405.0,35.0
2026-09-25T11:52:00+00:00,11404.3,11405.4,11404.3,11404.5,11404.9,11406.0,11404.9,11405.1,19.0
2026-09-25T11:53:00+00:00,11404.4,11405.5,11404.4,11405.0,11405.0,11406.1,11405.0,11405.6,28.0
2026-09-25T11:54:00+00:00,11405.1,11405.1,11404.0,11404.1,11405.7,11405.7,11404.6,11404.7,26.0
2026-09-25T11:55:00+00:00,11403.9,11405.0,11403.0,11404.4,11404.5,11405.6,11403.6,11405.0,59.0
2026-09-25T11:56:00+00:00,11404.3,11404.5,11403.0,11403.0,11404.9,11405.1,11403.6,11403.6,40.0
2026-09-25T11:57:00+00:00,11402.9,11403.5,11402.5,11403.1,11403.5,11404.1,11403.1,11403.7,39.0
2026-09-25T11:58:00+00:00,11403.2,11403.4,11401.9,11402.1,11403.8,11404.0,11402.5,11402.7,25.0
2026-09-25T11:59:00+00:00,11402.3,11402.6,11401.5,11401.8,11402.9,11403.2,11402.1,11402.4,25.0
2026-09-25T12:00:00+00:00,11401.9,11402.3,11401.3,11402.1,11402.5,11402.9,11401.9,11402.7,74.0
2026-09-25T12:01:00+00:00,11402.0,11402.6,11401.5,11402.6,11402.6,11403.2,11402.1,11403.2,34.0
2026-09-25T12:02:00+00:00,11402.5,11404.0,11402.3,11403.5,11403.1,11404.6,11402.9,11404.1,40.0
2026-09-25T12:03:00+00:00,11403.6,11404.9,11403.5,11403.8,11404.2,11405.5,11404.1,11404.4,36.0
2026-09-25T12:04:00+00:00,11403.6,11403.6,11402.4,11403.4,11404.2,11404.2,11403.0,11404.0,25.0
2026-09-25T12:05:00+00:00,11403.5,11404.0,11402.2,11402.3,11404.1,11404.6,11402.8,11402.9,33.0
2026-09-25T12:06:00+00:00,11402.1,11403.1,11402.1,11402.9,11402.7,11403.7,11402.7,11403.5,31.0
2026-09-25T12:07:00+00:00,11402.8,11403.4,11402.6,11403.1,11403.4,11404.0,11403.2,11403.7,28.0
2026-09-25T12:08:00+00:00,11403.2,11403.8,11402.8,11403.4,11403.8,11404.4,11403.4,11404.0,32.0
2026-09-25T12:09:00+00:00,11403.5,11403.9,11402.8,11402.8,11404.1,11404.5,11403.4,11403.4,24.0
2026-09-25T12:10:00+00:00,11402.9,11403.3,11402.1,11402.4,11403.5,11403.9,11402.7,11403.0,28.0
2026-09-25T12:11:00+00:00,11402.5,11402.9,11402.0,11402.9,11403.1,11403.5,11402.6,11403.5,36.0
2026-09-25T12:12:00+00:00,11402.5,11402.5,11401.3,11401.5,11403.1,11403.1,11401.9,11402.1,19.0
2026-09-25T12:13:00+00:00,11401.6,11401.6,11400.5,11400.7,11402.2,11402.2,11401.1,11401.3,31.0
2026-09-25T12:14:00+00:00,11400.6,11400.6,11399.9,11400.5,11401.2,11401.2,11400.5,11401.1,32.0
2026-09-25T12:15:00+00:00,11400.4,11401.9,11400.0,11401.9,11401.0,11402.5,11400.6,11402.5,34.0
2026-09-25T12:16:00+00:00,11402.0,11402.3,11400.9,11400.9,11402.6,11402.9,11401.5,11401.5,24.0
2026-09-25T12:17:00+00:00,11401.4,11401.9,11401.0,11401.6,11402.0,11402.5,11401.6,11402.2,22.0
2026-09-25T12:18:00+00:00,11401.5,11401.6,11400.8,11401.0,11402.1,11402.2,11401.4,11401.6,29.0
2026-09-25T12:19:00+00:00,11400.5,11402.0,11400.5,11402.0,11401.1,11402.6,11401.1,11402.6,10.0
2026-09-25T12:20:00+00:00,11401.9,11404.0,11401.7,11403.8,11402.5,11404.6,11402.3,11404.4,32.0
2026-09-25T12:21:00+00:00,11403.9,11404.5,11403.8,11404.3,11404.5,11405.1,11404.4,11404.9,31.0
2026-09-25T12:22:00+00:00,11404.2,11407.1,11404.2,11406.1,11404.8,11407.7,11404.8,11406.7,51.0
2026-09-25T12:23:00+00:00,11406.0,11406.0,11404.6,11404.6,11406.6,11406.6,11405.2,11405.2,42.0
2026-09-25T12:24:00+00:00,11404.8,11405.3,11404.1,11404.1,11405.4,11405.9,11404.7,11404.7,41.0
2026-09-25T12:25:00+00:00,11404.0,11406.4,11403.9,11406.4,11404.6,11407.0,11404.5,11407.0,23.0
2026-09-25T12:26:00+00:00,11406.3,11407.9,11406.3,11406.5,11406.9,11408.5,11406.9,11407.1,34.0
2026-09-25T12:27:00+00:00,11407.2,11407.2,11406.5,11406.9,11407.8,11407.8,11407.1,11407.5,21.0
2026-09-25T12:28:00+00:00,11407.0,11407.5,11407.0,11407.0,11407.6,11408.1,11407.6,11407.6,17.0
2026-09-25T12:29:00+00:00,11407.1,11407.2,11405.0,11405.2,11407.7,11407.8,11405.6,11405.8,36.0
2026-09-25T12:30:00+00:00,11405.4,11405.6,11403.7,11404.8,11406.0,11406.2,11404.3,11405.4,29.0
2026-09-25T12:31:00+00:00,11405.0,11405.2,11404.4,11404.8,11405.6,11405.8,11405.0,11405.4,21.0
2026-09-25T12:32:00+00:00,11404.7,11404.9,11402.6,11402.6,11405.3,11405.5,11403.2,11403.2,32.0
2026-09-25T12:33:00+00:00,11402.5,11403.7,11402.5,11403.3,11403.1,11404.3,11403.1,11403.9,30.0
2026-09-25T12:34:00+00:00,11403.2,11403.7,11402.8,11403.3,11403.8,11404.3,11403.4,11403.9,22.0
2026-09-25T12:35:00+00:00,11403.4,11404.1,11403.3,11403.4,11404.0,11404.7,11403.9,11404.0,13.0
2026-09-25T12:36:00+00:00,11403.6,11404.0,11402.9,11402.9,11404.2,11404.6,11403.5,11403.5,30.0
2026-09-25T12:37:00+00:00,11402.5,11402.5,11402.1,11402.1,11403.1,11403.1,11402.7,11402.7,16.0
2026-09-25T12:38:00+00:00,11402.0,11402.5,11401.4,11402.4,11402.6,11403.1,11402.0,11403.0,21.0
2026-09-25T12:39:00+00:00,11402.6,11403.0,11402.1,11402.1,11403.2,11403.6,11402.7,11402.7,23.0
2026-09-25T12:40:00+00:00,11402.4,11402.7,11401.6,11401.9,11403.0,11403.3,11402.2,11402.5,20.0
2026-09-25T12:41:00+00:00,11402.3,11402.7,11402.0,11402.4,11402.9,11403.3,11402.6,11403.0,26.0
2026-09-25T12:42:00+00:00,11402.0,11402.1,11401.4,11401.5,11402.6,11402.7,11402.0,11402.1,22.0
2026-09-25T12:43:00+00:00,11401.4,11401.4,11399.4,11399.9,11402.0,11402.0,11400.0,11400.5,37.0
2026-09-25T12:44:00+00:00,11400.0,11403.0,11399.5,11401.0,11400.6,11403.6,11400.1,11401.6,63.0
2026-09-25T12:45:00+00:00,11400.9,11401.0,11398.0,11398.5,11401.5,11401.6,11398.6,11399.1,71.0
2026-09-25T12:46:00+00:00,11398.1,11402.5,11398.1,11401.4,11398.7,11403.1,11398.7,11402.0,74.0
2026-09-25T12:47:00+00:00,11401.3,11403.3,11399.3,11402.7,11401.9,11403.9,11399.9,11403.3,123.0
2026-09-25T12:48:00+00:00,11402.4,11402.6,11399.8,11400.4,11403.0,11403.2,11400.4,11401.0,63.0
2026-09-25T12:49:00+00:00,11400.3,11400.3,11399.1,11400.2,11400.9,11400.9,11399.7,11400.8,52.0
2026-09-25T12:50:00+00:00,11400.5,11402.2,11400.2,11401.7,11401.1,11402.8,11400.8,11402.3,57.0
2026-09-25T12:51:00+00:00,11401.6,11401.7,11400.8,11401.7,11402.2,11402.3,11401.4,11402.3,38.0
2026-09-25T12:52:00+00:00,11401.6,11401.7,11400.1,11400.3,11402.2,11402.3,11400.7,11400.9,37.0
2026-09-25T12:53:00+00:00,11400.4,11403.3,11400.4,11402.6,11401.0,11403.9,11401.0,11403.2,87.0
2026-09-25T12:54:00+00:00,11402.5,11403.0,11400.6,11401.4,11403.1,11403.6,11401.2,11402.0,36.0
2026-09-25T12:55:00+00:00,11401.3,11402.6,11400.8,11400.9,11401.9,11403.2,11401.4,11401.5,40.0
2026-09-25T12:56:00+00:00,11400.7,11401.3,11400.5,11401.3,11401.3,11401.9,11401.1,11401.9,28.0
2026-09-25T12:57:00+00:00,11401.4,11401.6,11400.0,11401.3,11402.0,11402.2,11400.6,11401.9,38.0
2026-09-25T12:58:00+00:00,11401.2,11401.6,11400.7,11401.6,11401.8,11402.2,11401.3,11402.2,40.0
2026-09-25T12:59:00+00:00,11401.5,11401.6,11400.2,11400.7,11402.1,11402.2,11400.8,11401.3,41.0
2026-09-25T13:00:00+00:00,11400.8,11402.1,11400.5,11400.8,11401.4,11402.7,11401.1,11401.4,59.0
2026-09-25T13:01:00+00:00,11400.9,11400.9,11398.9,11399.6,11401.5,11401.5,11399.5,11400.2,58.0
2026-09-25T13:02:00+00:00,11399.5,11400.1,11399.0,11400.1,11400.1,11400.7,11399.6,11400.7,41.0
2026-09-25T13:03:00+00:00,11400.0,11400.8,11399.9,11400.4,11400.6,11401.4,11400.5,11401.0,36.0
2026-09-25T13:04:00+00:00,11400.5,11400.9,11399.4,11399.7,11401.1,11401.5,11400.0,11400.3,36.0
2026-09-25T13:05:00+00:00,11399.8,11402.1,11399.8,11402.1,11400.4,11402.7,11400.4,11402.7,42.0
2026-09-25T13:06:00+00:00,11402.4,11403.9,11402.1,11403.5,11403.0,11404.5,11402.7,11404.1,43.0
2026-09-25T13:07:00+00:00,11403.8,11405.0,11403.5,11405.0,11404.4,11405.6,11404.1,11405.6,29.0
2026-09-25T13:08:00+00:00,11405.1,11406.8,11405.1,11405.5,11405.7,11407.4,11405.7,11406.1,37.0
2026-09-25T13:09:00+00:00,11405.4,11406.2,11404.3,11406.0,11406.0,11406.8,11404.9,11406.6,51.0
2026-09-25T13:10:00+00:00,11406.1,11406.7,11405.6,11406.0,11406.7,11407.3,11406.2,11406.6,42.0
2026-09-25T13:11:00+00:00,11405.6,11405.9,11405.0,11405.5,11406.2,11406.5,11405.6,11406.1,42.0
2026-09-25T13:12:00+00:00,11405.4,11405.5,11404.1,11405.1,11406.0,11406.1,11404.7,11405.7,33.0
2026-09-25T13:13:00+00:00,11405.2,11406.1,11405.1,11405.6,11405.8,11406.7,11405.7,11406.2,29.0
2026-09-25T13:14:00+00:00,11405.4,11405.4,11403.9,11404.6,11406.0,11406.0,11404.5,11405.2,38.0
2026-09-25T13:15:00+00:00,11404.5,11404.5,11401.7,11402.5,11405.1,11405.1,11402.3,11403.1,46.0
2026-09-25T13:16:00+00:00,11402.4,11402.5,11401.6,11401.7,11403.0,11403.1,11402.2,11402.3,34.0
2026-09-25T13:17:00+00:00,11401.6,11403.2,11401.5,11403.1,11402.2,11403.8,11402.1,11403.7,46.0
2026-09-25T13:18:00+00:00,11403.3,11403.4,11401.9,11402.4,11403.9,11404.0,11402.5,11403.0,37.0
2026-09-25T13:19:00+00:00,11402.5,11404.1,11401.6,11404.1,11403.1,11404.7,11402.2,11404.7,49.0
2026-09-25T13:20:00+00:00,11403.5,11403.5,11400.7,11401.0,11404.1,11404.1,11401.3,11401.6,37.0
2026-09-25T13:21:00+00:00,11401.1,11401.8,11399.5,11399.6,11401.7,11402.4,11400.1,11400.2,41.0
2026-09-25T13:22:00+00:00,11399.8,11401.0,11399.6,11401.0,11400.4,11401.6,11400.2,11401.6,24.0
2026-09-25T13:23:00+00:00,11400.9,11401.0,11398.8,11399.4,11401.5,11401.6,11399.4,11400.0,41.0
2026-09-25T13:24:00+00:00,11399.5,11399.6,11396.9,11398.4,11400.1,11400.2,11397.5,11399.0,48.0
2026-09-25T13:25:00+00:00,11398.5,11400.0,11398.4,11398.6,11399.1,11400.6,11399.0,11399.2,53.0
2026-09-25T13:26:00+00:00,11398.7,11398.7,11397.3,11398.1,11399.3,11399.3,11397.9,11398.7,45.0
2026-09-25T13:27:00+00:00,11398.0,11398.6,11396.7,11397.9,11398.6,11399.2,11397.3,11398.5,56.0
2026-09-25T13:28:00+00:00,11397.8,11398.5,11396.9,11398.4,11398.4,11399.1,11397.5,11399.0,37.0
2026-09-25T13:29:00+00:00,11398.3,11398.4,11396.9,11397.8,11398.9,11399.0,11397.5,11398.4,37.0
2026-09-25T13:30:00+00:00,11397.9,11399.4,11397.4,11399.1,11398.5,11400.0,11398.0,11399.7,46.0
2026-09-25T13:31:00+00:00,11398.9,11400.5,11397.9,11400.5,11399.5,11401.1,11398.5,11401.1,59.0
2026-09-25T13:32:00+00:00,11400.4,11401.3,11399.6,11400.5,11401.0,11401.9,11400.2,11401.1,50.0
2026-09-25T13:33:00+00:00,11400.2,11400.9,11398.9,11400.0,11400.8,11401.5,11399.5,11400.6,45.0
2026-09-25T13:34:00+00:00,11399.9,11400.4,11398.3,11399.4,11400.5,11401.0,11398.9,11400.0,53.0
2026-09-25T13:35:00+00:00,11399.3,11400.4,11399.0,11399.6,11399.9,11401.0,11399.6,11400.2,49.0
2026-09-25T13:36:00+00:00,11399.5,11402.0,11398.9,11401.9,11400.1,11402.6,11399.5,11402.5,59.0
2026-09-25T13:37:00+00:00,11402.0,11402.2,11401.6,11401.9,11402.6,11402.8,11402.2,11402.5,24.0
2026-09-25T13:38:00+00:00,11402.0,11402.5,11401.5,11401.8,11402.6,11403.1,11402.1,11402.4,44.0
2026-09-25T13:39:00+00:00,11401.9,11402.7,11400.5,11402.5,11402.5,11403.3,11401.1,11403.1,32.0
2026-09-25T13:40:00+00:00,11402.6,11403.8,11401.9,11403.0,11403.2,11404.4,11402.5,11403.6,41.0
2026-09-25T13:41:00+00:00,11403.1,11403.5,11402.6,11402.8,11403.7,11404.1,11403.2,11403.4,41.0
2026-09-25T13:42:00+00:00,11403.0,11403.2,11401.5,11402.0,11403.6,11403.8,11402.1,11402.6,32.0
2026-09-25T13:43:00+00:00,11401.9,11401.9,11400.6,11401.0,11402.5,11402.5,11401.2,11401.6,40.0
2026-09-25T13:44:00+00:00,11401.2,11402.9,11400.9,11402.6,11401.8,11403.5,11401.5,11403.2,45.0
2026-09-25T13:45:00+00:00,11402.5,11402.7,11401.7,11402.4,11403.1,11403.3,11402.3,11403.0,55.0
2026-09-25T13:46:00+00:00,11402.2,11402.8,11400.5,11401.9,11402.8,11403.4,11401.1,11402.5,46.0
2026-09-25T13:47:00+00:00,11401.4,11401.6,11400.9,11401.3,11402.0,11402.2,11401.5,11401.9,38.0
2026-09-25T13:48:00+00:00,11401.5,11401.7,11399.9,11400.6,11402.1,11402.3,11400.5,11401.2,31.0
2026-09-25T13:49:00+00:00,11400.9,11402.8,11400.9,11402.5,11401.5,11403.4,11401.5,11403.1,48.0
2026-09-25T13:50:00+00:00,11402.3,11404.1,11402.0,11404.0,11402.9,11404.7,11402.6,11404.6,45.0
2026-09-25T13:51:00+00:00,11404.1,11404.1,11402.0,11402.1,11404.7,11404.7,11402.6,11402.7,41.0
2026-09-25T13:52:00+00:00,11402.0,11402.0,11400.5,11401.1,11402.6,11402.6,11401.1,11401.7,24.0
2026-09-25T13:53:00+00:00,11401.0,11401.0,11400.3,11400.6,11401.6,11401.6,11400.9,11401.2,39.0
2026-09-25T13:54:00+00:00,11400.4,11401.2,11400.2,11400.7,11401.0,11401.8,11400.8,11401.3,28.0
2026-09-25T13:55:00+00:00,11400.6,11400.8,11399.4,11400.8,11401.2,11401.4,11400.0,11401.4,33.0
2026-09-25T13:56:00+00:00,11400.7,11400.9,11400.0,11400.6,11401.3,11401.5,11400.6,11401.2,25.0
2026-09-25T13:57:00+00:00,11400.4,11401.2,11399.5,11401.2,11401.0,11401.8,11400.1,11401.8,35.0
2026-09-25T13:58:00+00:00,11401.1,11401.7,11400.3,11401.1,11401.7,11402.3,11400.9,11401.7,40.0
2026-09-25T13:59:00+00:00,11401.2,11401.9,11400.1,11401.5,11401.8,11402.5,11400.7,11402.4,42.0
2026-09-25T14:00:00+00:00,11401.4,11402.7,11400.2,11400.3,11402.1,11403.3,11400.8,11400.9,53.0
2026-09-25T14:01:00+00:00,11400.2,11400.3,11398.5,11398.6,11400.8,11400.9,11399.1,11399.2,56.0
2026-09-25T14:02:00+00:00,11398.8,11399.4,11397.1,11398.1,11399.4,11400.0,11397.7,11398.7,47.0
2026-09-25T14:03:00+00:00,11398.0,11399.3,11397.5,11398.9,11398.6,11399.9,11398.1,11399.5,58.0
2026-09-25T14:04:00+00:00,11399.0,11400.4,11398.5,11398.7,11399.6,11401.0,11399.1,11399.3,33.0
2026-09-25T14:05:00+00:00,11398.5,11398.6,11397.4,11398.0,11399.1,11399.2,11398.0,11398.6,49.0
2026-09-25T14:06:00+00:00,11398.4,11398.5,11395.9,11396.1,11399.0,11399.1,11396.5,11396.7,45.0
2026-09-25T14:07:00+00:00,11396.0,11399.3,11395.9,11398.8,11396.6,11399.9,11396.5,11399.4,58.0
2026-09-25T14:08:00+00:00,11398.7,11401.5,11398.0,11401.3,11399.3,11402.1,11398.6,11401.9,71.0
2026-09-25T14:09:00+00:00,11401.5,11401.9,11400.6,11401.5,11402.1,11402.5,11401.2,11402.1,48.0
2026-09-25T14:10:00+00:00,11401.7,11402.6,11401.3,11401.7,11402.3,11403.2,11401.9,11402.3,51.0
2026-09-25T14:11:00+00:00,11401.8,11402.1,11400.9,11401.9,11402.4,11402.7,11401.5,11402.5,37.0
2026-09-25T14:12:00+00:00,11401.8,11402.4,11401.2,11401.6,11402.4,11403.0,11401.8,11402.2,57.0
2026-09-25T14:13:00+00:00,11401.5,11403.0,11401.5,11402.3,11402.1,11403.6,11402.1,11402.9,57.0
2026-09-25T14:14:00+00:00,11402.4,11403.2,11401.9,11403.2,11403.0,11403.8,11402.5,11403.8,39.0
2026-09-25T14:15:00+00:00,11403.1,11403.7,11402.3,11403.1,11403.7,11404.3,11402.9,11403.7,51.0
2026-09-25T14:16:00+00:00,11403.2,11403.3,11402.2,11402.3,11403.8,11403.9,11402.8,11402.9,53.0
2026-09-25T14:17:00+00:00,11402.2,11402.8,11400.3,11400.3,11402.8,11403.4,11400.9,11400.9,33.0
2026-09-25T14:18:00+00:00,11400.4,11401.0,11399.5,11401.0,11401.0,11401.6,11400.1,11401.6,52.0
2026-09-25T14:19:00+00:00,11401.1,11401.6,11400.5,11401.2,11401.7,11402.2,11401.1,11401.8,39.0
2026-09-25T14:20:00+00:00,11401.5,11401.5,11399.7,11401.1,11402.1,11402.1,11400.3,11401.7,62.0
2026-09-25T14:21:00+00:00,11401.0,11401.5,11399.6,11399.8,11401.6,11402.1,11400.2,11400.4,39.0
2026-09-25T14:22:00+00:00,11399.9,11401.2,11399.9,11400.7,11400.5,11401.8,11400.5,11401.3,31.0
2026-09-25T14:23:00+00:00,11400.9,11401.2,11399.7,11401.1,11401.5,11401.8,11400.3,11401.7,35.0
2026-09-25T14:24:00+00:00,11401.2,11401.9,11400.7,11401.3,11401.8,11402.5,11401.3,11401.9,41.0
2026-09-25T14:25:00+00:00,11401.2,11401.6,11400.1,11400.5,11401.8,11402.2,11400.7,11401.1,40.0
2026-09-25T14:26:00+00:00,11400.8,11401.1,11399.6,11400.3,11401.4,11401.7,11400.2,11400.9,27.0
2026-09-25T14:27:00+00:00,11400.4,11400.7,11399.2,11399.3,11401.0,11401.3,11399.8,11399.9,30.0
2026-09-25T14:28:00+00:00,11399.4,11399.4,11398.2,11398.2,11400.0,11400.0,11398.8,11398.8,17.0
2026-09-25T14:29:00+00:00,11398.3,11399.3,11397.3,11397.5,11398.9,11399.9,11397.9,11398.1,29.0
2026-09-25T14:30:00+00:00,11397.4,11398.6,11396.7,11398.6,11398.0,11399.2,11397.3,11399.2,36.0
2026-09-25T14:31:00+00:00,11398.7,11398.9,11397.7,11398.5,11399.3,11399.5,11398.3,11399.1,31.0
2026-09-25T14:32:00+00:00,11398.4,11399.6,11397.7,11399.5,11399.0,11400.2,11398.3,11400.1,47.0
2026-09-25T14:33:00+00:00,11399.8,11400.4,11399.1,11399.2,11400.4,11401.0,11399.7,11399.8,40.0
2026-09-25T14:34:00+00:00,11399.1,11399.8,11398.7,11398.8,11399.7,11400.4,11399.3,11399.4,39.0
2026-09-25T14:35:00+00:00,11398.9,11399.4,11398.4,11398.9,11399.5,11400.0,11399.0,11399.5,34.0
2026-09-25T14:36:00+00:00,11399.3,11399.8,11398.8,11398.8,11399.9,11400.4,11399.4,11399.4,35.0
2026-09-25T14:37:00+00:00,11399.2,11399.2,11397.8,11398.5,11399.8,11399.8,11398.4,11399.1,44.0
2026-09-25T14:38:00+00:00,11398.4,11400.2,11398.4,11400.1,11399.0,11400.8,11399.0,11400.7,43.0
2026-09-25T14:39:00+00:00,11400.2,11400.2,11399.3,11399.6,11400.8,11400.8,11399.9,11400.2,25.0
2026-09-25T14:40:00+00:00,11399.8,11399.8,11397.8,11397.9,11400.4,11400.4,11398.4,11398.5,38.0
2026-09-25T14:41:00+00:00,11398.1,11398.1,11396.5,11397.3,11398.7,11398.7,11397.1,11397.9,45.0
2026-09-25T14:42:00+00:00,11397.4,11398.8,11397.0,11398.4,11398.0,11399.4,11397.6,11399.0,38.0
2026-09-25T14:43:00+00:00,11398.3,11398.3,11397.1,11397.4,11398.9,11398.9,11397.7,11398.0,50.0
2026-09-25T14:44:00+00:00,11397.5,11398.1,11397.3,11397.8,11398.1,11398.7,11397.9,11398.4,30.0
2026-09-25T14:45:00+00:00,11397.9,11398.0,11397.0,11397.4,11398.5,11398.6,11397.6,11398.0,22.0
2026-09-25T14:46:00+00:00,11397.0,11398.7,11396.9,11398.3,11397.6,11399.3,11397.5,11398.9,61.0
2026-09-25T14:47:00+00:00,11398.2,11400.1,11398.1,11399.6,11398.8,11400.7,11398.7,11400.2,33.0
2026-09-25T14:48:00+00:00,11399.9,11400.6,11399.9,11400.4,11400.5,11401.2,11400.5,11401.0,24.0
2026-09-25T14:49:00+00:00,11400.5,11402.1,11400.4,11401.3,11401.1,11402.7,11401.0,11401.9,37.0
2026-09-25T14:50:00+00:00,11401.0,11402.5,11400.6,11402.1,11401.6,11403.1,11401.2,11402.7,41.0
2026-09-25T14:51:00+00:00,11402.2,11403.7,11401.9,11401.9,11402.8,11404.3,11402.5,11402.5,47.0
2026-09-25T14:52:00+00:00,11401.7,11402.2,11401.0,11402.1,11402.3,11402.8,11401.6,11402.7,35.0
2026-09-25T14:53:00+00:00,11402.0,11403.1,11401.1,11401.5,11402.6,11403.7,11401.7,11402.1,40.0
2026-09-25T14:54:00+00:00,11401.6,11402.6,11401.6,11402.1,11402.2,11403.2,11402.2,11402.7,21.0
2026-09-25T14:55:00+00:00,11402.0,11402.0,11400.6,11401.7,11402.6,11402.6,11401.2,11402.3,52.0
2026-09-25T14:56:00+00:00,11401.6,11402.0,11400.1,11400.1,11402.2,11402.6,11400.7,11400.7,51.0
2026-09-25T14:57:00+00:00,11400.2,11401.4,11399.3,11400.7,11400.8,11402.0,11399.9,11401.3,66.0
2026-09-25T14:58:00+00:00,11400.5,11401.6,11400.1,11401.5,11401.1,11402.2,11400.7,11402.1,25.0
2026-09-25T14:59:00+00:00,11401.4,11402.5,11400.8,11402.1,11402.0,11403.1,11401.4,11402.7,29.0
2026-09-25T15:00:00+00:00,11402.0,11402.3,11401.0,11402.2,11402.6,11402.9,11401.6,11402.8,35.0
2026-09-25T15:01:00+00:00,11402.0,11402.6,11401.7,11402.0,11402.6,11403.2,11402.3,11402.6,45.0
2026-09-25T15:02:00+00:00,11402.1,11402.4,11401.5,11401.5,11402.7,11403.0,11402.1,11402.1,62.0
2026-09-25T15:03:00+00:00,11401.6,11401.7,11398.0,11398.0,11402.2,11402.3,11398.6,11398.6,62.0
2026-09-25T15:04:00+00:00,11398.1,11399.0,11397.2,11397.4,11398.7,11399.6,11397.8,11398.0,46.0
2026-09-25T15:05:00+00:00,11397.5,11398.4,11397.2,11397.2,11398.1,11399.0,11397.8,11397.8,40.0
2026-09-25T15:06:00+00:00,11397.3,11397.9,11397.0,11397.9,11397.9,11398.5,11397.6,11398.5,41.0
2026-09-25T15:07:00+00:00,11397.8,11398.1,11396.7,11397.9,11398.4,11398.7,11397.3,11398.5,61.0
2026-09-25T15:08:00+00:00,11398.0,11398.1,11396.7,11396.7,11398.6,11398.7,11397.3,11397.3,41.0
2026-09-25T15:09:00+00:00,11396.6,11397.2,11396.0,11396.2,11397.2,11397.8,11396.6,11396.8,54.0
2026-09-25T15:10:00+00:00,11396.1,11396.6,11395.5,11395.6,11396.7,11397.2,11396.1,11396.2,45.0
2026-09-25T15:11:00+00:00,11395.5,11396.2,11395.4,11395.7,11396.1,11396.8,11396.0,11396.3,31.0
2026-09-25T15:12:00+00:00,11395.6,11396.1,11395.0,11396.1,11396.2,11396.7,11395.6,11396.7,32.0
2026-09-25T15:13:00+00:00,11396.0,11397.1,11395.5,11396.6,11396.6,11397.7,11396.1,11397.2,41.0
2026-09-25T15:14:00+00:00,11396.3,11397.0,11396.3,11397.0,11396.9,11397.6,11396.9,11397.6,24.0
2026-09-25T15:15:00+00:00,11396.9,11397.0,11396.1,11396.9,11397.5,11397.6,11396.7,11397.5,22.0
2026-09-25T15:16:00+00:00,11396.8,11397.0,11396.3,11396.6,11397.4,11397.6,11396.9,11397.2,27.0
2026-09-25T15:17:00+00:00,11396.5,11396.7,11396.1,11396.5,11397.1,11397.3,11396.7,11397.1,24.0
2026-09-25T15:18:00+00:00,11396.6,11397.3,11395.8,11395.9,11397.2,11397.9,11396.4,11396.5,25.0
2026-09-25T15:19:00+00:00,11395.8,11395.8,11394.6,11395.5,11396.4,11396.4,11395.2,11396.1,26.0
2026-09-25T15:20:00+00:00,11395.4,11395.9,11395.1,11395.8,11396.0,11396.5,11395.7,11396.4,21.0
2026-09-25T15:21:00+00:00,11395.7,11398.1,11395.5,11396.2,11396.3,11398.7,11396.1,11396.8,52.0
2026-09-25T15:22:00+00:00,11396.0,11397.1,11395.5,11396.9,11396.6,11397.7,11396.1,11397.5,31.0
2026-09-25T15:23:00+00:00,11397.0,11398.5,11396.4,11396.4,11397.6,11399.1,11397.0,11397.0,47.0
2026-09-25T15:24:00+00:00,11396.5,11396.5,11395.2,11395.6,11397.1,11397.1,11395.8,11396.2,35.0
2026-09-25T15:25:00+00:00,11395.7,11395.7,11394.7,11395.0,11396.3,11396.3,11395.3,11395.6,18.0
2026-09-25T15:26:00+00:00,11395.1,11396.1,11395.0,11395.9,11395.7,11396.7,11395.6,11396.5,45.0
2026-09-25T15:27:00+00:00,11396.2,11397.1,11395.9,11396.0,11396.8,11397.7,11396.5,11396.6,26.0
2026-09-25T15:28:00+00:00,11396.1,11396.5,11395.6,11396.0,11396.7,11397.1,11396.2,11396.6,29.0
2026-09-25T15:29:00+00:00,11396.1,11397.9,11396.1,11396.5,11396.7,11398.5,11396.7,11397.1,38.0
2026-09-25T15:30:00+00:00,11396.6,11399.3,11396.6,11397.0,11397.2,11399.9,11397.2,11397.6,100.0
2026-09-25T15:31:00+00:00,11397.1,11398.4,11396.3,11397.8,11397.7,11399.0,11396.9,11398.4,40.0
2026-09-25T15:32:00+00:00,11397.7,11398.3,11397.2,11398.1,11398.3,11398.9,11397.8,11398.7,59.0
2026-09-25T15:33:00+00:00,11398.0,11399.1,11397.5,11399.1,11398.6,11399.7,11398.1,11399.7,31.0
2026-09-25T15:34:00+00:00,11399.0,11399.2,11397.9,11398.5,11399.6,11399.8,11398.5,11399.1,49.0
2026-09-25T15:35:00+00:00,11398.6,11398.6,11397.0,11397.6,11399.2,11399.2,11397.6,11398.2,43.0
2026-09-25T15:36:00+00:00,11397.4,11397.7,11395.7,11395.7,11398.0,11398.3,11396.3,11396.3,40.0
2026-09-25T15:37:00+00:00,11395.8,11396.0,11394.3,11394.3,11396.4,11396.6,11394.9,11394.9,27.0
2026-09-25T15:38:00+00:00,11394.2,11394.2,11392.6,11392.6,11394.8,11394.8,11393.2,11393.2,24.0
2026-09-25T15:39:00+00:00,11392.5,11392.6,11391.6,11391.6,11393.1,11393.2,11392.2,11392.2,33.0
2026-09-25T15:40:00+00:00,11391.7,11392.0,11390.8,11391.1,11392.3,11392.6,11391.4,11391.7,37.0
2026-09-25T15:41:00+00:00,11391.0,11391.5,11390.9,11390.9,11391.6,11392.1,11391.5,11391.5,22.0
2026-09-25T15:42:00+00:00,11390.8,11392.1,11390.2,11392.0,11391.4,11392.7,11390.8,11392.6,17.0
2026-09-25T15:43:00+00:00,11392.1,11392.4,11390.5,11390.6,11392.7,11393.0,11391.1,11391.2,20.0
2026-09-25T15:44:00+00:00,11390.7,11391.1,11390.1,11390.5,11391.3,11391.7,11390.7,11391.1,38.0
2026-09-25T15:45:00+00:00,11390.6,11390.7,11389.7,11390.1,11391.2,11391.3,11390.3,11390.7,29.0
2026-09-25T15:46:00+00:00,11390.0,11390.5,11388.7,11389.6,11390.6,11391.1,11389.3,11390.2,40.0
2026-09-25T15:47:00+00:00,11389.7,11389.7,11389.0,11389.1,11390.3,11390.3,11389.6,11389.7,16.0
2026-09-25T15:48:00+00:00,11389.2,11389.4,11388.5,11388.8,11389.8,11390.0,11389.1,11389.4,18.0
2026-09-25T15:49:00+00:00,11388.9,11389.4,11387.9,11388.1,11389.5,11390.0,11388.5,11388.7,31.0
2026-09-25T15:50:00+00:00,11388.0,11388.5,11387.8,11387.8,11388.6,11389.1,11388.4,11388.4,25.0
2026-09-25T15:51:00+00:00,11387.7,11387.9,11386.3,11386.4,11388.3,11388.5,11386.9,11387.0,37.0
2026-09-25T15:52:00+00:00,11386.5,11387.1,11386.2,11386.5,11387.1,11387.7,11386.8,11387.1,28.0
2026-09-25T15:53:00+00:00,11386.9,11387.9,11386.9,11387.6,11387.5,11388.5,11387.5,11388.2,14.0
2026-09-25T15:54:00+00:00,11387.1,11390.2,11387.1,11389.9,11387.7,11390.8,11387.7,11390.5,101.0
2026-09-25T15:55:00+00:00,11390.0,11391.2,11389.4,11389.9,11390.6,11391.8,11390.0,11390.5,82.0
2026-09-25T15:56:00+00:00,11389.8,11391.1,11389.2,11391.0,11390.4,11391.7,11389.8,11391.6,45.0
2026-09-25T15:57:00+00:00,11390.7,11392.5,11390.5,11391.9,11391.3,11393.1,11391.1,11392.5,59.0
2026-09-25T15:58:00+00:00,11392.0,11396.4,11392.0,11396.4,11392.6,11397.0,11392.6,11397.0,95.0
2026-09-25T15:59:00+00:00,11396.3,11399.7,11396.0,11399.6,11396.9,11400.3,11396.6,11400.2,96.0
2026-09-25T16:00:00+00:00,11399.9,11403.0,11399.6,11403.0,11400.5,11403.6,11400.2,11403.6,107.0
2026-09-25T16:01:00+00:00,11403.4,11405.8,11403.0,11403.2,11404.0,11406.4,11403.6,11403.8,136.0
2026-09-25T16:02:00+00:00,11403.4,11407.3,11403.4,11407.2,11404.0,11407.9,11404.0,11407.8,149.0
2026-09-25T16:03:00+00:00,11407.1,11410.8,11406.5,11410.7,11407.7,11411.4,11407.1,11411.3,122.0
2026-09-25T16:04:00+00:00,11410.8,11410.8,11406.0,11407.9,11411.4,11411.4,11406.6,11408.5,127.0
2026-09-25T16:05:00+00:00,11407.8,11409.6,11406.1,11407.8,11408.4,11410.2,11406.7,11408.4,130.0
2026-09-25T16:06:00+00:00,11407.9,11409.0,11405.7,11408.4,11408.5,11409.6,11406.3,11409.0,123.0
2026-09-25T16:07:00+00:00,11408.6,11408.9,11405.7,11406.2,11409.2,11409.5,11406.3,11406.8,112.0
2026-09-25T16:08:00+00:00,11406.3,11408.4,11405.9,11406.8,11406.9,11409.0,11406.5,11407.4,116.0
2026-09-25T16:09:00+00:00,11406.9,11408.7,11406.2,11408.1,11407.5,11409.3,11406.8,11408.7,87.0
2026-09-25T16:10:00+00:00,11408.5,11408.5,11405.9,11405.9,11409.1,11409.1,11406.5,11406.5,61.0
2026-09-25T16:11:00+00:00,11406.0,11407.6,11405.2,11407.6,11406.6,11408.2,11405.8,11408.2,59.0
2026-09-25T16:12:00+00:00,11407.7,11408.5,11407.3,11408.5,11408.3,11409.1,11407.9,11409.1,74.0
2026-09-25T16:13:00+00:00,11408.4,11408.6,11406.3,11406.4,11409.0,11409.2,11406.9,11407.0,59.0
2026-09-25T16:14:00+00:00,11406.5,11406.9,11404.4,11406.9,11407.1,11407.5,11405.0,11407.5,75.0
2026-09-25T16:15:00+00:00,11407.0,11407.0,11403.6,11403.7,11407.6,11407.6,11404.2,11404.3,65.0
2026-09-25T16:16:00+00:00,11403.6,11403.7,11402.1,11402.5,11404.2,11404.3,11402.7,11403.1,57.0
2026-09-25T16:17:00+00:00,11402.4,11403.1,11401.1,11401.5,11403.0,11403.7,11401.7,11402.1,43.0
2026-09-25T16:18:00+00:00,11401.6,11402.0,11400.2,11400.3,11402.2,11402.6,11400.8,11400.9,36.0
2026-09-25T16:19:00+00:00,11400.5,11401.1,11399.2,11399.6,11401.1,11401.7,11399.8,11400.2,48.0
2026-09-25T16:20:00+00:00,11399.7,11400.1,11398.3,11398.5,11400.3,11400.7,11398.9,11399.1,61.0
2026-09-25T16:21:00+00:00,11398.6,11398.6,11397.2,11397.2,11399.2,11399.2,11397.8,11397.8,52.0
2026-09-25T16:22:00+00:00,11397.4,11397.9,11396.3,11396.8,11398.0,11398.5,11396.9,11397.4,43.0
2026-09-25T16:23:00+00:00,11396.9,11397.0,11393.9,11395.0,11397.5,11397.6,11394.5,11395.6,71.0
2026-09-25T16:24:00+00:00,11394.8,11395.3,11393.0,11395.1,11395.4,11395.9,11393.6,11395.7,67.0
2026-09-25T16:25:00+00:00,11395.2,11395.3,11393.7,11393.9,11395.8,11395.9,11394.3,11394.5,43.0
2026-09-25T16:26:00+00:00,11393.8,11397.3,11393.8,11397.3,11394.4,11397.9,11394.4,11397.9,49.0
2026-09-25T16:27:00+00:00,11397.4,11397.9,11396.8,11396.8,11398.0,11398.5,11397.4,11397.4,43.0
2026-09-25T16:28:00+00:00,11396.6,11396.8,11395.5,11395.9,11397.2,11397.4,11396.1,11396.5,41.0
2026-09-25T16:29:00+00:00,11395.8,11397.6,11395.5,11397.6,11396.4,11398.2,11396.1,11398.2,25.0
2026-09-25T16:30:00+00:00,11397.9,11398.8,11397.5,11398.3,11398.5,11399.4,11398.1,11398.9,53.0
2026-09-25T16:31:00+00:00,11398.2,11398.2,11396.9,11397.1,11398.8,11398.8,11397.5,11397.7,29.0
2026-09-25T16:32:00+00:00,11397.2,11397.8,11395.9,11396.0,11397.8,11398.4,11396.5,11396.6,34.0
2026-09-25T16:33:00+00:00,11396.1,11397.1,11395.9,11396.3,11396.7,11397.7,11396.5,11396.9,25.0
2026-09-25T16:34:00+00:00,11393.9,11395.5,11390.5,11393.6,11394.5,11396.1,11391.1,11394.2,137.0
2026-09-25T16:35:00+00:00,11393.5,11394.8,11393.5,11394.7,11394.1,11395.4,11394.1,11395.3,55.0
2026-09-25T16:36:00+00:00,11395.1,11395.2,11392.2,11393.6,11395.7,11395.8,11392.8,11394.2,56.0
2026-09-25T16:37:00+00:00,11393.8,11395.4,11393.8,11394.5,11394.4,11396.0,11394.4,11395.1,28.0
2026-09-25T16:38:00+00:00,11394.4,11394.4,11393.0,11394.3,11395.0,11395.0,11393.6,11394.9,44.0
2026-09-25T16:39:00+00:00,11394.4,11395.4,11394.2,11395.0,11395.0,11396.0,11394.8,11395.6,26.0
2026-09-25T16:40:00+00:00,11394.9,11395.5,11394.3,11394.3,11395.5,11396.1,11394.9,11394.9,18.0
2026-09-25T16:41:00+00:00,11394.2,11394.5,11393.8,11394.0,11394.8,11395.1,11394.4,11394.6,33.0
2026-09-25T16:42:00+00:00,11394.6,11395.8,11392.9,11393.1,11395.2,11396.4,11393.5,11393.7,53.0
2026-09-25T16:43:00+00:00,11392.7,11394.0,11392.4,11393.8,11393.3,11394.6,11393.0,11394.4,32.0
2026-09-25T16:44:00+00:00,11393.9,11395.3,11393.9,11394.7,11394.5,11395.9,11394.5,11395.3,32.0
2026-09-25T16:45:00+00:00,11394.9,11394.9,11392.6,11392.7,11395.5,11395.5,11393.2,11393.3,23.0
2026-09-25T16:46:00+00:00,11392.9,11393.7,11392.9,11393.2,11393.5,11394.3,11393.5,11393.8,21.0
2026-09-25T16:47:00+00:00,11393.4,11393.4,11392.7,11392.8,11394.0,11394.0,11393.3,11393.4,26.0
2026-09-25T16:48:00+00:00,11392.9,11393.5,11391.9,11391.9,11393.5,11394.1,11392.5,11392.5,30.0
2026-09-25T16:49:00+00:00,11391.7,11393.8,11391.0,11393.6,11392.3,11394.4,11391.6,11394.2,44.0
2026-09-25T16:50:00+00:00,11393.5,11393.9,11392.6,11392.7,11394.1,11394.5,11393.2,11393.3,36.0
2026-09-25T16:51:00+00:00,11392.8,11393.3,11392.7,11392.8,11393.4,11393.9,11393.3,11393.4,19.0
2026-09-25T16:52:00+00:00,11393.0,11393.5,11393.0,11393.4,11393.6,11394.1,11393.6,11394.0,22.0
2026-09-25T16:53:00+00:00,11393.3,11393.3,11392.5,11392.5,11393.9,11393.9,11393.1,11393.1,9.0
2026-09-25T16:54:00+00:00,11392.8,11392.9,11391.8,11392.1,11393.4,11393.5,11392.4,11392.7,18.0
2026-09-25T16:55:00+00:00,11391.9,11393.3,11391.8,11393.0,11392.5,11393.9,11392.4,11393.6,33.0
2026-09-25T16:56:00+00:00,11393.1,11393.6,11393.0,11393.0,11393.7,11394.2,11393.6,11393.6,27.0
2026-09-25T16:57:00+00:00,11393.1,11393.5,11392.4,11392.9,11393.7,11394.1,11393.0,11393.5,28.0
2026-09-25T16:58:00+00:00,11392.8,11393.2,11392.6,11393.2,11393.4,11393.8,11393.2,11393.8,18.0
2026-09-25T16:59:00+00:00,11393.1,11393.5,11391.6,11392.4,11393.7,11394.1,11392.2,11393.0,50.0
2026-09-25T17:00:00+00:00,11392.7,11392.9,11391.0,11391.9,11393.3,11393.5,11391.6,11392.5,45.0
2026-09-25T17:01:00+00:00,11391.8,11393.9,11391.4,11393.6,11392.4,11394.5,11392.0,11394.2,41.0
2026-09-25T17:02:00+00:00,11393.7,11393.7,11392.2,11392.2,11394.3,11394.3,11392.8,11392.8,48.0
2026-09-25T17:03:00+00:00,11392.1,11392.8,11391.7,11392.0,11392.7,11393.4,11392.3,11392.6,38.0
2026-09-25T17:04:00+00:00,11391.9,11392.4,11390.4,11390.9,11392.5,11393.0,11391.0,11391.5,30.0
2026-09-25T17:05:00+00:00,11391.1,11391.3,11390.6,11390.8,11391.7,11391.9,11391.2,11391.4,20.0
2026-09-25T17:06:00+00:00,11390.7,11392.6,11390.7,11392.2,11391.3,11393.2,11391.3,11392.8,33.0
2026-09-25T17:07:00+00:00,11392.1,11392.6,11391.5,11392.4,11392.7,11393.2,11392.1,11393.0,33.0
2026-09-25T17:08:00+00:00,11392.5,11392.6,11389.0,11389.4,11393.1,11393.2,11389.6,11390.0,41.0
2026-09-25T17:09:00+00:00,11389.6,11390.8,11389.4,11390.7,11390.2,11391.4,11390.0,11391.3,24.0
2026-09-25T17:10:00+00:00,11390.8,11390.8,11389.4,11389.7,11391.4,11391.4,11390.0,11390.3,32.0
2026-09-25T17:11:00+00:00,11389.6,11390.5,11389.2,11390.5,11390.2,11391.1,11389.8,11391.1,24.0
2026-09-25T17:12:00+00:00,11390.6,11391.1,11390.2,11390.4,11391.2,11391.7,11390.8,11391.0,25.0
2026-09-25T17:13:00+00:00,11390.6,11391.1,11390.4,11390.6,11391.2,11391.7,11391.0,11391.2,16.0
2026-09-25T17:14:00+00:00,11390.5,11390.8,11389.8,11390.1,11391.1,11391.4,11390.4,11390.7,21.0
2026-09-25T17:15:00+00:00,11390.0,11390.3,11389.0,11389.5,11390.6,11390.9,11389.6,11390.1,29.0
2026-09-25T17:16:00+00:00,11389.7,11389.9,11388.8,11389.9,11390.3,11390.5,11389.4,11390.5,27.0
2026-09-25T17:17:00+00:00,11389.8,11389.9,11389.3,11389.7,11390.4,11390.5,11389.9,11390.3,23.0
2026-09-25T17:18:00+00:00,11389.6,11389.8,11388.9,11388.9,11390.2,11390.4,11389.5,11389.5,25.0
2026-09-25T17:19:00+00:00,11389.1,11389.5,11389.1,11389.5,11389.7,11390.1,11389.7,11390.1,12.0
2026-09-25T17:20:00+00:00,11389.6,11389.8,11389.4,11389.7,11390.2,11390.4,11390.0,11390.3,18.0
2026-09-25T17:21:00+00:00,11389.8,11389.8,11389.5,11389.5,11390.4,11390.4,11390.1,11390.1,8.0
2026-09-25T17:22:00+00:00,11389.6,11389.9,11389.6,11389.9,11390.2,11390.5,11390.2,11390.5,21.0
2026-09-25T17:23:00+00:00,11390.0,11390.0,11389.6,11389.9,11390.6,11390.6,11390.2,11390.5,12.0
2026-09-25T17:24:00+00:00,11389.7,11389.8,11389.5,11389.7,11390.3,11390.4,11390.1,11390.3,10.0
2026-09-25T17:25:00+00:00,11389.8,11390.0,11389.5,11389.9,11390.4,11390.6,11390.1,11390.5,12.0
2026-09-25T17:26:00+00:00,11389.8,11389.8,11389.7,11389.8,11390.4,11390.4,11390.3,11390.4,3.0
2026-09-25T17:27:00+00:00,11389.7,11389.8,11389.4,11389.5,11390.3,11390.4,11390.0,11390.1,13.0
2026-09-25T17:28:00+00:00,11389.4,11389.7,11389.0,11389.3,11390.0,11390.3,11389.6,11389.9,20.0
2026-09-25T17:29:00+00:00,11389.2,11389.8,11389.0,11389.4,11389.8,11390.4,11389.6,11390.0,17.0
2026-09-25T17:30:00+00:00,11389.3,11389.9,11389.3,11389.9,11389.9,11390.5,11389.9,11390.5,8.0
2026-09-25T17:31:00+00:00,11389.8,11390.1,11389.5,11390.1,11390.4,11390.7,11390.1,11390.7,21.0
2026-09-25T17:32:00+00:00,11390.6,11390.9,11390.4,11390.8,11391.2,11391.5,11391.0,11391.4,16.0
2026-09-25T17:33:00+00:00,11390.9,11391.8,11389.9,11390.1,11391.5,11392.4,11390.5,11390.7,34.0
2026-09-25T17:34:00+00:00,11390.0,11390.0,11389.2,11389.9,11390.6,11390.6,11389.8,11390.5,33.0
2026-09-25T17:35:00+00:00,11389.6,11389.6,11388.5,11388.8,11390.2,11390.2,11389.1,11389.4,23.0
2026-09-25T17:36:00+00:00,11389.0,11389.5,11388.1,11388.1,11389.6,11390.1,11388.7,11388.7,25.0
2026-09-25T17:37:00+00:00,11388.0,11388.1,11386.8,11387.5,11388.6,11388.7,11387.4,11388.1,48.0
2026-09-25T17:38:00+00:00,11387.4,11388.8,11387.4,11388.8,11388.0,11389.4,11388.0,11389.4,32.0
2026-09-25T17:39:00+00:00,11388.9,11391.0,11388.4,11389.5,11389.5,11391.6,11389.0,11390.1,36.0
2026-09-25T17:40:00+00:00,11389.8,11390.9,11389.4,11389.4,11390.4,11391.5,11390.0,11390.0,64.0
2026-09-25T17:41:00+00:00,11389.5,11391.4,11389.4,11390.6,11390.1,11392.0,11390.0,11391.2,41.0
2026-09-25T17:42:00+00:00,11390.5,11391.8,11390.1,11391.7,11391.1,11392.4,11390.7,11392.3,36.0
2026-09-25T17:43:00+00:00,11391.6,11391.7,11391.1,11391.2,11392.2,11392.3,11391.7,11391.8,21.0
2026-09-25T17:44:00+00:00,11391.7,11392.3,11391.3,11391.5,11392.3,11392.9,11391.9,11392.1,17.0
2026-09-25T17:45:00+00:00,11391.2,11391.4,11390.6,11390.6,11391.8,11392.0,11391.2,11391.2,22.0
2026-09-25T17:46:00+00:00,11390.7,11391.0,11389.5,11389.6,11391.3,11391.6,11390.1,11390.2,35.0
2026-09-25T17:47:00+00:00,11389.5,11389.5,11388.9,11388.9,11390.1,11390.1,11389.5,11389.5,17.0
2026-09-25T17:48:00+00:00,11389.0,11390.3,11389.0,11390.0,11389.6,11390.9,11389.6,11390.6,17.0
2026-09-25T17:49:00+00:00,11390.1,11391.2,11389.9,11390.0,11390.7,11391.8,11390.5,11390.6,25.0
2026-09-25T17:50:00+00:00,11389.9,11390.2,11389.4,11389.9,11390.5,11390.8,11390.0,11390.5,12.0
2026-09-25T17:51:00+00:00,11389.8,11389.9,11389.4,11389.9,11390.4,11390.5,11390.0,11390.5,8.0
2026-09-25T17:52:00+00:00,11390.0,11390.5,11389.7,11390.4,11390.6,11391.1,11390.3,11391.0,13.0
2026-09-25T17:53:00+00:00,11390.5,11391.5,11390.5,11391.4,11391.1,11392.1,11391.1,11392.0,23.0
2026-09-25T17:54:00+00:00,11391.0,11391.3,11390.8,11391.3,11391.6,11391.9,11391.4,11391.9,11.0
2026-09-25T17:55:00+00:00,11391.4,11392.0,11391.4,11391.5,11392.0,11392.6,11392.0,11392.1,9.0
2026-09-25T17:56:00+00:00,11391.6,11391.7,11391.4,11391.5,11392.2,11392.3,11392.0,11392.1,17.0
2026-09-25T17:57:00+00:00,11391.4,11391.4,11389.6,11389.8,11392.0,11392.0,11390.2,11390.4,23.0
2026-09-25T17:58:00+00:00,11389.7,11390.8,11389.6,11390.7,11390.3,11391.4,11390.2,11391.3,25.0
2026-09-25T17:59:00+00:00,11390.8,11391.0,11390.6,11391.0,11391.4,11391.6,11391.2,11391.6,17.0
2026-09-25T18:00:00+00:00,11391.1,11391.5,11390.8,11391.5,11391.7,11392.1,11391.4,11392.1,28.0
2026-09-25T18:01:00+00:00,11391.6,11391.7,11390.9,11390.9,11392.2,11392.3,11391.5,11391.5,16.0
2026-09-25T18:02:00+00:00,11390.8,11391.8,11390.7,11391.5,11391.4,11392.4,11391.3,11392.1,15.0
2026-09-25T18:03:00+00:00,11391.4,11391.4,11390.9,11391.3,11392.0,11392.0,11391.5,11391.9,13.0
2026-09-25T18:04:00+00:00,11391.4,11391.4,11390.5,11390.5,11392.0,11392.0,11391.1,11391.1,18.0
2026-09-25T18:05:00+00:00,11390.6,11391.3,11390.1,11390.1,11391.2,11391.9,11390.7,11390.7,13.0
2026-09-25T18:06:00+00:00,11390.0,11390.1,11389.9,11390.0,11390.6,11390.7,11390.5,11390.6,7.0
2026-09-25T18:07:00+00:00,11390.1,11390.4,11390.1,11390.4,11390.7,11391.0,11390.7,11391.0,3.0
2026-09-25T18:08:00+00:00,11390.5,11391.3,11390.5,11391.3,11391.1,11391.9,11391.1,11391.9,16.0
2026-09-25T18:09:00+00:00,11391.4,11391.9,11391.4,11391.4,11392.0,11392.5,11392.0,11392.0,16.0
2026-09-25T18:10:00+00:00,11391.3,11391.6,11391.3,11391.5,11391.9,11392.2,11391.9,11392.1,7.0
2026-09-25T18:11:00+00:00,11391.2,11391.5,11390.9,11391.5,11391.8,11392.1,11391.5,11392.1,19.0
2026-09-25T18:12:00+00:00,11391.6,11391.6,11391.3,11391.3,11392.2,11392.2,11391.9,11391.9,9.0
2026-09-25T18:13:00+00:00,11391.4,11392.0,11391.4,11391.8,11392.0,11392.6,11392.0,11392.4,12.0
2026-09-25T18:14:00+00:00,11391.9,11392.0,11391.4,11392.0,11392.5,11392.6,11392.0,11392.6,17.0
2026-09-25T18:15:00+00:00,11391.9,11392.6,11391.9,11392.1,11392.5,11393.2,11392.5,11392.7,14.0
2026-09-25T18:16:00+00:00,11392.2,11392.6,11392.2,11392.2,11392.8,11393.2,11392.8,11392.8,11.0
2026-09-25T18:17:00+00:00,11392.1,11392.3,11391.7,11392.0,11392.7,11392.9,11392.3,11392.6,15.0
2026-09-25T18:18:00+00:00,11391.9,11392.3,11391.9,11392.0,11392.5,11392.9,11392.5,11392.6,12.0
2026-09-25T18:19:00+00:00,11391.9,11392.4,11391.4,11392.4,11392.5,11393.0,11392.0,11393.0,24.0
2026-09-25T18:20:00+00:00,11392.0,11392.4,11391.8,11392.0,11392.6,11393.0,11392.4,11392.6,15.0
2026-09-25T18:21:00+00:00,11392.1,11392.4,11392.0,11392.0,11392.7,11393.0,11392.6,11392.6,18.0
2026-09-25T18:22:00+00:00,11392.1,11392.5,11392.1,11392.5,11392.7,11393.1,11392.7,11393.1,29.0
2026-09-25T18:23:00+00:00,11392.1,11392.3,11392.1,11392.2,11392.7,11392.9,11392.7,11392.8,6.0
2026-09-25T18:24:00+00:00,11392.3,11393.3,11392.3,11393.3,11392.9,11393.9,11392.9,11393.9,23.0
2026-09-25T18:25:00+00:00,11393.4,11394.5,11393.4,11394.5,11394.0,11395.1,11394.0,11395.1,16.0
2026-09-25T18:26:00+00:00,11394.6,11395.0,11392.4,11393.3,11395.2,11395.6,11393.0,11393.9,75.0
2026-09-25T18:27:00+00:00,11393.4,11393.6,11391.6,11392.4,11394.0,11394.2,11392.2,11393.0,59.0
2026-09-25T18:28:00+00:00,11392.5,11393.6,11391.7,11393.6,11393.1,11394.2,11392.3,11394.2,47.0
2026-09-25T18:29:00+00:00,11393.5,11394.2,11393.5,11394.2,11394.1,11394.8,11394.1,11394.8,24.0
2026-09-25T18:30:00+00:00,11394.3,11395.4,11394.3,11395.3,11394.9,11396.0,11394.9,11395.9,21.0
2026-09-25T18:31:00+00:00,11395.4,11396.2,11395.1,11395.6,11396.0,11396.8,11395.7,11396.2,25.0
2026-09-25T18:32:00+00:00,11395.7,11396.5,11395.7,11396.2,11396.3,11397.1,11396.3,11396.8,24.0
2026-09-25T18:33:00+00:00,11396.4,11397.1,11396.1,11396.6,11397.0,11397.7,11396.7,11397.2,36.0
2026-09-25T18:34:00+00:00,11396.5,11397.7,11396.2,11397.6,11397.1,11398.3,11396.8,11398.2,19.0
2026-09-25T18:35:00+00:00,11397.7,11399.1,11397.7,11399.0,11398.3,11399.7,11398.3,11399.6,14.0
2026-09-25T18:36:00+00:00,11399.2,11399.4,11399.0,11399.2,11399.8,11400.0,11399.6,11399.8,9.0
2026-09-25T18:37:00+00:00,11399.1,11399.1,11397.4,11397.5,11399.7,11399.7,11398.0,11398.1,21.0
2026-09-25T18:38:00+00:00,11397.6,11398.0,11397.5,11397.8,11398.2,11398.6,11398.1,11398.4,10.0
2026-09-25T18:39:00+00:00,11397.7,11397.8,11396.9,11397.0,11398.3,11398.4,11397.5,11397.6,12.0
2026-09-25T18:40:00+00:00,11396.9,11397.1,11396.6,11397.1,11397.5,11397.7,11397.2,11397.7,9.0
2026-09-25T18:41:00+00:00,11396.9,11397.1,11395.6,11397.0,11397.5,11397.7,11396.2,11397.6,20.0
2026-09-25T18:42:00+00:00,11396.7,11398.4,11396.7,11397.9,11397.3,11399.0,11397.3,11398.5,23.0
2026-09-25T18:43:00+00:00,11398.0,11398.7,11398.0,11398.7,11398.6,11399.3,11398.6,11399.3,8.0
2026-09-25T18:44:00+00:00,11398.6,11398.6,11397.7,11398.3,11399.2,11399.2,11398.3,11398.9,23.0
2026-09-25T18:45:00+00:00,11398.2,11398.5,11398.1,11398.2,11398.8,11399.1,11398.7,11398.8,10.0
2026-09-25T18:46:00+00:00,11398.3,11398.8,11398.2,11398.7,11398.9,11399.4,11398.8,11399.3,14.0
2026-09-25T18:48:00+00:00,11399.1,11400.0,11399.1,11399.8,11399.7,11400.6,11399.7,11400.4,13.0
2026-09-25T18:49:00+00:00,11399.7,11400.0,11399.5,11399.7,11400.3,11400.6,11400.1,11400.3,23.0
2026-09-25T18:50:00+00:00,11399.6,11399.8,11399.6,11399.7,11400.2,11400.4,11400.2,11400.3,10.0
2026-09-25T18:51:00+00:00,11400.0,11400.3,11399.7,11400.2,11400.6,11400.9,11400.3,11400.8,16.0
2026-09-25T18:52:00+00:00,11400.1,11400.4,11399.9,11400.4,11400.7,11401.0,11400.5,11401.0,11.0
2026-09-25T18:53:00+00:00,11400.3,11400.5,11399.7,11399.8,11400.9,11401.1,11400.3,11400.4,13.0
2026-09-25T18:54:00+00:00,11399.7,11399.7,11398.8,11399.2,11400.3,11400.3,11399.4,11399.8,31.0
2026-09-25T18:55:00+00:00,11399.3,11399.8,11399.3,11399.4,11399.9,11400.4,11399.9,11400.0,14.0
2026-09-25T18:56:00+00:00,11399.5,11399.9,11399.4,11399.5,11400.1,11400.5,11400.0,11400.1,13.0
2026-09-25T18:57:00+00:00,11399.3,11399.6,11398.8,11399.3,11399.9,11400.2,11399.4,11399.9,28.0
2026-09-25T18:58:00+00:00,11399.2,11399.5,11399.0,11399.4,11399.8,11400.1,11399.6,11400.0,6.0
2026-09-25T18:59:00+00:00,11399.0,11399.0,11398.0,11399.0,11399.6,11399.6,11398.6,11399.6,18.0
2026-09-25T19:00:00+00:00,11399.1,11399.8,11398.7,11398.8,11399.7,11400.4,11399.3,11399.4,38.0
2026-09-25T19:01:00+00:00,11399.1,11400.3,11398.7,11399.0,11399.7,11400.9,11399.3,11399.6,36.0
2026-09-25T19:02:00+00:00,11399.1,11399.2,11397.3,11397.8,11399.7,11399.8,11397.9,11398.4,32.0
2026-09-25T19:03:00+00:00,11397.7,11397.8,11396.8,11397.3,11398.3,11398.4,11397.4,11397.9,20.0
2026-09-25T19:04:00+00:00,11397.2,11397.2,11396.4,11396.9,11397.8,11397.8,11397.0,11397.5,13.0
2026-09-25T19:05:00+00:00,11396.8,11397.9,11396.1,11397.9,11397.4,11398.5,11396.7,11398.5,20.0
2026-09-25T19:06:00+00:00,11398.0,11398.7,11397.8,11398.3,11398.6,11399.3,11398.4,11398.9,26.0
2026-09-25T19:07:00+00:00,11398.4,11399.4,11398.3,11399.2,11399.0,11400.0,11398.9,11399.8,15.0
2026-09-25T19:08:00+00:00,11399.1,11399.7,11399.1,11399.1,11399.7,11400.3,11399.7,11399.7,16.0
2026-09-25T19:09:00+00:00,11399.0,11399.5,11398.9,11399.5,11399.6,11400.1,11399.5,11400.1,10.0
2026-09-25T19:10:00+00:00,11399.3,11399.6,11398.8,11399.1,11399.9,11400.2,11399.4,11399.7,16.0
2026-09-25T19:11:00+00:00,11399.0,11399.1,11398.1,11398.4,11399.6,11399.7,11398.7,11399.0,14.0
2026-09-25T19:12:00+00:00,11398.2,11398.6,11398.0,11398.6,11398.8,11399.2,11398.6,11399.2,9.0
2026-09-25T19:13:00+00:00,11398.5,11398.8,11398.0,11398.8,11399.1,11399.4,11398.6,11399.4,17.0
2026-09-25T19:14:00+00:00,11398.9,11399.8,11398.9,11399.8,11399.5,11400.4,11399.5,11400.4,20.0
2026-09-25T19:15:00+00:00,11399.9,11399.9,11399.4,11399.8,11400.5,11400.5,11400.0,11400.4,14.0
2026-09-25T19:16:00+00:00,11399.7,11400.1,11399.3,11399.3,11400.3,11400.7,11399.9,11399.9,18.0
2026-09-25T19:17:00+00:00,11398.9,11399.6,11398.9,11399.6,11399.5,11400.2,11399.5,11400.2,13.0
2026-09-25T19:18:00+00:00,11399.7,11399.7,11399.6,11399.6,11400.3,11400.3,11400.2,11400.2,4.0
2026-09-25T19:19:00+00:00,11399.7,11399.7,11398.9,11398.9,11400.3,11400.3,11399.5,11399.5,12.0
2026-09-25T19:20:00+00:00,11399.0,11399.1,11398.6,11398.8,11399.6,11399.7,11399.2,11399.4,15.0
2026-09-25T19:21:00+00:00,11398.7,11399.1,11398.6,11399.1,11399.3,11399.7,11399.2,11399.7,17.0
2026-09-25T19:22:00+00:00,11398.9,11399.1,11398.0,11398.1,11399.5,11399.7,11398.6,11398.7,20.0
2026-09-25T19:23:00+00:00,11398.2,11399.0,11398.2,11399.0,11398.8,11399.6,11398.8,11399.6,11.0
2026-09-25T19:24:00+00:00,11399.1,11399.6,11399.1,11399.2,11399.7,11400.2,11399.7,11399.8,13.0
2026-09-25T19:25:00+00:00,11399.0,11399.4,11398.3,11398.4,11399.6,11400.0,11398.9,11399.0,18.0
2026-09-25T19:26:00+00:00,11398.0,11398.1,11397.6,11397.9,11398.6,11398.7,11398.2,11398.5,17.0
2026-09-25T19:27:00+00:00,11398.0,11398.5,11398.0,11398.1,11398.6,11399.1,11398.6,11398.7,13.0
2026-09-25T19:28:00+00:00,11398.2,11398.7,11397.9,11397.9,11398.8,11399.3,11398.5,11398.5,22.0
2026-09-25T19:29:00+00:00,11397.8,11397.8,11397.5,11397.6,11398.4,11398.4,11398.1,11398.2,7.0
2026-09-25T19:30:00+00:00,11397.5,11397.9,11397.0,11397.7,11398.1,11398.5,11397.6,11398.3,25.0
2026-09-25T19:31:00+00:00,11397.6,11397.6,11396.6,11397.2,11398.2,11398.2,11397.2,11397.8,22.0
2026-09-25T19:32:00+00:00,11397.1,11397.6,11397.1,11397.6,11397.7,11398.2,11397.7,11398.2,12.0
2026-09-25T19:33:00+00:00,11397.7,11398.0,11397.7,11397.7,11398.3,11398.6,11398.3,11398.3,9.0
2026-09-25T19:34:00+00:00,11397.6,11398.0,11397.5,11397.8,11398.2,11398.6,11398.1,11398.4,12.0
2026-09-25T19:35:00+00:00,11397.9,11398.4,11397.9,11398.4,11398.5,11399.0,11398.5,11399.0,18.0
2026-09-25T19:36:00+00:00,11398.5,11398.6,11398.4,11398.5,11399.1,11399.2,11399.0,11399.1,5.0
2026-09-25T19:37:00+00:00,11399.2,11400.6,11398.9,11400.4,11399.8,11401.2,11399.5,11401.0,47.0
2026-09-25T19:38:00+00:00,11400.0,11401.0,11399.6,11399.6,11400.6,11401.6,11400.2,11400.2,41.0
2026-09-25T19:39:00+00:00,11399.7,11399.8,11399.2,11399.2,11400.3,11400.4,11399.8,11399.8,10.0
2026-09-25T19:40:00+00:00,11398.9,11399.2,11398.3,11398.4,11399.5,11399.8,11398.9,11399.0,20.0
2026-09-25T19:41:00+00:00,11398.5,11398.5,11397.8,11397.8,11399.1,11399.1,11398.4,11398.4,17.0
2026-09-25T19:42:00+00:00,11397.4,11397.8,11397.2,11397.4,11398.0,11398.4,11397.8,11398.0,18.0
2026-09-25T19:43:00+00:00,11397.3,11397.4,11397.2,11397.2,11397.9,11398.0,11397.8,11397.8,4.0
2026-09-25T19:44:00+00:00,11397.3,11397.3,11397.2,11397.2,11397.9,11397.9,11397.8,11397.8,2.0
2026-09-25T19:45:00+00:00,11397.4,11398.2,11397.2,11397.7,11398.0,11398.8,11397.8,11398.3,35.0
2026-09-25T19:46:00+00:00,11397.2,11397.7,11397.1,11397.7,11397.8,11398.3,11397.7,11398.3,6.0
2026-09-25T19:47:00+00:00,11397.8,11398.1,11397.4,11397.7,11398.4,11398.7,11398.0,11398.3,15.0
2026-09-25T19:48:00+00:00,11397.6,11397.8,11397.6,11397.7,11398.2,11398.4,11398.2,11398.3,8.0
2026-09-25T19:49:00+00:00,11397.8,11397.8,11397.6,11397.7,11398.4,11398.4,11398.2,11398.3,4.0
2026-09-25T19:50:00+00:00,11397.8,11397.8,11397.1,11397.8,11398.4,11398.4,11397.7,11398.4,13.0
2026-09-25T19:51:00+00:00,11397.5,11397.5,11397.1,11397.1,11398.1,11398.1,11397.7,11397.7,10.0
2026-09-25T19:52:00+00:00,11397.0,11397.2,11396.7,11397.2,11397.6,11397.8,11397.3,11397.8,10.0
2026-09-25T19:53:00+00:00,11397.1,11397.1,11396.3,11396.7,11397.7,11397.7,11396.9,11397.3,17.0
2026-09-25T19:54:00+00:00,11396.6,11396.7,11396.5,11396.6,11397.2,11397.3,11397.1,11397.2,5.0
2026-09-25T19:55:00+00:00,11396.5,11396.5,11395.6,11396.2,11397.1,11397.1,11396.2,11396.8,20.0
2026-09-25T19:56:00+00:00,11396.3,11396.3,11395.5,11395.5,11396.9,11396.9,11396.1,11396.1,8.0
2026-09-25T19:57:00+00:00,11395.6,11396.0,11395.5,11395.6,11396.2,11396.6,11396.1,11396.2,10.0
2026-09-25T19:58:00+00:00,11395.5,11395.7,11395.0,11395.3,11396.1,11396.3,11395.6,11395.9,14.0
2026-09-25T19:59:00+00:00,11395.4,11395.5,11394.7,11394.7,11396.0,11396.1,11395.3,11395.3,23.0
2026-09-25T20:00:00+00:00,11394.4,11395.9,11394.4,11395.8,11395.4,11396.8,11395.4,11396.7,30.0
2026-09-25T20:01:00+00:00,11396.0,11396.0,11395.8,11395.9,11396.9,11396.9,11396.4,11396.8,20.0
2026-09-25T20:02:00+00:00,11395.8,11396.2,11395.4,11395.9,11396.7,11397.1,11396.1,11396.8,33.0
2026-09-25T20:03:00+00:00,11395.8,11396.9,11395.8,11396.6,11396.7,11397.8,11396.7,11397.5,35.0
2026-09-25T20:04:00+00:00,11396.8,11397.1,11396.2,11396.2,11397.7,11398.0,11397.1,11397.1,25.0
2026-09-25T20:05:00+00:00,11396.1,11396.1,11395.1,11395.1,11397.0,11397.0,11396.0,11396.0,31.0
2026-09-25T20:06:00+00:00,11395.2,11395.6,11395.1,11395.5,11396.1,11396.5,11396.0,11396.4,12.0
2026-09-25T20:07:00+00:00,11395.6,11395.6,11395.1,11395.2,11396.5,11396.5,11396.0,11396.1,14.0
2026-09-25T20:08:00+00:00,11395.1,11395.1,11394.6,11394.7,11396.0,11396.0,11395.5,11395.6,12.0
2026-09-25T20:09:00+00:00,11394.6,11394.7,11392.8,11392.8,11395.5,11395.6,11393.7,11393.7,25.0
2026-09-25T20:10:00+00:00,11393.6,11393.8,11393.3,11393.3,11394.5,11394.7,11394.2,11394.2,23.0
2026-09-25T20:11:00+00:00,11393.4,11394.0,11393.2,11394.0,11394.3,11394.9,11394.1,11394.9,24.0
2026-09-25T20:12:00+00:00,11394.1,11394.1,11393.6,11393.6,11395.0,11395.0,11394.5,11394.5,12.0
2026-09-25T20:13:00+00:00,11393.5,11393.7,11393.4,11393.4,11394.4,11394.6,11394.3,11394.3,16.0
2026-09-25T20:14:00+00:00,11393.5,11393.6,11393.4,11393.5,11394.4,11394.5,11394.3,11394.4,7.0
2026-09-25T20:15:00+00:00,11393.4,11393.5,11393.3,11393.5,11394.3,11394.4,11394.2,11394.4,12.0
2026-09-25T20:16:00+00:00,11393.4,11393.7,11393.3,11393.6,11394.3,11394.6,11394.2,11394.5,8.0
2026-09-25T20:17:00+00:00,11393.5,11393.6,11393.3,11393.4,11394.4,11394.5,11394.2,11394.3,12.0
2026-09-25T20:18:00+00:00,11393.5,11394.1,11393.5,11394.0,11394.4,11395.0,11394.4,11394.9,19.0
2026-09-25T20:19:00+00:00,11394.1,11394.1,11393.6,11393.8,11395.0,11395.0,11394.5,11394.7,17.0
2026-09-25T20:20:00+00:00,11393.7,11394.4,11393.7,11394.3,11394.6,11395.3,11394.6,11395.2,11.0
2026-09-25T20:21:00+00:00,11394.2,11394.4,11393.8,11394.2,11395.1,11395.3,11394.7,11395.1,15.0
2026-09-25T20:22:00+00:00,11394.1,11394.1,11393.4,11393.5,11395.0,11395.0,11394.3,11394.4,12.0
2026-09-25T20:23:00+00:00,11393.3,11393.4,11393.3,11393.3,11394.2,11394.3,11394.2,11394.2,5.0
2026-09-25T20:24:00+00:00,11393.4,11394.0,11393.1,11393.7,11394.3,11394.9,11394.0,11394.6,18.0
2026-09-25T20:25:00+00:00,11393.6,11393.9,11393.4,11393.6,11394.5,11394.8,11394.3,11394.5,20.0
2026-09-25T20:26:00+00:00,11393.5,11393.5,11393.0,11393.1,11394.4,11394.4,11393.9,11394.0,18.0
2026-09-25T20:27:00+00:00,11393.0,11393.2,11392.6,11392.6,11393.9,11394.1,11393.5,11393.5,11.0
2026-09-25T20:28:00+00:00,11392.5,11392.9,11392.1,11392.5,11393.4,11393.8,11393.0,11393.4,24.0
2026-09-25T20:29:00+00:00,11392.4,11392.4,11391.7,11392.0,11393.3,11393.3,11392.6,11392.9,23.0
2026-09-25T20:30:00+00:00,11392.1,11393.1,11391.7,11392.6,11393.0,11394.0,11392.6,11393.5,27.0
2026-09-25T20:31:00+00:00,11392.5,11392.8,11392.3,11392.7,11393.4,11393.7,11393.2,11393.6,25.0
2026-09-25T20:32:00+00:00,11392.6,11392.8,11392.6,11392.8,11393.5,11393.7,11393.5,11393.7,4.0
2026-09-25T20:33:00+00:00,11392.9,11394.2,11392.9,11394.0,11393.8,11395.1,11393.8,11394.9,17.0
2026-09-25T20:34:00+00:00,11393.9,11394.8,11393.7,11394.7,11394.8,11395.7,11394.6,11395.6,23.0
2026-09-25T20:35:00+00:00,11394.6,11394.8,11394.3,11394.4,11395.5,11395.7,11395.2,11395.3,14.0
2026-09-25T20:36:00+00:00,11394.3,11394.8,11394.3,11394.8,11395.2,11395.7,11395.2,11395.7,15.0
2026-09-25T20:37:00+00:00,11394.7,11395.1,11394.6,11394.9,11395.6,11396.0,11395.5,11395.8,16.0
2026-09-25T20:38:00+00:00,11394.8,11394.8,11394.5,11394.5,11395.7,11395.7,11395.4,11395.4,17.0
2026-09-25T20:39:00+00:00,11394.6,11394.6,11394.4,11394.5,11395.5,11395.5,11395.3,11395.4,10.0
2026-09-25T20:40:00+00:00,11394.4,11394.4,11394.0,11394.1,11395.3,11395.3,11394.9,11395.0,9.0
2026-09-25T20:41:00+00:00,11394.0,11394.4,11393.6,11394.4,11394.9,11395.3,11394.5,11395.3,11.0
2026-09-25T20:42:00+00:00,11394.3,11394.3,11393.8,11394.0,11395.2,11395.2,11394.7,11394.9,27.0
2026-09-25T20:43:00+00:00,11394.1,11394.1,11392.8,11392.8,11395.0,11395.0,11393.7,11393.7,31.0
2026-09-25T20:44:00+00:00,11392.9,11393.2,11392.8,11392.9,11393.8,11394.1,11393.7,11393.8,11.0
2026-09-25T20:45:00+00:00,11393.0,11393.2,11392.4,11392.6,11393.9,11394.1,11393.3,11393.5,37.0
2026-09-25T20:46:00+00:00,11392.5,11392.7,11392.3,11392.6,11393.4,11393.6,11393.2,11393.5,31.0
2026-09-25T20:47:00+00:00,11392.7,11392.7,11392.5,11392.5,11393.6,11393.6,11393.4,11393.4,7.0
2026-09-25T20:48:00+00:00,11392.6,11392.7,11392.0,11392.7,11393.5,11393.6,11392.9,11393.6,25.0
2026-09-25T20:49:00+00:00,11392.6,11392.9,11391.7,11391.8,11393.5,11393.8,11392.6,11392.7,31.0
2026-09-25T20:50:00+00:00,11391.7,11391.8,11391.3,11391.8,11392.6,11392.7,11392.2,11392.7,28.0
2026-09-25T20:51:00+00:00,11391.9,11391.9,11391.6,11391.7,11392.8,11392.8,11392.5,11392.6,12.0
2026-09-25T20:52:00+00:00,11391.6,11392.0,11391.6,11391.8,11392.5,11392.9,11392.5,11392.7,10.0
2026-09-25T20:53:00+00:00,11391.7,11391.8,11391.3,11391.4,11392.6,11392.7,11392.2,11392.3,28.0
2026-09-25T20:54:00+00:00,11391.3,11391.4,11391.3,11391.3,11392.2,11392.3,11392.2,11392.2,3.0
2026-09-25T20:55:00+00:00,11390.9,11391.9,11390.7,11391.4,11392.4,11393.4,11392.2,11392.9,58.0
2026-09-25T20:56:00+00:00,11391.3,11391.5,11390.1,11390.3,11392.8,11393.0,11391.6,11391.8,51.0
2026-09-25T20:57:00+00:00,11389.7,11390.7,11389.5,11390.1,11391.2,11392.2,11391.0,11391.6,55.0
2026-09-25T20:58:00+00:00,11390.3,11390.3,11389.9,11390.3,11391.8,11391.8,11391.4,11391.8,25.0
